id,league_name,season,home_team,away_team,home_goals,away_goals
1,Premier League,1993/1994,Arsenal,Coventry,0,3
2,Premier League,1993/1994,Aston Villa,QPR,4,1
3,Premier League,1993/1994,Chelsea,Blackburn,1,2
4,Premier League,1993/1994,Liverpool,Sheffield Weds,2,0
5,Premier League,1993/1994,Man City,Leeds,1,1
6,Premier League,1993/1994,Newcastle,Tottenham,0,1
7,Premier League,1993/1994,Oldham,Ipswich,0,3
8,Premier League,1993/1994,Sheffield United,Swindon,3,1
9,Premier League,1993/1994,Southampton,Everton,0,2
10,Premier League,1993/1994,West Ham,Wimbledon,0,2
11,Premier League,1993/1994,Norwich,Man United,0,2
12,Premier League,1993/1994,Tottenham,Arsenal,0,1
13,Premier League,1993/1994,Everton,Man City,1,0
14,Premier League,1993/1994,Ipswich,Southampton,1,0
15,Premier League,1993/1994,Leeds,West Ham,1,0
16,Premier League,1993/1994,Wimbledon,Chelsea,1,1
17,Premier League,1993/1994,Blackburn,Norwich,2,3
18,Premier League,1993/1994,Coventry,Newcastle,2,1
19,Premier League,1993/1994,Man United,Sheffield United,3,0
20,Premier League,1993/1994,QPR,Liverpool,1,3
21,Premier League,1993/1994,Sheffield Weds,Aston Villa,0,0
22,Premier League,1993/1994,Swindon,Oldham,0,1
23,Premier League,1993/1994,Blackburn,Oldham,1,0
24,Premier League,1993/1994,Coventry,West Ham,1,1
25,Premier League,1993/1994,Everton,Sheffield United,4,2
26,Premier League,1993/1994,Ipswich,Chelsea,1,0
27,Premier League,1993/1994,Leeds,Norwich,0,4
28,Premier League,1993/1994,Man United,Newcastle,1,1
29,Premier League,1993/1994,QPR,Southampton,2,1
30,Premier League,1993/1994,Sheffield Weds,Arsenal,0,1
31,Premier League,1993/1994,Tottenham,Man City,1,0
32,Premier League,1993/1994,Wimbledon,Aston Villa,2,2
33,Premier League,1993/1994,Swindon,Liverpool,0,5
34,Premier League,1993/1994,Aston Villa,Man United,1,2
35,Premier League,1993/1994,Arsenal,Leeds,2,1
36,Premier League,1993/1994,Man City,Blackburn,0,2
37,Premier League,1993/1994,Oldham,Coventry,3,3
38,Premier League,1993/1994,Sheffield United,Wimbledon,2,1
39,Premier League,1993/1994,Chelsea,QPR,2,0
40,Premier League,1993/1994,Liverpool,Tottenham,1,2
41,Premier League,1993/1994,Newcastle,Everton,1,0
42,Premier League,1993/1994,Norwich,Ipswich,1,0
43,Premier League,1993/1994,Southampton,Swindon,5,1
44,Premier League,1993/1994,West Ham,Sheffield Weds,2,0
45,Premier League,1993/1994,Man City,Coventry,1,1
46,Premier League,1993/1994,Arsenal,Everton,2,0
47,Premier League,1993/1994,Aston Villa,Tottenham,1,0
48,Premier League,1993/1994,Chelsea,Sheffield Weds,1,1
49,Premier League,1993/1994,Liverpool,Leeds,2,0
50,Premier League,1993/1994,Norwich,Swindon,0,0
51,Premier League,1993/1994,Oldham,Wimbledon,1,1
52,Premier League,1993/1994,Sheffield United,Ipswich,1,1
53,Premier League,1993/1994,Southampton,Man United,1,3
54,Premier League,1993/1994,West Ham,QPR,0,4
55,Premier League,1993/1994,Newcastle,Blackburn,1,1
56,Premier League,1993/1994,Leeds,Oldham,1,0
57,Premier League,1993/1994,Everton,Aston Villa,0,1
58,Premier League,1993/1994,Ipswich,Newcastle,1,1
59,Premier League,1993/1994,Wimbledon,Southampton,1,0
60,Premier League,1993/1994,Blackburn,Arsenal,1,1
61,Premier League,1993/1994,Coventry,Liverpool,1,0
62,Premier League,1993/1994,Man United,West Ham,3,0
63,Premier League,1993/1994,QPR,Sheffield United,2,1
64,Premier League,1993/1994,Sheffield Weds,Norwich,3,3
65,Premier League,1993/1994,Swindon,Man City,1,3
66,Premier League,1993/1994,Tottenham,Chelsea,1,1
67,Premier League,1993/1994,Arsenal,Ipswich,4,0
68,Premier League,1993/1994,Aston Villa,Coventry,0,0
69,Premier League,1993/1994,Chelsea,Man United,1,0
70,Premier League,1993/1994,Man City,QPR,3,0
71,Premier League,1993/1994,Norwich,Wimbledon,0,1
72,Premier League,1993/1994,Oldham,Everton,0,1
73,Premier League,1993/1994,Sheffield United,Tottenham,2,2
74,Premier League,1993/1994,Southampton,Leeds,0,2
75,Premier League,1993/1994,West Ham,Swindon,0,0
76,Premier League,1993/1994,Liverpool,Blackburn,0,1
77,Premier League,1993/1994,Newcastle,Sheffield Weds,4,2
78,Premier League,1993/1994,Blackburn,West Ham,0,2
79,Premier League,1993/1994,Coventry,Chelsea,1,1
80,Premier League,1993/1994,Everton,Liverpool,2,0
81,Premier League,1993/1994,Ipswich,Aston Villa,1,2
82,Premier League,1993/1994,Leeds,Sheffield United,2,1
83,Premier League,1993/1994,QPR,Norwich,2,2
84,Premier League,1993/1994,Sheffield Weds,Southampton,2,0
85,Premier League,1993/1994,Swindon,Newcastle,2,2
86,Premier League,1993/1994,Tottenham,Oldham,5,0
87,Premier League,1993/1994,Man United,Arsenal,1,0
88,Premier League,1993/1994,Wimbledon,Man City,1,0
89,Premier League,1993/1994,Arsenal,Southampton,1,0
90,Premier League,1993/1994,Blackburn,Sheffield Weds,1,1
91,Premier League,1993/1994,Chelsea,Liverpool,1,0
92,Premier League,1993/1994,Coventry,Leeds,0,2
93,Premier League,1993/1994,Everton,Norwich,1,5
94,Premier League,1993/1994,Man United,Swindon,4,2
95,Premier League,1993/1994,Newcastle,West Ham,2,0
96,Premier League,1993/1994,Oldham,Aston Villa,1,1
97,Premier League,1993/1994,Sheffield United,Man City,0,1
98,Premier League,1993/1994,Ipswich,Tottenham,2,2
99,Premier League,1993/1994,Wimbledon,QPR,1,1
100,Premier League,1993/1994,Aston Villa,Newcastle,0,2
101,Premier League,1993/1994,Leeds,Wimbledon,4,0
102,Premier League,1993/1994,Liverpool,Arsenal,0,0
103,Premier League,1993/1994,Norwich,Coventry,1,0
104,Premier League,1993/1994,QPR,Ipswich,3,0
105,Premier League,1993/1994,Sheffield Weds,Man United,2,3
106,Premier League,1993/1994,Southampton,Sheffield United,3,3
107,Premier League,1993/1994,Swindon,Blackburn,1,3
108,Premier League,1993/1994,West Ham,Chelsea,1,0
109,Premier League,1993/1994,Tottenham,Everton,3,2
110,Premier League,1993/1994,Man City,Oldham,1,1
111,Premier League,1993/1994,Arsenal,Man City,0,0
112,Premier League,1993/1994,Chelsea,Norwich,1,2
113,Premier League,1993/1994,Coventry,Southampton,1,1
114,Premier League,1993/1994,Liverpool,Oldham,2,1
115,Premier League,1993/1994,Man United,Tottenham,2,1
116,Premier League,1993/1994,Newcastle,QPR,1,2
117,Premier League,1993/1994,Sheffield Weds,Wimbledon,2,2
118,Premier League,1993/1994,Swindon,Everton,1,1
119,Premier League,1993/1994,West Ham,Aston Villa,0,0
120,Premier League,1993/1994,Ipswich,Leeds,0,0
121,Premier League,1993/1994,Blackburn,Sheffield United,0,0
122,Premier League,1993/1994,Aston Villa,Chelsea,1,0
123,Premier League,1993/1994,Everton,Man United,0,1
124,Premier League,1993/1994,Leeds,Blackburn,3,3
125,Premier League,1993/1994,Man City,Liverpool,1,1
126,Premier League,1993/1994,Norwich,West Ham,0,0
127,Premier League,1993/1994,Oldham,Arsenal,0,0
128,Premier League,1993/1994,QPR,Coventry,5,1
129,Premier League,1993/1994,Sheffield United,Sheffield Weds,1,1
130,Premier League,1993/1994,Tottenham,Swindon,1,1
131,Premier League,1993/1994,Southampton,Newcastle,2,1
132,Premier League,1993/1994,Wimbledon,Ipswich,0,2
133,Premier League,1993/1994,Arsenal,Norwich,0,0
134,Premier League,1993/1994,Blackburn,Tottenham,1,0
135,Premier League,1993/1994,Chelsea,Oldham,0,1
136,Premier League,1993/1994,Ipswich,Everton,0,2
137,Premier League,1993/1994,Liverpool,Southampton,4,2
138,Premier League,1993/1994,Man United,QPR,2,1
139,Premier League,1993/1994,Newcastle,Wimbledon,4,0
140,Premier League,1993/1994,Sheffield Weds,Leeds,3,3
141,Premier League,1993/1994,Swindon,Aston Villa,1,2
142,Premier League,1993/1994,Coventry,Sheffield United,0,0
143,Premier League,1993/1994,West Ham,Man City,3,1
144,Premier League,1993/1994,Arsenal,Aston Villa,1,2
145,Premier League,1993/1994,Coventry,Everton,2,1
146,Premier League,1993/1994,Ipswich,Sheffield Weds,1,4
147,Premier League,1993/1994,Leeds,Chelsea,4,1
148,Premier League,1993/1994,Liverpool,West Ham,2,0
149,Premier League,1993/1994,QPR,Blackburn,1,0
150,Premier League,1993/1994,Sheffield United,Norwich,1,2
151,Premier League,1993/1994,Southampton,Tottenham,1,0
152,Premier League,1993/1994,Wimbledon,Swindon,3,0
153,Premier League,1993/1994,Man City,Man United,2,3
154,Premier League,1993/1994,Oldham,Newcastle,1,3
155,Premier League,1993/1994,Aston Villa,Sheffield United,1,0
156,Premier League,1993/1994,Blackburn,Southampton,2,0
157,Premier League,1993/1994,Chelsea,Arsenal,0,2
158,Premier League,1993/1994,Everton,QPR,0,3
159,Premier League,1993/1994,Man United,Wimbledon,3,1
160,Premier League,1993/1994,Norwich,Man City,1,1
161,Premier League,1993/1994,Sheffield Weds,Coventry,0,0
162,Premier League,1993/1994,Swindon,Ipswich,2,2
163,Premier League,1993/1994,Tottenham,Leeds,1,1
164,Premier League,1993/1994,West Ham,Oldham,2,0
165,Premier League,1993/1994,Newcastle,Liverpool,3,0
166,Premier League,1993/1994,Chelsea,Man City,0,0
167,Premier League,1993/1994,Blackburn,Coventry,2,1
168,Premier League,1993/1994,Everton,Leeds,1,1
169,Premier League,1993/1994,Aston Villa,Southampton,0,2
170,Premier League,1993/1994,Man United,Ipswich,0,0
171,Premier League,1993/1994,Newcastle,Sheffield United,4,0
172,Premier League,1993/1994,Sheffield Weds,Oldham,3,0
173,Premier League,1993/1994,Swindon,QPR,1,0
174,Premier League,1993/1994,Tottenham,Wimbledon,1,1
175,Premier League,1993/1994,West Ham,Arsenal,0,0
176,Premier League,1993/1994,Arsenal,Newcastle,2,1
177,Premier League,1993/1994,Coventry,Man United,0,1
178,Premier League,1993/1994,Ipswich,Blackburn,1,0
179,Premier League,1993/1994,Leeds,Swindon,3,0
180,Premier League,1993/1994,Man City,Sheffield Weds,1,3
181,Premier League,1993/1994,Oldham,Norwich,2,1
182,Premier League,1993/1994,QPR,Tottenham,1,1
183,Premier League,1993/1994,Sheffield United,Chelsea,1,0
184,Premier League,1993/1994,Wimbledon,Everton,1,1
185,Premier League,1993/1994,Liverpool,Aston Villa,2,1
186,Premier League,1993/1994,Southampton,West Ham,0,2
187,Premier League,1993/1994,Coventry,Arsenal,1,0
188,Premier League,1993/1994,Everton,Southampton,1,0
189,Premier League,1993/1994,Ipswich,Oldham,0,0
190,Premier League,1993/1994,Leeds,Man City,3,2
191,Premier League,1993/1994,Man United,Norwich,2,2
192,Premier League,1993/1994,QPR,Aston Villa,2,2
193,Premier League,1993/1994,Sheffield Weds,Liverpool,3,1
194,Premier League,1993/1994,Swindon,Sheffield United,0,0
195,Premier League,1993/1994,Tottenham,Newcastle,1,2
196,Premier League,1993/1994,Wimbledon,West Ham,1,2
197,Premier League,1993/1994,Blackburn,Chelsea,2,0
198,Premier League,1993/1994,Arsenal,Tottenham,1,1
199,Premier League,1993/1994,Oldham,Swindon,2,1
200,Premier League,1993/1994,Sheffield United,Man United,0,3
201,Premier League,1993/1994,Aston Villa,Sheffield Weds,2,2
202,Premier League,1993/1994,Liverpool,QPR,3,2
203,Premier League,1993/1994,Man City,Everton,1,0
204,Premier League,1993/1994,Southampton,Ipswich,0,1
205,Premier League,1993/1994,West Ham,Leeds,0,1
206,Premier League,1993/1994,Aston Villa,Wimbledon,0,1
207,Premier League,1993/1994,Chelsea,Ipswich,1,1
208,Premier League,1993/1994,Liverpool,Swindon,2,2
209,Premier League,1993/1994,Man City,Tottenham,0,2
210,Premier League,1993/1994,Newcastle,Man United,1,1
211,Premier League,1993/1994,Oldham,Blackburn,1,2
212,Premier League,1993/1994,Sheffield United,Everton,0,0
213,Premier League,1993/1994,Southampton,QPR,0,1
214,Premier League,1993/1994,West Ham,Coventry,3,2
215,Premier League,1993/1994,Arsenal,Sheffield Weds,1,0
216,Premier League,1993/1994,Norwich,Leeds,2,1
217,Premier League,1993/1994,Blackburn,Man City,2,0
218,Premier League,1993/1994,Coventry,Oldham,1,1
219,Premier League,1993/1994,Everton,Newcastle,0,2
220,Premier League,1993/1994,Ipswich,Norwich,2,1
221,Premier League,1993/1994,Leeds,Arsenal,2,1
222,Premier League,1993/1994,Sheffield Weds,West Ham,5,0
223,Premier League,1993/1994,Swindon,Southampton,2,1
224,Premier League,1993/1994,Tottenham,Liverpool,3,3
225,Premier League,1993/1994,Wimbledon,Sheffield United,2,0
226,Premier League,1993/1994,Man United,Aston Villa,3,1
227,Premier League,1993/1994,Newcastle,Leeds,1,1
228,Premier League,1993/1994,Man United,Blackburn,1,1
229,Premier League,1993/1994,Sheffield United,Liverpool,0,0
230,Premier League,1993/1994,Wimbledon,Coventry,1,2
231,Premier League,1993/1994,Everton,Sheffield Weds,0,2
232,Premier League,1993/1994,Ipswich,West Ham,1,1
233,Premier League,1993/1994,QPR,Oldham,2,0
234,Premier League,1993/1994,Southampton,Chelsea,3,1
235,Premier League,1993/1994,Swindon,Arsenal,0,4
236,Premier League,1993/1994,Tottenham,Norwich,1,3
237,Premier League,1993/1994,Chelsea,Newcastle,1,0
238,Premier League,1993/1994,Liverpool,Wimbledon,1,1
239,Premier League,1993/1994,Man City,Southampton,1,1
240,Premier League,1993/1994,West Ham,Tottenham,1,3
241,Premier League,1993/1994,Arsenal,Sheffield United,3,0
242,Premier League,1993/1994,Blackburn,Everton,2,0
243,Premier League,1993/1994,Leeds,QPR,1,1
244,Premier League,1993/1994,Norwich,Aston Villa,1,2
245,Premier League,1993/1994,Oldham,Man United,2,5
246,Premier League,1993/1994,Sheffield Weds,Swindon,3,3
247,Premier League,1993/1994,Aston Villa,Blackburn,0,1
248,Premier League,1993/1994,Everton,West Ham,0,1
249,Premier League,1993/1994,Ipswich,Liverpool,1,2
250,Premier League,1993/1994,Man United,Leeds,0,0
251,Premier League,1993/1994,Newcastle,Man City,2,0
252,Premier League,1993/1994,QPR,Sheffield Weds,1,2
253,Premier League,1993/1994,Sheffield United,Oldham,2,1
254,Premier League,1993/1994,Southampton,Norwich,0,1
255,Premier League,1993/1994,Swindon,Chelsea,1,3
256,Premier League,1993/1994,Tottenham,Coventry,1,2
257,Premier League,1993/1994,Wimbledon,Arsenal,0,3
258,Premier League,1993/1994,Arsenal,QPR,0,0
259,Premier League,1993/1994,Chelsea,Everton,4,2
260,Premier League,1993/1994,Coventry,Swindon,1,1
261,Premier League,1993/1994,Sheffield Weds,Tottenham,1,0
262,Premier League,1993/1994,West Ham,Sheffield United,0,0
263,Premier League,1993/1994,Liverpool,Man United,3,3
264,Premier League,1993/1994,Norwich,Newcastle,1,2
265,Premier League,1993/1994,Aston Villa,West Ham,3,1
266,Premier League,1993/1994,Everton,Swindon,6,2
267,Premier League,1993/1994,Leeds,Ipswich,0,0
268,Premier League,1993/1994,Man City,Arsenal,0,0
269,Premier League,1993/1994,Norwich,Chelsea,1,1
270,Premier League,1993/1994,Oldham,Liverpool,0,3
271,Premier League,1993/1994,Sheffield United,Blackburn,1,2
272,Premier League,1993/1994,Southampton,Coventry,1,0
273,Premier League,1993/1994,Tottenham,Man United,0,1
274,Premier League,1993/1994,Wimbledon,Sheffield Weds,2,1
275,Premier League,1993/1994,QPR,Newcastle,1,2
276,Premier League,1993/1994,Arsenal,Oldham,1,1
277,Premier League,1993/1994,Chelsea,Aston Villa,1,1
278,Premier League,1993/1994,Coventry,QPR,0,1
279,Premier League,1993/1994,Ipswich,Wimbledon,0,0
280,Premier League,1993/1994,Liverpool,Man City,2,1
281,Premier League,1993/1994,Man United,Everton,1,0
282,Premier League,1993/1994,Newcastle,Southampton,1,2
283,Premier League,1993/1994,Sheffield Weds,Sheffield United,3,1
284,Premier League,1993/1994,Swindon,Tottenham,2,1
285,Premier League,1993/1994,Blackburn,Leeds,2,1
286,Premier League,1993/1994,West Ham,Norwich,3,3
287,Premier League,1993/1994,Coventry,Ipswich,1,0
288,Premier League,1993/1994,Blackburn,Wimbledon,3,0
289,Premier League,1993/1994,Everton,Chelsea,4,2
290,Premier League,1993/1994,Man City,Ipswich,2,1
291,Premier League,1993/1994,Norwich,Liverpool,2,2
292,Premier League,1993/1994,Oldham,Southampton,2,1
293,Premier League,1993/1994,QPR,Man United,2,3
294,Premier League,1993/1994,Swindon,Coventry,3,1
295,Premier League,1993/1994,Tottenham,Sheffield Weds,1,3
296,Premier League,1993/1994,Aston Villa,Leeds,1,0
297,Premier League,1993/1994,Aston Villa,Swindon,5,0
298,Premier League,1993/1994,Everton,Ipswich,0,0
299,Premier League,1993/1994,Man City,West Ham,0,0
300,Premier League,1993/1994,Oldham,Chelsea,2,1
301,Premier League,1993/1994,Sheffield United,Coventry,0,0
302,Premier League,1993/1994,Tottenham,Blackburn,0,2
303,Premier League,1993/1994,Wimbledon,Newcastle,4,2
304,Premier League,1993/1994,Norwich,Arsenal,1,1
305,Premier League,1993/1994,Southampton,Liverpool,4,2
306,Premier League,1993/1994,Blackburn,Newcastle,1,0
307,Premier League,1993/1994,Coventry,Man City,4,0
308,Premier League,1993/1994,Everton,Arsenal,1,1
309,Premier League,1993/1994,Leeds,Liverpool,2,0
310,Premier League,1993/1994,Swindon,Norwich,3,3
311,Premier League,1993/1994,Aston Villa,Man City,0,0
312,Premier League,1993/1994,Norwich,Blackburn,2,2
313,Premier League,1993/1994,Newcastle,Coventry,4,0
314,Premier League,1993/1994,Arsenal,Blackburn,1,0
315,Premier League,1993/1994,Ipswich,Sheffield United,3,2
316,Premier League,1993/1994,Liverpool,Coventry,1,0
317,Premier League,1993/1994,Man City,Swindon,2,1
318,Premier League,1993/1994,Norwich,Sheffield Weds,1,1
319,Premier League,1993/1994,Southampton,Wimbledon,1,0
320,Premier League,1993/1994,West Ham,Man United,2,2
321,Premier League,1993/1994,Chelsea,Tottenham,4,3
322,Premier League,1993/1994,Oldham,Leeds,1,1
323,Premier League,1993/1994,Tottenham,Aston Villa,1,1
324,Premier League,1993/1994,Blackburn,Liverpool,2,0
325,Premier League,1993/1994,Everton,Oldham,2,1
326,Premier League,1993/1994,Ipswich,Arsenal,1,5
327,Premier League,1993/1994,Leeds,Southampton,0,0
328,Premier League,1993/1994,Man United,Chelsea,0,1
329,Premier League,1993/1994,QPR,Man City,1,1
330,Premier League,1993/1994,Sheffield Weds,Newcastle,0,1
331,Premier League,1993/1994,Swindon,West Ham,1,1
332,Premier League,1993/1994,Tottenham,Sheffield United,2,2
333,Premier League,1993/1994,Wimbledon,Norwich,3,1
334,Premier League,1993/1994,Coventry,Aston Villa,0,1
335,Premier League,1993/1994,Aston Villa,Ipswich,0,1
336,Premier League,1993/1994,Man City,Wimbledon,0,1
337,Premier League,1993/1994,Newcastle,Swindon,7,1
338,Premier League,1993/1994,Norwich,QPR,3,4
339,Premier League,1993/1994,Southampton,Sheffield Weds,1,1
340,Premier League,1993/1994,Liverpool,Everton,2,1
341,Premier League,1993/1994,Sheffield United,Leeds,2,2
342,Premier League,1993/1994,Chelsea,Wimbledon,2,0
343,Premier League,1993/1994,Leeds,Aston Villa,2,0
344,Premier League,1993/1994,Man United,Sheffield Weds,5,0
345,Premier League,1993/1994,Sheffield United,QPR,1,1
346,Premier League,1993/1994,Aston Villa,Oldham,1,2
347,Premier League,1993/1994,Leeds,Coventry,1,0
348,Premier League,1993/1994,Liverpool,Chelsea,2,1
349,Premier League,1993/1994,Man City,Sheffield United,0,0
350,Premier League,1993/1994,QPR,Wimbledon,1,0
351,Premier League,1993/1994,Southampton,Arsenal,0,4
352,Premier League,1993/1994,Swindon,Man United,2,2
353,Premier League,1993/1994,Tottenham,Ipswich,1,1
354,Premier League,1993/1994,West Ham,Newcastle,2,4
355,Premier League,1993/1994,Sheffield Weds,Blackburn,1,2
356,Premier League,1993/1994,Norwich,Everton,3,0
357,Premier League,1993/1994,Arsenal,Man United,2,2
358,Premier League,1993/1994,Newcastle,Ipswich,2,0
359,Premier League,1993/1994,Arsenal,Liverpool,1,0
360,Premier League,1993/1994,Blackburn,Swindon,3,1
361,Premier League,1993/1994,Chelsea,West Ham,2,0
362,Premier League,1993/1994,Coventry,Norwich,2,1
363,Premier League,1993/1994,Everton,Tottenham,0,1
364,Premier League,1993/1994,Ipswich,QPR,1,3
365,Premier League,1993/1994,Oldham,Man City,0,0
366,Premier League,1993/1994,Sheffield United,Southampton,0,0
367,Premier League,1993/1994,Wimbledon,Leeds,1,0
368,Premier League,1993/1994,Sheffield United,West Ham,3,2
369,Premier League,1993/1994,Ipswich,Man City,2,2
370,Premier League,1993/1994,Newcastle,Norwich,3,0
371,Premier League,1993/1994,Wimbledon,Blackburn,4,1
372,Premier League,1993/1994,Aston Villa,Everton,0,0
373,Premier League,1993/1994,Man United,Liverpool,1,0
374,Premier League,1993/1994,Sheffield Weds,Chelsea,3,1
375,Premier League,1993/1994,Southampton,Oldham,1,3
376,Premier League,1993/1994,Leeds,Newcastle,1,1
377,Premier League,1993/1994,Arsenal,Swindon,1,1
378,Premier League,1993/1994,Blackburn,Man United,2,0
379,Premier League,1993/1994,Chelsea,Southampton,2,0
380,Premier League,1993/1994,Coventry,Wimbledon,1,2
381,Premier League,1993/1994,Liverpool,Sheffield United,1,2
382,Premier League,1993/1994,Man City,Aston Villa,3,0
383,Premier League,1993/1994,Norwich,Tottenham,1,2
384,Premier League,1993/1994,Oldham,QPR,4,1
385,Premier League,1993/1994,Sheffield Weds,Everton,5,1
386,Premier League,1993/1994,West Ham,Ipswich,2,1
387,Premier League,1993/1994,Aston Villa,Norwich,0,0
388,Premier League,1993/1994,Everton,Blackburn,0,3
389,Premier League,1993/1994,Ipswich,Coventry,0,2
390,Premier League,1993/1994,Man United,Oldham,3,2
391,Premier League,1993/1994,Newcastle,Chelsea,0,0
392,Premier League,1993/1994,QPR,Leeds,0,4
393,Premier League,1993/1994,Sheffield United,Arsenal,1,1
394,Premier League,1993/1994,Southampton,Man City,0,1
395,Premier League,1993/1994,Swindon,Sheffield Weds,0,1
396,Premier League,1993/1994,Tottenham,West Ham,1,4
397,Premier League,1993/1994,Wimbledon,Liverpool,1,1
398,Premier League,1993/1994,Coventry,Tottenham,1,0
399,Premier League,1993/1994,Liverpool,Ipswich,1,0
400,Premier League,1993/1994,Man City,Newcastle,2,1
401,Premier League,1993/1994,Norwich,Southampton,4,5
402,Premier League,1993/1994,Sheffield Weds,QPR,3,1
403,Premier League,1993/1994,West Ham,Everton,0,1
404,Premier League,1993/1994,Blackburn,Aston Villa,1,0
405,Premier League,1993/1994,QPR,Chelsea,1,1
406,Premier League,1993/1994,Arsenal,Chelsea,1,0
407,Premier League,1993/1994,Coventry,Sheffield Weds,1,1
408,Premier League,1993/1994,Ipswich,Swindon,1,1
409,Premier League,1993/1994,Liverpool,Newcastle,0,2
410,Premier League,1993/1994,Man City,Norwich,1,1
411,Premier League,1993/1994,Oldham,West Ham,1,2
412,Premier League,1993/1994,QPR,Everton,2,1
413,Premier League,1993/1994,Sheffield United,Aston Villa,1,2
414,Premier League,1993/1994,Southampton,Blackburn,3,1
415,Premier League,1993/1994,Wimbledon,Man United,1,0
416,Premier League,1993/1994,Leeds,Tottenham,2,0
417,Premier League,1993/1994,Arsenal,Wimbledon,1,1
418,Premier League,1993/1994,Aston Villa,Arsenal,1,2
419,Premier League,1993/1994,Chelsea,Leeds,1,1
420,Premier League,1993/1994,Everton,Coventry,0,0
421,Premier League,1993/1994,Man United,Man City,2,0
422,Premier League,1993/1994,Newcastle,Oldham,3,2
423,Premier League,1993/1994,Norwich,Sheffield United,0,1
424,Premier League,1993/1994,Sheffield Weds,Ipswich,5,0
425,Premier League,1993/1994,Swindon,Wimbledon,2,4
426,Premier League,1993/1994,Tottenham,Southampton,3,0
427,Premier League,1993/1994,West Ham,Liverpool,1,2
428,Premier League,1993/1994,Blackburn,QPR,1,1
429,Premier League,1993/1994,Wimbledon,Oldham,3,0
430,Premier League,1993/1994,Chelsea,Swindon,2,0
431,Premier League,1993/1994,Leeds,Man United,0,2
432,Premier League,1993/1994,Newcastle,Aston Villa,5,1
433,Premier League,1993/1994,QPR,Arsenal,1,1
434,Premier League,1993/1994,West Ham,Blackburn,1,2
435,Premier League,1993/1994,Arsenal,West Ham,0,2
436,Premier League,1993/1994,Leeds,Everton,3,0
437,Premier League,1993/1994,Liverpool,Norwich,0,1
438,Premier League,1993/1994,Man City,Chelsea,2,2
439,Premier League,1993/1994,Oldham,Sheffield Weds,0,0
440,Premier League,1993/1994,QPR,Swindon,1,3
441,Premier League,1993/1994,Sheffield United,Newcastle,2,0
442,Premier League,1993/1994,Southampton,Aston Villa,4,1
443,Premier League,1993/1994,Wimbledon,Tottenham,2,1
444,Premier League,1993/1994,Ipswich,Man United,1,2
445,Premier League,1993/1994,Coventry,Blackburn,2,1
446,Premier League,1993/1994,Leeds,Sheffield Weds,2,2
447,Premier League,1993/1994,Oldham,Sheffield United,1,1
448,Premier League,1993/1994,QPR,West Ham,0,0
449,Premier League,1993/1994,Chelsea,Coventry,1,2
450,Premier League,1993/1994,Man United,Southampton,2,0
451,Premier League,1993/1994,Oldham,Tottenham,0,2
452,Premier League,1993/1994,Aston Villa,Liverpool,2,1
453,Premier League,1993/1994,Blackburn,Ipswich,0,0
454,Premier League,1993/1994,Chelsea,Sheffield United,3,2
455,Premier League,1993/1994,Everton,Wimbledon,3,2
456,Premier League,1993/1994,Newcastle,Arsenal,2,0
457,Premier League,1993/1994,Norwich,Oldham,1,1
458,Premier League,1993/1994,Sheffield Weds,Man City,1,1
459,Premier League,1993/1994,Swindon,Leeds,0,5
460,Premier League,1993/1994,Tottenham,QPR,1,2
461,Premier League,1993/1994,West Ham,Southampton,3,3
462,Premier League,1993/1994,Man United,Coventry,0,0
463,Premier League,1994/1995,Arsenal,Man City,3,0
464,Premier League,1994/1995,Chelsea,Norwich,2,0
465,Premier League,1994/1995,Coventry,Wimbledon,1,1
466,Premier League,1994/1995,Crystal Palace,Liverpool,1,6
467,Premier League,1994/1995,Everton,Aston Villa,2,2
468,Premier League,1994/1995,Ipswich,Nott'm Forest,0,1
469,Premier League,1994/1995,Man United,QPR,2,0
470,Premier League,1994/1995,Sheffield Weds,Tottenham,3,4
471,Premier League,1994/1995,Southampton,Blackburn,1,1
472,Premier League,1994/1995,West Ham,Leeds,0,0
473,Premier League,1994/1995,Leicester,Newcastle,1,3
474,Premier League,1994/1995,Nott'm Forest,Man United,1,1
475,Premier League,1994/1995,Blackburn,Leicester,3,0
476,Premier League,1994/1995,Leeds,Arsenal,1,0
477,Premier League,1994/1995,Wimbledon,Ipswich,1,1
478,Premier League,1994/1995,Aston Villa,Southampton,1,1
479,Premier League,1994/1995,Man City,West Ham,3,0
480,Premier League,1994/1995,Newcastle,Coventry,4,0
481,Premier League,1994/1995,Norwich,Crystal Palace,0,0
482,Premier League,1994/1995,QPR,Sheffield Weds,3,2
483,Premier League,1994/1995,Tottenham,Everton,2,1
484,Premier League,1994/1995,Aston Villa,Crystal Palace,1,1
485,Premier League,1994/1995,Blackburn,Coventry,4,0
486,Premier League,1994/1995,Leeds,Chelsea,2,3
487,Premier League,1994/1995,Man City,Everton,4,0
488,Premier League,1994/1995,Newcastle,Southampton,5,1
489,Premier League,1994/1995,Norwich,West Ham,1,0
490,Premier League,1994/1995,Nott'm Forest,Leicester,1,0
491,Premier League,1994/1995,QPR,Ipswich,1,2
492,Premier League,1994/1995,Tottenham,Man United,0,1
493,Premier League,1994/1995,Wimbledon,Sheffield Weds,0,1
494,Premier League,1994/1995,Liverpool,Arsenal,3,0
495,Premier League,1994/1995,Coventry,Aston Villa,0,1
496,Premier League,1994/1995,Crystal Palace,Leeds,1,2
497,Premier League,1994/1995,Everton,Nott'm Forest,1,2
498,Premier League,1994/1995,Ipswich,Tottenham,1,3
499,Premier League,1994/1995,Arsenal,Blackburn,0,0
500,Premier League,1994/1995,Chelsea,Man City,3,0
501,Premier League,1994/1995,Leicester,QPR,1,1
502,Premier League,1994/1995,Man United,Wimbledon,3,0
503,Premier League,1994/1995,Sheffield Weds,Norwich,0,0
504,Premier League,1994/1995,Southampton,Liverpool,0,2
505,Premier League,1994/1995,West Ham,Newcastle,1,3
506,Premier League,1994/1995,Aston Villa,Ipswich,2,0
507,Premier League,1994/1995,Blackburn,Everton,3,0
508,Premier League,1994/1995,Liverpool,West Ham,0,0
509,Premier League,1994/1995,Man City,Crystal Palace,1,1
510,Premier League,1994/1995,Newcastle,Chelsea,4,2
511,Premier League,1994/1995,Norwich,Arsenal,0,0
512,Premier League,1994/1995,Nott'm Forest,Sheffield Weds,4,1
513,Premier League,1994/1995,QPR,Coventry,2,2
514,Premier League,1994/1995,Wimbledon,Leicester,2,1
515,Premier League,1994/1995,Leeds,Man United,2,1
516,Premier League,1994/1995,Tottenham,Southampton,1,2
517,Premier League,1994/1995,Coventry,Leeds,2,1
518,Premier League,1994/1995,Crystal Palace,Wimbledon,0,0
519,Premier League,1994/1995,Everton,QPR,2,2
520,Premier League,1994/1995,Leicester,Tottenham,3,1
521,Premier League,1994/1995,Man United,Liverpool,2,0
522,Premier League,1994/1995,Sheffield Weds,Man City,1,1
523,Premier League,1994/1995,Southampton,Nott'm Forest,1,1
524,Premier League,1994/1995,West Ham,Aston Villa,1,0
525,Premier League,1994/1995,Arsenal,Newcastle,2,3
526,Premier League,1994/1995,Chelsea,Blackburn,1,2
527,Premier League,1994/1995,Ipswich,Norwich,1,2
528,Premier League,1994/1995,Blackburn,Aston Villa,3,1
529,Premier League,1994/1995,Coventry,Southampton,1,3
530,Premier League,1994/1995,Crystal Palace,Chelsea,0,1
531,Premier League,1994/1995,Everton,Leicester,1,1
532,Premier League,1994/1995,Ipswich,Man United,3,2
533,Premier League,1994/1995,Man City,Norwich,2,0
534,Premier League,1994/1995,Newcastle,Liverpool,1,1
535,Premier League,1994/1995,QPR,Wimbledon,0,1
536,Premier League,1994/1995,Tottenham,Nott'm Forest,1,4
537,Premier League,1994/1995,West Ham,Arsenal,0,2
538,Premier League,1994/1995,Sheffield Weds,Leeds,1,1
539,Premier League,1994/1995,Arsenal,Crystal Palace,1,2
540,Premier League,1994/1995,Aston Villa,Newcastle,0,2
541,Premier League,1994/1995,Leeds,Man City,2,0
542,Premier League,1994/1995,Liverpool,Sheffield Weds,4,1
543,Premier League,1994/1995,Man United,Everton,2,0
544,Premier League,1994/1995,Norwich,Blackburn,2,1
545,Premier League,1994/1995,Southampton,Ipswich,3,1
546,Premier League,1994/1995,Wimbledon,Tottenham,1,2
547,Premier League,1994/1995,Chelsea,West Ham,1,2
548,Premier League,1994/1995,Nott'm Forest,QPR,3,2
549,Premier League,1994/1995,Leicester,Coventry,2,2
550,Premier League,1994/1995,Chelsea,Leicester,4,0
551,Premier League,1994/1995,Liverpool,Aston Villa,3,2
552,Premier League,1994/1995,Man City,Nott'm Forest,3,3
553,Premier League,1994/1995,Norwich,Leeds,2,1
554,Premier League,1994/1995,Sheffield Weds,Man United,1,0
555,Premier League,1994/1995,Southampton,Everton,2,0
556,Premier League,1994/1995,Tottenham,QPR,1,1
557,Premier League,1994/1995,West Ham,Crystal Palace,1,0
558,Premier League,1994/1995,Wimbledon,Arsenal,1,3
559,Premier League,1994/1995,Newcastle,Blackburn,1,1
560,Premier League,1994/1995,Coventry,Ipswich,2,0
561,Premier League,1994/1995,Arsenal,Chelsea,3,1
562,Premier League,1994/1995,Aston Villa,Norwich,1,1
563,Premier League,1994/1995,Blackburn,Liverpool,3,2
564,Premier League,1994/1995,Crystal Palace,Newcastle,0,1
565,Premier League,1994/1995,Everton,Coventry,0,2
566,Premier League,1994/1995,Leeds,Tottenham,1,1
567,Premier League,1994/1995,Leicester,Southampton,4,3
568,Premier League,1994/1995,Man United,West Ham,1,0
569,Premier League,1994/1995,QPR,Man City,1,2
570,Premier League,1994/1995,Ipswich,Sheffield Weds,1,2
571,Premier League,1994/1995,Nott'm Forest,Wimbledon,3,1
572,Premier League,1994/1995,Aston Villa,Nott'm Forest,0,2
573,Premier League,1994/1995,Crystal Palace,Everton,1,0
574,Premier League,1994/1995,Liverpool,Wimbledon,3,0
575,Premier League,1994/1995,Man City,Tottenham,5,2
576,Premier League,1994/1995,Newcastle,Sheffield Weds,2,1
577,Premier League,1994/1995,Norwich,QPR,4,2
578,Premier League,1994/1995,West Ham,Southampton,2,0
579,Premier League,1994/1995,Arsenal,Coventry,2,1
580,Premier League,1994/1995,Blackburn,Man United,2,4
581,Premier League,1994/1995,Chelsea,Ipswich,2,0
582,Premier League,1994/1995,Leeds,Leicester,2,1
583,Premier League,1994/1995,Coventry,Man City,1,0
584,Premier League,1994/1995,Everton,Arsenal,1,1
585,Premier League,1994/1995,Ipswich,Liverpool,1,3
586,Premier League,1994/1995,Leicester,Crystal Palace,0,1
587,Premier League,1994/1995,Man United,Newcastle,2,0
588,Premier League,1994/1995,Nott'm Forest,Blackburn,0,2
589,Premier League,1994/1995,QPR,Aston Villa,2,0
590,Premier League,1994/1995,Sheffield Weds,Chelsea,1,1
591,Premier League,1994/1995,Southampton,Leeds,1,3
592,Premier League,1994/1995,Tottenham,West Ham,3,1
593,Premier League,1994/1995,Wimbledon,Norwich,1,0
594,Premier League,1994/1995,QPR,Liverpool,2,1
595,Premier League,1994/1995,Everton,West Ham,1,0
596,Premier League,1994/1995,Ipswich,Leeds,2,0
597,Premier League,1994/1995,Coventry,Crystal Palace,1,4
598,Premier League,1994/1995,Sheffield Weds,Blackburn,0,1
599,Premier League,1994/1995,Southampton,Norwich,1,1
600,Premier League,1994/1995,Blackburn,Tottenham,2,0
601,Premier League,1994/1995,Crystal Palace,Ipswich,3,0
602,Premier League,1994/1995,Leeds,Wimbledon,3,1
603,Premier League,1994/1995,Liverpool,Nott'm Forest,1,0
604,Premier League,1994/1995,Man City,Southampton,3,3
605,Premier League,1994/1995,Newcastle,QPR,2,1
606,Premier League,1994/1995,Norwich,Everton,0,0
607,Premier League,1994/1995,West Ham,Leicester,1,0
608,Premier League,1994/1995,Arsenal,Sheffield Weds,0,0
609,Premier League,1994/1995,Aston Villa,Man United,1,2
610,Premier League,1994/1995,Chelsea,Coventry,2,2
611,Premier League,1994/1995,Nott'm Forest,Newcastle,0,0
612,Premier League,1994/1995,Liverpool,Chelsea,3,1
613,Premier League,1994/1995,Wimbledon,Aston Villa,4,3
614,Premier League,1994/1995,Man United,Man City,5,0
615,Premier League,1994/1995,Coventry,Norwich,1,0
616,Premier League,1994/1995,Ipswich,Blackburn,1,3
617,Premier League,1994/1995,Man United,Crystal Palace,3,0
618,Premier League,1994/1995,Nott'm Forest,Chelsea,0,1
619,Premier League,1994/1995,QPR,Leeds,3,2
620,Premier League,1994/1995,Sheffield Weds,West Ham,1,0
621,Premier League,1994/1995,Southampton,Arsenal,1,0
622,Premier League,1994/1995,Tottenham,Aston Villa,3,4
623,Premier League,1994/1995,Wimbledon,Newcastle,3,2
624,Premier League,1994/1995,Leicester,Man City,0,1
625,Premier League,1994/1995,Everton,Liverpool,2,0
626,Premier League,1994/1995,Leicester,Arsenal,2,1
627,Premier League,1994/1995,Tottenham,Chelsea,0,0
628,Premier League,1994/1995,Arsenal,Man United,0,0
629,Premier League,1994/1995,Blackburn,QPR,4,0
630,Premier League,1994/1995,Chelsea,Everton,0,1
631,Premier League,1994/1995,Crystal Palace,Southampton,0,0
632,Premier League,1994/1995,Leeds,Nott'm Forest,1,0
633,Premier League,1994/1995,Liverpool,Tottenham,1,1
634,Premier League,1994/1995,Man City,Wimbledon,2,0
635,Premier League,1994/1995,Newcastle,Ipswich,1,1
636,Premier League,1994/1995,Norwich,Leicester,2,1
637,Premier League,1994/1995,West Ham,Coventry,0,1
638,Premier League,1994/1995,Aston Villa,Sheffield Weds,1,1
639,Premier League,1994/1995,Coventry,Liverpool,1,1
640,Premier League,1994/1995,Ipswich,Man City,1,2
641,Premier League,1994/1995,Leicester,Aston Villa,1,1
642,Premier League,1994/1995,Man United,Norwich,1,0
643,Premier League,1994/1995,Nott'm Forest,Arsenal,2,2
644,Premier League,1994/1995,Sheffield Weds,Crystal Palace,1,0
645,Premier League,1994/1995,Southampton,Chelsea,0,1
646,Premier League,1994/1995,Tottenham,Newcastle,4,2
647,Premier League,1994/1995,Wimbledon,Blackburn,0,3
648,Premier League,1994/1995,Everton,Leeds,3,0
649,Premier League,1994/1995,QPR,West Ham,2,1
650,Premier League,1994/1995,Aston Villa,Everton,0,0
651,Premier League,1994/1995,Blackburn,Southampton,3,2
652,Premier League,1994/1995,Leeds,West Ham,2,2
653,Premier League,1994/1995,Newcastle,Leicester,3,1
654,Premier League,1994/1995,Norwich,Chelsea,3,0
655,Premier League,1994/1995,Nott'm Forest,Ipswich,4,1
656,Premier League,1994/1995,QPR,Man United,2,3
657,Premier League,1994/1995,Tottenham,Sheffield Weds,3,1
658,Premier League,1994/1995,Wimbledon,Coventry,2,0
659,Premier League,1994/1995,Liverpool,Crystal Palace,0,0
660,Premier League,1994/1995,Man City,Arsenal,1,2
661,Premier League,1994/1995,Ipswich,Wimbledon,2,2
662,Premier League,1994/1995,Arsenal,Leeds,1,3
663,Premier League,1994/1995,Coventry,Newcastle,0,0
664,Premier League,1994/1995,Crystal Palace,Norwich,0,1
665,Premier League,1994/1995,Everton,Tottenham,0,0
666,Premier League,1994/1995,Leicester,Blackburn,0,0
667,Premier League,1994/1995,Man United,Nott'm Forest,1,2
668,Premier League,1994/1995,Sheffield Weds,QPR,0,2
669,Premier League,1994/1995,West Ham,Man City,3,0
670,Premier League,1994/1995,Chelsea,Liverpool,0,0
671,Premier League,1994/1995,Southampton,Aston Villa,2,1
672,Premier League,1994/1995,Arsenal,Aston Villa,0,0
673,Premier League,1994/1995,Chelsea,Man United,2,3
674,Premier League,1994/1995,Coventry,Nott'm Forest,0,0
675,Premier League,1994/1995,Crystal Palace,QPR,0,0
676,Premier League,1994/1995,Everton,Sheffield Weds,1,4
677,Premier League,1994/1995,Leeds,Newcastle,0,0
678,Premier League,1994/1995,Leicester,Liverpool,1,2
679,Premier League,1994/1995,Man City,Blackburn,1,3
680,Premier League,1994/1995,Norwich,Tottenham,0,2
681,Premier League,1994/1995,Southampton,Wimbledon,2,3
682,Premier League,1994/1995,West Ham,Ipswich,1,1
683,Premier League,1994/1995,Nott'm Forest,Norwich,1,0
684,Premier League,1994/1995,Tottenham,Crystal Palace,0,0
685,Premier League,1994/1995,Aston Villa,Chelsea,3,0
686,Premier League,1994/1995,Ipswich,Arsenal,0,2
687,Premier League,1994/1995,Liverpool,Man City,2,0
688,Premier League,1994/1995,Man United,Leicester,1,1
689,Premier League,1994/1995,QPR,Southampton,2,2
690,Premier League,1994/1995,Sheffield Weds,Coventry,5,1
691,Premier League,1994/1995,Wimbledon,West Ham,1,0
692,Premier League,1994/1995,Arsenal,QPR,1,3
693,Premier League,1994/1995,Chelsea,Wimbledon,1,1
694,Premier League,1994/1995,Coventry,Tottenham,0,4
695,Premier League,1994/1995,Crystal Palace,Blackburn,0,1
696,Premier League,1994/1995,Everton,Ipswich,4,1
697,Premier League,1994/1995,Leeds,Liverpool,0,2
698,Premier League,1994/1995,Leicester,Sheffield Weds,0,1
699,Premier League,1994/1995,Man City,Aston Villa,2,2
700,Premier League,1994/1995,Norwich,Newcastle,2,1
701,Premier League,1994/1995,Southampton,Man United,2,2
702,Premier League,1994/1995,West Ham,Nott'm Forest,3,1
703,Premier League,1994/1995,Aston Villa,Leeds,0,0
704,Premier League,1994/1995,Blackburn,West Ham,4,2
705,Premier League,1994/1995,Ipswich,Leicester,4,1
706,Premier League,1994/1995,Liverpool,Norwich,4,0
707,Premier League,1994/1995,Newcastle,Man City,0,0
708,Premier League,1994/1995,Nott'm Forest,Crystal Palace,1,0
709,Premier League,1994/1995,Sheffield Weds,Southampton,1,1
710,Premier League,1994/1995,Tottenham,Arsenal,1,0
711,Premier League,1994/1995,Wimbledon,Everton,2,1
712,Premier League,1994/1995,Man United,Coventry,2,0
713,Premier League,1994/1995,Arsenal,Everton,1,1
714,Premier League,1994/1995,Aston Villa,QPR,2,1
715,Premier League,1994/1995,Blackburn,Nott'm Forest,3,0
716,Premier League,1994/1995,Chelsea,Sheffield Weds,1,1
717,Premier League,1994/1995,Crystal Palace,Leicester,2,0
718,Premier League,1994/1995,Leeds,Southampton,0,0
719,Premier League,1994/1995,Liverpool,Ipswich,0,1
720,Premier League,1994/1995,Man City,Coventry,0,0
721,Premier League,1994/1995,Norwich,Wimbledon,1,2
722,Premier League,1994/1995,West Ham,Tottenham,1,2
723,Premier League,1994/1995,Newcastle,Man United,1,1
724,Premier League,1994/1995,Coventry,Arsenal,0,1
725,Premier League,1994/1995,Everton,Crystal Palace,3,1
726,Premier League,1994/1995,Ipswich,Chelsea,2,2
727,Premier League,1994/1995,Nott'm Forest,Aston Villa,1,2
728,Premier League,1994/1995,Sheffield Weds,Newcastle,0,0
729,Premier League,1994/1995,Man United,Blackburn,1,0
730,Premier League,1994/1995,West Ham,Sheffield Weds,0,2
731,Premier League,1994/1995,Arsenal,Southampton,1,1
732,Premier League,1994/1995,Leeds,QPR,4,0
733,Premier League,1994/1995,Liverpool,Everton,0,0
734,Premier League,1994/1995,Aston Villa,Tottenham,1,0
735,Premier League,1994/1995,Chelsea,Nott'm Forest,0,2
736,Premier League,1994/1995,Crystal Palace,Man United,1,1
737,Premier League,1994/1995,Man City,Leicester,0,1
738,Premier League,1994/1995,Newcastle,Wimbledon,2,1
739,Premier League,1994/1995,Norwich,Coventry,2,2
740,Premier League,1994/1995,Blackburn,Ipswich,4,1
741,Premier League,1994/1995,Blackburn,Leeds,1,1
742,Premier League,1994/1995,Newcastle,Everton,2,0
743,Premier League,1994/1995,Coventry,Chelsea,2,2
744,Premier League,1994/1995,Everton,Norwich,2,1
745,Premier League,1994/1995,Ipswich,Crystal Palace,0,2
746,Premier League,1994/1995,Leicester,West Ham,1,2
747,Premier League,1994/1995,Man United,Aston Villa,1,0
748,Premier League,1994/1995,Nott'm Forest,Liverpool,1,1
749,Premier League,1994/1995,QPR,Newcastle,3,0
750,Premier League,1994/1995,Sheffield Weds,Arsenal,3,1
751,Premier League,1994/1995,Southampton,Man City,2,2
752,Premier League,1994/1995,Wimbledon,Leeds,0,0
753,Premier League,1994/1995,Tottenham,Blackburn,3,1
754,Premier League,1994/1995,Arsenal,Leicester,1,1
755,Premier League,1994/1995,Aston Villa,Wimbledon,7,1
756,Premier League,1994/1995,Chelsea,Tottenham,1,1
757,Premier League,1994/1995,Crystal Palace,Coventry,0,2
758,Premier League,1994/1995,Liverpool,QPR,1,1
759,Premier League,1994/1995,Man City,Man United,0,3
760,Premier League,1994/1995,Newcastle,Nott'm Forest,2,1
761,Premier League,1994/1995,Norwich,Southampton,2,2
762,Premier League,1994/1995,Blackburn,Sheffield Weds,3,1
763,Premier League,1994/1995,West Ham,Everton,2,2
764,Premier League,1994/1995,Coventry,West Ham,2,0
765,Premier League,1994/1995,Sheffield Weds,Aston Villa,1,2
766,Premier League,1994/1995,Arsenal,Nott'm Forest,1,0
767,Premier League,1994/1995,Aston Villa,Leicester,4,4
768,Premier League,1994/1995,Blackburn,Wimbledon,2,1
769,Premier League,1994/1995,Leeds,Everton,1,0
770,Premier League,1994/1995,Man City,Ipswich,2,0
771,Premier League,1994/1995,Norwich,Man United,0,2
772,Premier League,1994/1995,Blackburn,Norwich,0,0
773,Premier League,1994/1995,Coventry,Leicester,4,2
774,Premier League,1994/1995,Crystal Palace,Arsenal,0,3
775,Premier League,1994/1995,Everton,Man United,1,0
776,Premier League,1994/1995,Ipswich,Southampton,2,1
777,Premier League,1994/1995,Man City,Leeds,0,0
778,Premier League,1994/1995,Newcastle,Aston Villa,3,1
779,Premier League,1994/1995,Sheffield Weds,Liverpool,1,2
780,Premier League,1994/1995,Tottenham,Wimbledon,1,2
781,Premier League,1994/1995,West Ham,Chelsea,1,2
782,Premier League,1994/1995,QPR,Nott'm Forest,1,1
783,Premier League,1994/1995,Ipswich,Newcastle,0,2
784,Premier League,1994/1995,Aston Villa,Blackburn,0,1
785,Premier League,1994/1995,Leeds,Sheffield Weds,0,1
786,Premier League,1994/1995,Leicester,Everton,2,2
787,Premier League,1994/1995,Liverpool,Newcastle,2,0
788,Premier League,1994/1995,Man United,Ipswich,9,0
789,Premier League,1994/1995,Norwich,Man City,1,1
790,Premier League,1994/1995,Nott'm Forest,Tottenham,2,2
791,Premier League,1994/1995,Southampton,Coventry,0,0
792,Premier League,1994/1995,Wimbledon,QPR,1,3
793,Premier League,1994/1995,Arsenal,West Ham,0,1
794,Premier League,1994/1995,Chelsea,Crystal Palace,0,0
795,Premier League,1994/1995,Aston Villa,Coventry,0,0
796,Premier League,1994/1995,Wimbledon,Man United,0,1
797,Premier League,1994/1995,Blackburn,Arsenal,3,1
798,Premier League,1994/1995,Man City,Chelsea,1,2
799,Premier League,1994/1995,Newcastle,West Ham,2,0
800,Premier League,1994/1995,Norwich,Sheffield Weds,0,0
801,Premier League,1994/1995,Nott'm Forest,Everton,2,1
802,Premier League,1994/1995,QPR,Leicester,2,0
803,Premier League,1994/1995,Tottenham,Ipswich,3,0
804,Premier League,1994/1995,Chelsea,Leeds,0,3
805,Premier League,1994/1995,Coventry,Blackburn,1,1
806,Premier League,1994/1995,Leicester,Nott'm Forest,2,4
807,Premier League,1994/1995,Sheffield Weds,Wimbledon,0,1
808,Premier League,1994/1995,West Ham,Norwich,2,2
809,Premier League,1994/1995,Crystal Palace,Sheffield Weds,2,1
810,Premier League,1994/1995,Liverpool,Coventry,2,3
811,Premier League,1994/1995,Everton,Man City,1,1
812,Premier League,1994/1995,Leicester,Leeds,1,3
813,Premier League,1994/1995,Man United,Tottenham,0,0
814,Premier League,1994/1995,QPR,Norwich,2,0
815,Premier League,1994/1995,Southampton,West Ham,1,1
816,Premier League,1994/1995,Aston Villa,West Ham,0,2
817,Premier League,1994/1995,Blackburn,Chelsea,2,1
818,Premier League,1994/1995,Leeds,Coventry,3,0
819,Premier League,1994/1995,Man City,Sheffield Weds,3,2
820,Premier League,1994/1995,Nott'm Forest,Southampton,3,0
821,Premier League,1994/1995,QPR,Everton,2,3
822,Premier League,1994/1995,Tottenham,Leicester,1,0
823,Premier League,1994/1995,Wimbledon,Crystal Palace,2,0
824,Premier League,1994/1995,Liverpool,Man United,2,0
825,Premier League,1994/1995,Newcastle,Arsenal,1,0
826,Premier League,1994/1995,Norwich,Ipswich,3,0
827,Premier League,1994/1995,Wimbledon,Man City,2,0
828,Premier League,1994/1995,Man United,Arsenal,3,0
829,Premier League,1994/1995,Nott'm Forest,Leeds,3,0
830,Premier League,1994/1995,QPR,Chelsea,1,0
831,Premier League,1994/1995,Southampton,Newcastle,3,1
832,Premier League,1994/1995,Tottenham,Liverpool,0,0
833,Premier League,1994/1995,Arsenal,Norwich,5,1
834,Premier League,1994/1995,Chelsea,Newcastle,1,1
835,Premier League,1994/1995,Coventry,QPR,0,1
836,Premier League,1994/1995,Crystal Palace,Man City,2,1
837,Premier League,1994/1995,Everton,Blackburn,1,2
838,Premier League,1994/1995,Ipswich,Aston Villa,0,1
839,Premier League,1994/1995,Leicester,Wimbledon,3,4
840,Premier League,1994/1995,Sheffield Weds,Nott'm Forest,1,7
841,Premier League,1994/1995,Man United,Leeds,0,0
842,Premier League,1994/1995,Southampton,Tottenham,4,3
843,Premier League,1994/1995,Crystal Palace,Aston Villa,0,0
844,Premier League,1994/1995,QPR,Blackburn,0,1
845,Premier League,1994/1995,Leeds,Ipswich,4,0
846,Premier League,1994/1995,Leicester,Norwich,1,0
847,Premier League,1994/1995,Liverpool,Southampton,3,1
848,Premier League,1994/1995,Newcastle,Norwich,3,0
849,Premier League,1994/1995,Nott'm Forest,West Ham,1,1
850,Premier League,1994/1995,QPR,Arsenal,3,1
851,Premier League,1994/1995,Sheffield Weds,Leicester,1,0
852,Premier League,1994/1995,Liverpool,Leeds,0,1
853,Premier League,1994/1995,Wimbledon,Chelsea,1,1
854,Premier League,1994/1995,Ipswich,QPR,0,1
855,Premier League,1994/1995,Tottenham,Man City,2,1
856,Premier League,1994/1995,Arsenal,Liverpool,0,1
857,Premier League,1994/1995,Chelsea,Southampton,0,2
858,Premier League,1994/1995,Norwich,Nott'm Forest,0,1
859,Premier League,1994/1995,West Ham,Wimbledon,3,0
860,Premier League,1994/1995,Crystal Palace,Tottenham,1,1
861,Premier League,1994/1995,Everton,Newcastle,2,0
862,Premier League,1994/1995,Man City,Liverpool,2,1
863,Premier League,1994/1995,Arsenal,Ipswich,4,1
864,Premier League,1994/1995,Chelsea,Aston Villa,1,0
865,Premier League,1994/1995,Coventry,Sheffield Weds,2,0
866,Premier League,1994/1995,Leeds,Blackburn,1,1
867,Premier League,1994/1995,Leicester,Man United,0,4
868,Premier League,1994/1995,Southampton,QPR,2,1
869,Premier League,1994/1995,Aston Villa,Arsenal,0,4
870,Premier League,1994/1995,Blackburn,Man City,2,3
871,Premier League,1994/1995,Ipswich,West Ham,1,1
872,Premier League,1994/1995,Liverpool,Leicester,2,0
873,Premier League,1994/1995,Man United,Chelsea,0,0
874,Premier League,1994/1995,Newcastle,Leeds,1,2
875,Premier League,1994/1995,Nott'm Forest,Coventry,2,0
876,Premier League,1994/1995,QPR,Crystal Palace,0,1
877,Premier League,1994/1995,Sheffield Weds,Everton,0,0
878,Premier League,1994/1995,Tottenham,Norwich,1,0
879,Premier League,1994/1995,Wimbledon,Southampton,0,2
880,Premier League,1994/1995,Blackburn,Crystal Palace,2,1
881,Premier League,1994/1995,Arsenal,Tottenham,1,1
882,Premier League,1994/1995,Chelsea,QPR,1,0
883,Premier League,1994/1995,Crystal Palace,Nott'm Forest,1,2
884,Premier League,1994/1995,Everton,Wimbledon,0,0
885,Premier League,1994/1995,Leeds,Aston Villa,1,0
886,Premier League,1994/1995,Leicester,Ipswich,2,0
887,Premier League,1994/1995,Man City,Newcastle,0,0
888,Premier League,1994/1995,Norwich,Liverpool,1,2
889,Premier League,1994/1995,Southampton,Sheffield Weds,0,0
890,Premier League,1994/1995,West Ham,Blackburn,2,0
891,Premier League,1994/1995,Coventry,Man United,2,3
892,Premier League,1994/1995,Wimbledon,Liverpool,0,0
893,Premier League,1994/1995,Aston Villa,Man City,1,1
894,Premier League,1994/1995,Everton,Chelsea,3,3
895,Premier League,1994/1995,Newcastle,Tottenham,3,3
896,Premier League,1994/1995,Southampton,Crystal Palace,3,1
897,Premier League,1994/1995,West Ham,QPR,0,0
898,Premier League,1994/1995,Arsenal,Wimbledon,0,0
899,Premier League,1994/1995,Aston Villa,Liverpool,2,0
900,Premier League,1994/1995,Crystal Palace,West Ham,1,0
901,Premier League,1994/1995,Everton,Southampton,0,0
902,Premier League,1994/1995,Ipswich,Coventry,2,0
903,Premier League,1994/1995,Leeds,Norwich,2,1
904,Premier League,1994/1995,Leicester,Chelsea,1,1
905,Premier League,1994/1995,Nott'm Forest,Man City,1,0
906,Premier League,1994/1995,QPR,Tottenham,2,1
907,Premier League,1994/1995,Man United,Sheffield Weds,1,0
908,Premier League,1994/1995,Blackburn,Newcastle,1,0
909,Premier League,1994/1995,Ipswich,Everton,0,1
910,Premier League,1994/1995,Leeds,Crystal Palace,3,1
911,Premier League,1994/1995,Tottenham,Coventry,1,3
912,Premier League,1994/1995,Man United,Southampton,2,1
913,Premier League,1994/1995,West Ham,Liverpool,3,0
914,Premier League,1994/1995,Wimbledon,Nott'm Forest,2,2
915,Premier League,1994/1995,Chelsea,Arsenal,2,1
916,Premier League,1994/1995,Coventry,Everton,0,0
917,Premier League,1994/1995,Liverpool,Blackburn,2,1
918,Premier League,1994/1995,Man City,QPR,2,3
919,Premier League,1994/1995,Newcastle,Crystal Palace,3,2
920,Premier League,1994/1995,Norwich,Aston Villa,1,1
921,Premier League,1994/1995,Sheffield Weds,Ipswich,4,1
922,Premier League,1994/1995,Southampton,Leicester,2,2
923,Premier League,1994/1995,Tottenham,Leeds,1,1
924,Premier League,1994/1995,West Ham,Man United,1,1
925,Premier League,1995/1996,Aston Villa,Man United,3,1
926,Premier League,1995/1996,Blackburn,QPR,1,0
927,Premier League,1995/1996,Chelsea,Everton,0,0
928,Premier League,1995/1996,Liverpool,Sheffield Weds,1,0
929,Premier League,1995/1996,Man City,Tottenham,1,1
930,Premier League,1995/1996,Newcastle,Coventry,3,0
931,Premier League,1995/1996,Southampton,Nott'm Forest,3,4
932,Premier League,1995/1996,West Ham,Leeds,1,2
933,Premier League,1995/1996,Wimbledon,Bolton,3,2
934,Premier League,1995/1996,Arsenal,Middlesbrough,1,1
935,Premier League,1995/1996,Leeds,Liverpool,1,0
936,Premier League,1995/1996,Bolton,Newcastle,1,3
937,Premier League,1995/1996,Coventry,Man City,2,1
938,Premier League,1995/1996,Everton,Arsenal,0,2
939,Premier League,1995/1996,Man United,West Ham,2,1
940,Premier League,1995/1996,Nott'm Forest,Chelsea,0,0
941,Premier League,1995/1996,QPR,Wimbledon,0,3
942,Premier League,1995/1996,Sheffield Weds,Blackburn,2,1
943,Premier League,1995/1996,Tottenham,Aston Villa,0,1
944,Premier League,1995/1996,Bolton,Blackburn,2,1
945,Premier League,1995/1996,Coventry,Arsenal,0,0
946,Premier League,1995/1996,Everton,Southampton,2,0
947,Premier League,1995/1996,Leeds,Aston Villa,2,0
948,Premier League,1995/1996,Man United,Wimbledon,3,1
949,Premier League,1995/1996,Middlesbrough,Chelsea,2,0
950,Premier League,1995/1996,Nott'm Forest,West Ham,1,1
951,Premier League,1995/1996,QPR,Man City,1,0
952,Premier League,1995/1996,Tottenham,Liverpool,1,3
953,Premier League,1995/1996,Sheffield Weds,Newcastle,0,2
954,Premier League,1995/1996,Blackburn,Man United,1,2
955,Premier League,1995/1996,Arsenal,Nott'm Forest,1,1
956,Premier League,1995/1996,Aston Villa,Bolton,1,0
957,Premier League,1995/1996,Chelsea,Coventry,2,2
958,Premier League,1995/1996,Liverpool,QPR,1,0
959,Premier League,1995/1996,Man City,Everton,0,2
960,Premier League,1995/1996,Newcastle,Middlesbrough,1,0
961,Premier League,1995/1996,Southampton,Leeds,1,1
962,Premier League,1995/1996,West Ham,Tottenham,1,1
963,Premier League,1995/1996,Wimbledon,Sheffield Weds,2,2
964,Premier League,1995/1996,Blackburn,Aston Villa,1,1
965,Premier League,1995/1996,Bolton,Middlesbrough,1,1
966,Premier League,1995/1996,Coventry,Nott'm Forest,1,1
967,Premier League,1995/1996,Everton,Man United,2,3
968,Premier League,1995/1996,QPR,Sheffield Weds,0,3
969,Premier League,1995/1996,Southampton,Newcastle,1,0
970,Premier League,1995/1996,Tottenham,Leeds,2,1
971,Premier League,1995/1996,Wimbledon,Liverpool,1,0
972,Premier League,1995/1996,Man City,Arsenal,0,1
973,Premier League,1995/1996,West Ham,Chelsea,1,3
974,Premier League,1995/1996,Middlesbrough,Southampton,0,0
975,Premier League,1995/1996,Arsenal,West Ham,1,0
976,Premier League,1995/1996,Aston Villa,Wimbledon,2,0
977,Premier League,1995/1996,Chelsea,Southampton,3,0
978,Premier League,1995/1996,Leeds,QPR,1,3
979,Premier League,1995/1996,Liverpool,Blackburn,3,0
980,Premier League,1995/1996,Man United,Bolton,3,0
981,Premier League,1995/1996,Middlesbrough,Coventry,2,1
982,Premier League,1995/1996,Newcastle,Man City,3,1
983,Premier League,1995/1996,Sheffield Weds,Tottenham,1,3
984,Premier League,1995/1996,Nott'm Forest,Everton,3,2
985,Premier League,1995/1996,Arsenal,Southampton,4,2
986,Premier League,1995/1996,Aston Villa,Nott'm Forest,1,1
987,Premier League,1995/1996,Blackburn,Coventry,5,1
988,Premier League,1995/1996,Liverpool,Bolton,5,2
989,Premier League,1995/1996,Man City,Middlesbrough,0,1
990,Premier League,1995/1996,Sheffield Weds,Man United,0,0
991,Premier League,1995/1996,West Ham,Everton,2,1
992,Premier League,1995/1996,Wimbledon,Leeds,2,4
993,Premier League,1995/1996,Newcastle,Chelsea,2,0
994,Premier League,1995/1996,QPR,Tottenham,2,3
995,Premier League,1995/1996,Bolton,QPR,0,1
996,Premier League,1995/1996,Chelsea,Arsenal,1,0
997,Premier League,1995/1996,Coventry,Aston Villa,0,3
998,Premier League,1995/1996,Leeds,Sheffield Weds,2,0
999,Premier League,1995/1996,Middlesbrough,Blackburn,2,0
1000,Premier League,1995/1996,Nott'm Forest,Man City,3,0
1001,Premier League,1995/1996,Tottenham,Wimbledon,3,1
1002,Premier League,1995/1996,Everton,Newcastle,1,3
1003,Premier League,1995/1996,Man United,Liverpool,2,2
1004,Premier League,1995/1996,Southampton,West Ham,0,0
1005,Premier League,1995/1996,Aston Villa,Chelsea,0,1
1006,Premier League,1995/1996,Blackburn,Southampton,2,1
1007,Premier League,1995/1996,Bolton,Everton,1,1
1008,Premier League,1995/1996,Leeds,Arsenal,0,3
1009,Premier League,1995/1996,Liverpool,Coventry,0,0
1010,Premier League,1995/1996,Man United,Man City,1,0
1011,Premier League,1995/1996,QPR,Newcastle,2,3
1012,Premier League,1995/1996,Tottenham,Nott'm Forest,0,1
1013,Premier League,1995/1996,Sheffield Weds,Middlesbrough,0,1
1014,Premier League,1995/1996,Wimbledon,West Ham,0,1
1015,Premier League,1995/1996,Arsenal,Aston Villa,2,0
1016,Premier League,1995/1996,Chelsea,Man United,1,4
1017,Premier League,1995/1996,Coventry,Sheffield Weds,0,1
1018,Premier League,1995/1996,Man City,Leeds,0,0
1019,Premier League,1995/1996,Middlesbrough,QPR,1,0
1020,Premier League,1995/1996,Newcastle,Wimbledon,6,1
1021,Premier League,1995/1996,Nott'm Forest,Bolton,3,2
1022,Premier League,1995/1996,West Ham,Blackburn,1,1
1023,Premier League,1995/1996,Everton,Tottenham,1,1
1024,Premier League,1995/1996,Southampton,Liverpool,1,3
1025,Premier League,1995/1996,Aston Villa,Everton,1,0
1026,Premier League,1995/1996,Blackburn,Chelsea,3,0
1027,Premier League,1995/1996,Leeds,Coventry,3,1
1028,Premier League,1995/1996,Liverpool,Man City,6,0
1029,Premier League,1995/1996,Man United,Middlesbrough,2,0
1030,Premier League,1995/1996,QPR,Nott'm Forest,1,1
1031,Premier League,1995/1996,Sheffield Weds,West Ham,0,1
1032,Premier League,1995/1996,Wimbledon,Southampton,1,2
1033,Premier League,1995/1996,Tottenham,Newcastle,1,1
1034,Premier League,1995/1996,Bolton,Arsenal,1,0
1035,Premier League,1995/1996,Arsenal,Man United,1,0
1036,Premier League,1995/1996,Chelsea,Sheffield Weds,0,0
1037,Premier League,1995/1996,Coventry,Tottenham,2,3
1038,Premier League,1995/1996,Man City,Bolton,1,0
1039,Premier League,1995/1996,Middlesbrough,Leeds,1,1
1040,Premier League,1995/1996,Newcastle,Liverpool,2,1
1041,Premier League,1995/1996,Southampton,QPR,2,0
1042,Premier League,1995/1996,West Ham,Aston Villa,1,4
1043,Premier League,1995/1996,Everton,Blackburn,1,0
1044,Premier League,1995/1996,Nott'm Forest,Wimbledon,4,1
1045,Premier League,1995/1996,Newcastle,Blackburn,1,0
1046,Premier League,1995/1996,Aston Villa,Newcastle,1,1
1047,Premier League,1995/1996,Blackburn,Nott'm Forest,7,0
1048,Premier League,1995/1996,Bolton,West Ham,0,3
1049,Premier League,1995/1996,Leeds,Chelsea,1,0
1050,Premier League,1995/1996,Liverpool,Everton,1,2
1051,Premier League,1995/1996,Man United,Southampton,4,1
1052,Premier League,1995/1996,Sheffield Weds,Man City,1,1
1053,Premier League,1995/1996,Tottenham,Arsenal,2,1
1054,Premier League,1995/1996,Wimbledon,Middlesbrough,0,0
1055,Premier League,1995/1996,QPR,Coventry,1,1
1056,Premier League,1995/1996,Southampton,Aston Villa,0,1
1057,Premier League,1995/1996,Arsenal,Sheffield Weds,4,2
1058,Premier League,1995/1996,Middlesbrough,Tottenham,0,1
1059,Premier League,1995/1996,Chelsea,Bolton,3,2
1060,Premier League,1995/1996,Coventry,Man United,0,4
1061,Premier League,1995/1996,Everton,QPR,2,0
1062,Premier League,1995/1996,Man City,Wimbledon,1,0
1063,Premier League,1995/1996,West Ham,Liverpool,0,0
1064,Premier League,1995/1996,Chelsea,Tottenham,0,0
1065,Premier League,1995/1996,Coventry,Wimbledon,3,3
1066,Premier League,1995/1996,Everton,Sheffield Weds,2,2
1067,Premier League,1995/1996,Man City,Aston Villa,1,0
1068,Premier League,1995/1996,Middlesbrough,Liverpool,2,1
1069,Premier League,1995/1996,Newcastle,Leeds,2,1
1070,Premier League,1995/1996,Southampton,Bolton,1,0
1071,Premier League,1995/1996,West Ham,QPR,1,0
1072,Premier League,1995/1996,Arsenal,Blackburn,0,0
1073,Premier League,1995/1996,Nott'm Forest,Man United,1,1
1074,Premier League,1995/1996,Aston Villa,Arsenal,1,1
1075,Premier League,1995/1996,Blackburn,West Ham,4,2
1076,Premier League,1995/1996,Bolton,Nott'm Forest,1,1
1077,Premier League,1995/1996,Leeds,Man City,0,1
1078,Premier League,1995/1996,Liverpool,Southampton,1,1
1079,Premier League,1995/1996,Man United,Chelsea,1,1
1080,Premier League,1995/1996,QPR,Middlesbrough,1,1
1081,Premier League,1995/1996,Tottenham,Everton,0,0
1082,Premier League,1995/1996,Wimbledon,Newcastle,3,3
1083,Premier League,1995/1996,Sheffield Weds,Coventry,4,3
1084,Premier League,1995/1996,Bolton,Liverpool,0,1
1085,Premier League,1995/1996,Chelsea,Newcastle,1,0
1086,Premier League,1995/1996,Coventry,Blackburn,5,0
1087,Premier League,1995/1996,Leeds,Wimbledon,1,1
1088,Premier League,1995/1996,Man United,Sheffield Weds,2,2
1089,Premier League,1995/1996,Middlesbrough,Man City,4,1
1090,Premier League,1995/1996,Southampton,Arsenal,0,0
1091,Premier League,1995/1996,Tottenham,QPR,1,0
1092,Premier League,1995/1996,Nott'm Forest,Aston Villa,1,1
1093,Premier League,1995/1996,Everton,West Ham,3,0
1094,Premier League,1995/1996,Arsenal,Chelsea,1,1
1095,Premier League,1995/1996,Aston Villa,Coventry,4,1
1096,Premier League,1995/1996,Blackburn,Middlesbrough,1,0
1097,Premier League,1995/1996,Newcastle,Everton,1,0
1098,Premier League,1995/1996,QPR,Bolton,2,1
1099,Premier League,1995/1996,Sheffield Weds,Leeds,6,2
1100,Premier League,1995/1996,West Ham,Southampton,2,1
1101,Premier League,1995/1996,Wimbledon,Tottenham,0,1
1102,Premier League,1995/1996,Liverpool,Man United,2,0
1103,Premier League,1995/1996,Man City,Nott'm Forest,1,1
1104,Premier League,1995/1996,Coventry,Everton,2,1
1105,Premier League,1995/1996,Liverpool,Arsenal,3,1
1106,Premier League,1995/1996,Man City,Chelsea,0,1
1107,Premier League,1995/1996,Middlesbrough,West Ham,4,2
1108,Premier League,1995/1996,Newcastle,Nott'm Forest,3,1
1109,Premier League,1995/1996,QPR,Aston Villa,1,0
1110,Premier League,1995/1996,Sheffield Weds,Southampton,2,2
1111,Premier League,1995/1996,Tottenham,Bolton,2,2
1112,Premier League,1995/1996,Wimbledon,Blackburn,1,1
1113,Premier League,1995/1996,Leeds,Man United,3,1
1114,Premier League,1995/1996,Arsenal,QPR,3,0
1115,Premier League,1995/1996,Blackburn,Man City,2,0
1116,Premier League,1995/1996,Chelsea,Wimbledon,1,2
1117,Premier League,1995/1996,Everton,Middlesbrough,4,0
1118,Premier League,1995/1996,Nott'm Forest,Sheffield Weds,1,0
1119,Premier League,1995/1996,Southampton,Tottenham,0,0
1120,Premier League,1995/1996,Bolton,Leeds,0,2
1121,Premier League,1995/1996,Man United,Newcastle,2,0
1122,Premier League,1995/1996,Arsenal,Wimbledon,1,3
1123,Premier League,1995/1996,Blackburn,Tottenham,2,1
1124,Premier League,1995/1996,Bolton,Coventry,1,2
1125,Premier League,1995/1996,Chelsea,Liverpool,2,2
1126,Premier League,1995/1996,Everton,Leeds,2,0
1127,Premier League,1995/1996,Man United,QPR,2,1
1128,Premier League,1995/1996,Nott'm Forest,Middlesbrough,1,0
1129,Premier League,1995/1996,Coventry,Southampton,1,1
1130,Premier League,1995/1996,Leeds,Blackburn,0,0
1131,Premier League,1995/1996,Liverpool,Nott'm Forest,4,2
1132,Premier League,1995/1996,Man City,West Ham,2,1
1133,Premier League,1995/1996,Middlesbrough,Aston Villa,0,2
1134,Premier League,1995/1996,Sheffield Weds,Bolton,4,2
1135,Premier League,1995/1996,Tottenham,Man United,4,1
1136,Premier League,1995/1996,Wimbledon,Everton,2,3
1137,Premier League,1995/1996,Newcastle,Arsenal,2,0
1138,Premier League,1995/1996,QPR,Chelsea,1,2
1139,Premier League,1995/1996,Bolton,Wimbledon,1,0
1140,Premier League,1995/1996,Everton,Chelsea,1,1
1141,Premier League,1995/1996,Leeds,West Ham,2,0
1142,Premier League,1995/1996,Man United,Aston Villa,0,0
1143,Premier League,1995/1996,Middlesbrough,Arsenal,2,3
1144,Premier League,1995/1996,Nott'm Forest,Southampton,1,0
1145,Premier League,1995/1996,QPR,Blackburn,0,1
1146,Premier League,1995/1996,Sheffield Weds,Liverpool,1,1
1147,Premier League,1995/1996,Tottenham,Man City,1,0
1148,Premier League,1995/1996,Coventry,Newcastle,0,1
1149,Premier League,1995/1996,Arsenal,Everton,1,2
1150,Premier League,1995/1996,Blackburn,Sheffield Weds,3,0
1151,Premier League,1995/1996,Chelsea,Nott'm Forest,1,0
1152,Premier League,1995/1996,Liverpool,Leeds,5,0
1153,Premier League,1995/1996,Man City,Coventry,1,1
1154,Premier League,1995/1996,Newcastle,Bolton,2,1
1155,Premier League,1995/1996,Southampton,Middlesbrough,2,1
1156,Premier League,1995/1996,Wimbledon,QPR,2,1
1157,Premier League,1995/1996,Aston Villa,Tottenham,2,1
1158,Premier League,1995/1996,West Ham,Man United,0,1
1159,Premier League,1995/1996,Aston Villa,Liverpool,0,2
1160,Premier League,1995/1996,Nott'm Forest,Leeds,2,1
1161,Premier League,1995/1996,Southampton,Man City,1,1
1162,Premier League,1995/1996,West Ham,Coventry,3,2
1163,Premier League,1995/1996,Arsenal,Coventry,1,1
1164,Premier League,1995/1996,Aston Villa,Leeds,3,0
1165,Premier League,1995/1996,Blackburn,Bolton,3,1
1166,Premier League,1995/1996,Liverpool,Tottenham,0,0
1167,Premier League,1995/1996,Man City,QPR,2,0
1168,Premier League,1995/1996,Newcastle,Sheffield Weds,2,0
1169,Premier League,1995/1996,Southampton,Everton,2,2
1170,Premier League,1995/1996,West Ham,Nott'm Forest,1,0
1171,Premier League,1995/1996,Wimbledon,Man United,2,4
1172,Premier League,1995/1996,Chelsea,Middlesbrough,5,0
1173,Premier League,1995/1996,Bolton,Aston Villa,0,2
1174,Premier League,1995/1996,Coventry,Chelsea,1,0
1175,Premier League,1995/1996,Everton,Man City,2,0
1176,Premier League,1995/1996,Man United,Blackburn,1,0
1177,Premier League,1995/1996,Middlesbrough,Newcastle,1,2
1178,Premier League,1995/1996,Nott'm Forest,Arsenal,0,1
1179,Premier League,1995/1996,Sheffield Weds,Wimbledon,2,1
1180,Premier League,1995/1996,QPR,Liverpool,1,2
1181,Premier League,1995/1996,Tottenham,West Ham,0,1
1182,Premier League,1995/1996,Chelsea,West Ham,1,2
1183,Premier League,1995/1996,Middlesbrough,Bolton,1,4
1184,Premier League,1995/1996,Sheffield Weds,QPR,1,3
1185,Premier League,1995/1996,Man United,Everton,2,0
1186,Premier League,1995/1996,West Ham,Newcastle,2,0
1187,Premier League,1995/1996,Blackburn,Liverpool,2,3
1188,Premier League,1995/1996,Coventry,Middlesbrough,0,0
1189,Premier League,1995/1996,Everton,Nott'm Forest,3,0
1190,Premier League,1995/1996,Man City,Newcastle,3,3
1191,Premier League,1995/1996,Southampton,Chelsea,2,3
1192,Premier League,1995/1996,Tottenham,Sheffield Weds,1,0
1193,Premier League,1995/1996,West Ham,Arsenal,0,1
1194,Premier League,1995/1996,Wimbledon,Aston Villa,3,3
1195,Premier League,1995/1996,Bolton,Man United,0,6
1196,Premier League,1995/1996,Aston Villa,Blackburn,2,0
1197,Premier League,1995/1996,Coventry,West Ham,2,2
1198,Premier League,1995/1996,Leeds,Bolton,0,1
1199,Premier League,1995/1996,Man City,Blackburn,1,1
1200,Premier League,1995/1996,Middlesbrough,Everton,0,2
1201,Premier League,1995/1996,QPR,Arsenal,1,1
1202,Premier League,1995/1996,Sheffield Weds,Nott'm Forest,1,3
1203,Premier League,1995/1996,Tottenham,Southampton,1,0
1204,Premier League,1995/1996,Wimbledon,Chelsea,1,1
1205,Premier League,1995/1996,Liverpool,Aston Villa,3,0
1206,Premier League,1995/1996,Newcastle,Man United,0,1
1207,Premier League,1995/1996,Arsenal,Man City,3,1
1208,Premier League,1995/1996,Aston Villa,Sheffield Weds,3,2
1209,Premier League,1995/1996,QPR,Leeds,1,2
1210,Premier League,1995/1996,Aston Villa,QPR,4,2
1211,Premier League,1995/1996,Everton,Coventry,2,2
1212,Premier League,1995/1996,West Ham,Middlesbrough,2,0
1213,Premier League,1995/1996,Chelsea,Man City,1,1
1214,Premier League,1995/1996,Blackburn,Leeds,1,0
1215,Premier League,1995/1996,Liverpool,Wimbledon,2,2
1216,Premier League,1995/1996,Coventry,Bolton,0,2
1217,Premier League,1995/1996,Liverpool,Chelsea,2,0
1218,Premier League,1995/1996,Man City,Southampton,2,1
1219,Premier League,1995/1996,Middlesbrough,Nott'm Forest,1,1
1220,Premier League,1995/1996,QPR,Man United,1,1
1221,Premier League,1995/1996,Sheffield Weds,Aston Villa,2,0
1222,Premier League,1995/1996,Tottenham,Blackburn,2,3
1223,Premier League,1995/1996,Wimbledon,Arsenal,0,3
1224,Premier League,1995/1996,Leeds,Everton,2,2
1225,Premier League,1995/1996,Newcastle,West Ham,3,0
1226,Premier League,1995/1996,Aston Villa,Middlesbrough,0,0
1227,Premier League,1995/1996,Bolton,Tottenham,2,3
1228,Premier League,1995/1996,Man United,Arsenal,1,0
1229,Premier League,1995/1996,Southampton,Sheffield Weds,0,1
1230,Premier League,1995/1996,Arsenal,Newcastle,2,0
1231,Premier League,1995/1996,Bolton,Sheffield Weds,2,1
1232,Premier League,1995/1996,Chelsea,QPR,1,1
1233,Premier League,1995/1996,Everton,Wimbledon,2,4
1234,Premier League,1995/1996,Nott'm Forest,Liverpool,1,0
1235,Premier League,1995/1996,West Ham,Man City,4,2
1236,Premier League,1995/1996,Man United,Tottenham,1,0
1237,Premier League,1995/1996,Southampton,Coventry,1,0
1238,Premier League,1995/1996,Blackburn,Everton,0,3
1239,Premier League,1995/1996,Bolton,Man City,1,1
1240,Premier League,1995/1996,Leeds,Middlesbrough,0,1
1241,Premier League,1995/1996,QPR,Southampton,3,0
1242,Premier League,1995/1996,Tottenham,Coventry,3,1
1243,Premier League,1995/1996,Wimbledon,Nott'm Forest,1,0
1244,Premier League,1995/1996,Leeds,Southampton,1,0
1245,Premier League,1995/1996,Liverpool,Newcastle,4,3
1246,Premier League,1995/1996,Middlesbrough,Sheffield Weds,3,1
1247,Premier League,1995/1996,Arsenal,Leeds,2,1
1248,Premier League,1995/1996,Chelsea,Aston Villa,1,2
1249,Premier League,1995/1996,Coventry,Liverpool,1,0
1250,Premier League,1995/1996,Everton,Bolton,3,0
1251,Premier League,1995/1996,Man City,Man United,2,3
1252,Premier League,1995/1996,Newcastle,QPR,2,1
1253,Premier League,1995/1996,Nott'm Forest,Tottenham,2,1
1254,Premier League,1995/1996,Southampton,Blackburn,1,0
1255,Premier League,1995/1996,West Ham,Wimbledon,1,1
1256,Premier League,1995/1996,Aston Villa,Southampton,3,0
1257,Premier League,1995/1996,Blackburn,Newcastle,2,1
1258,Premier League,1995/1996,Bolton,Chelsea,2,1
1259,Premier League,1995/1996,Leeds,Nott'm Forest,1,3
1260,Premier League,1995/1996,Liverpool,West Ham,2,0
1261,Premier League,1995/1996,Man United,Coventry,1,0
1262,Premier League,1995/1996,QPR,Everton,3,1
1263,Premier League,1995/1996,Sheffield Weds,Arsenal,1,0
1264,Premier League,1995/1996,Tottenham,Middlesbrough,1,1
1265,Premier League,1995/1996,Wimbledon,Man City,3,0
1266,Premier League,1995/1996,Chelsea,Leeds,4,1
1267,Premier League,1995/1996,Coventry,QPR,1,0
1268,Premier League,1995/1996,Man City,Sheffield Weds,1,0
1269,Premier League,1995/1996,Middlesbrough,Wimbledon,1,2
1270,Premier League,1995/1996,Nott'm Forest,Blackburn,1,5
1271,Premier League,1995/1996,Southampton,Man United,3,1
1272,Premier League,1995/1996,West Ham,Bolton,1,0
1273,Premier League,1995/1996,Newcastle,Aston Villa,1,0
1274,Premier League,1995/1996,Arsenal,Tottenham,0,0
1275,Premier League,1995/1996,Everton,Liverpool,1,1
1276,Premier League,1995/1996,Aston Villa,West Ham,1,1
1277,Premier League,1995/1996,Blackburn,Wimbledon,3,2
1278,Premier League,1995/1996,Man United,Leeds,1,0
1279,Premier League,1995/1996,Newcastle,Southampton,1,0
1280,Premier League,1995/1996,Nott'm Forest,Coventry,0,0
1281,Premier League,1995/1996,Sheffield Weds,Chelsea,0,0
1282,Premier League,1995/1996,Aston Villa,Man City,0,1
1283,Premier League,1995/1996,Blackburn,Arsenal,1,1
1284,Premier League,1995/1996,Bolton,Southampton,0,1
1285,Premier League,1995/1996,Liverpool,Middlesbrough,1,0
1286,Premier League,1995/1996,QPR,West Ham,3,0
1287,Premier League,1995/1996,Sheffield Weds,Everton,2,5
1288,Premier League,1995/1996,Tottenham,Chelsea,1,1
1289,Premier League,1995/1996,Wimbledon,Coventry,0,2
1290,Premier League,1995/1996,Man United,Nott'm Forest,5,0
1291,Premier League,1995/1996,Leeds,Newcastle,0,1
1292,Premier League,1995/1996,Arsenal,Liverpool,0,0
1293,Premier League,1995/1996,Leeds,Tottenham,1,3
1294,Premier League,1995/1996,Nott'm Forest,Newcastle,1,1
1295,Premier League,1995/1996,Arsenal,Bolton,2,1
1296,Premier League,1995/1996,Chelsea,Blackburn,2,3
1297,Premier League,1995/1996,Coventry,Leeds,0,0
1298,Premier League,1995/1996,Everton,Aston Villa,1,0
1299,Premier League,1995/1996,Man City,Liverpool,2,2
1300,Premier League,1995/1996,Middlesbrough,Man United,0,3
1301,Premier League,1995/1996,Newcastle,Tottenham,1,1
1302,Premier League,1995/1996,Nott'm Forest,QPR,3,0
1303,Premier League,1995/1996,Southampton,Wimbledon,0,0
1304,Premier League,1995/1996,West Ham,Sheffield Weds,1,1
1305,Premier League,1996/1997,Arsenal,West Ham,2,0
1306,Premier League,1996/1997,Blackburn,Tottenham,0,2
1307,Premier League,1996/1997,Coventry,Nott'm Forest,0,3
1308,Premier League,1996/1997,Derby,Leeds,3,3
1309,Premier League,1996/1997,Everton,Newcastle,2,0
1310,Premier League,1996/1997,Middlesbrough,Liverpool,3,3
1311,Premier League,1996/1997,Sheffield Weds,Aston Villa,2,1
1312,Premier League,1996/1997,Sunderland,Leicester,0,0
1313,Premier League,1996/1997,Wimbledon,Man United,0,3
1314,Premier League,1996/1997,Southampton,Chelsea,0,0
1315,Premier League,1996/1997,Liverpool,Arsenal,2,0
1316,Premier League,1996/1997,Leeds,Sheffield Weds,0,2
1317,Premier League,1996/1997,Aston Villa,Blackburn,1,0
1318,Premier League,1996/1997,Chelsea,Middlesbrough,1,0
1319,Premier League,1996/1997,Leicester,Southampton,2,1
1320,Premier League,1996/1997,Man United,Everton,2,2
1321,Premier League,1996/1997,Newcastle,Wimbledon,2,0
1322,Premier League,1996/1997,Nott'm Forest,Sunderland,1,4
1323,Premier League,1996/1997,Tottenham,Derby,1,1
1324,Premier League,1996/1997,West Ham,Coventry,1,1
1325,Premier League,1996/1997,Aston Villa,Derby,2,0
1326,Premier League,1996/1997,Chelsea,Coventry,2,0
1327,Premier League,1996/1997,Leicester,Arsenal,0,2
1328,Premier League,1996/1997,Liverpool,Sunderland,0,0
1329,Premier League,1996/1997,Newcastle,Sheffield Weds,1,2
1330,Premier League,1996/1997,Nott'm Forest,Middlesbrough,1,1
1331,Premier League,1996/1997,Tottenham,Everton,0,0
1332,Premier League,1996/1997,West Ham,Southampton,2,1
1333,Premier League,1996/1997,Man United,Blackburn,2,2
1334,Premier League,1996/1997,Leeds,Wimbledon,1,0
1335,Premier League,1996/1997,Sheffield Weds,Leicester,2,1
1336,Premier League,1996/1997,Arsenal,Chelsea,3,3
1337,Premier League,1996/1997,Blackburn,Leeds,0,1
1338,Premier League,1996/1997,Coventry,Liverpool,0,1
1339,Premier League,1996/1997,Derby,Man United,1,1
1340,Premier League,1996/1997,Everton,Aston Villa,0,1
1341,Premier League,1996/1997,Middlesbrough,West Ham,4,1
1342,Premier League,1996/1997,Southampton,Nott'm Forest,2,2
1343,Premier League,1996/1997,Sunderland,Newcastle,1,2
1344,Premier League,1996/1997,Wimbledon,Tottenham,1,0
1345,Premier League,1996/1997,Aston Villa,Arsenal,2,2
1346,Premier League,1996/1997,Leeds,Man United,0,4
1347,Premier League,1996/1997,Liverpool,Southampton,2,1
1348,Premier League,1996/1997,Middlesbrough,Coventry,4,0
1349,Premier League,1996/1997,Nott'm Forest,Leicester,0,0
1350,Premier League,1996/1997,Sheffield Weds,Chelsea,0,2
1351,Premier League,1996/1997,Tottenham,Newcastle,1,2
1352,Premier League,1996/1997,Wimbledon,Everton,4,0
1353,Premier League,1996/1997,Sunderland,West Ham,0,0
1354,Premier League,1996/1997,Blackburn,Derby,1,2
1355,Premier League,1996/1997,Coventry,Leeds,2,1
1356,Premier League,1996/1997,Derby,Sunderland,1,0
1357,Premier League,1996/1997,Everton,Middlesbrough,1,2
1358,Premier League,1996/1997,Man United,Nott'm Forest,4,1
1359,Premier League,1996/1997,Newcastle,Blackburn,2,1
1360,Premier League,1996/1997,Southampton,Tottenham,0,1
1361,Premier League,1996/1997,West Ham,Wimbledon,0,2
1362,Premier League,1996/1997,Chelsea,Aston Villa,1,1
1363,Premier League,1996/1997,Leicester,Liverpool,0,3
1364,Premier League,1996/1997,Arsenal,Sheffield Weds,4,1
1365,Premier League,1996/1997,Aston Villa,Man United,0,0
1366,Premier League,1996/1997,Blackburn,Everton,1,1
1367,Premier League,1996/1997,Leeds,Newcastle,0,1
1368,Premier League,1996/1997,Liverpool,Chelsea,5,1
1369,Premier League,1996/1997,Middlesbrough,Arsenal,0,2
1370,Premier League,1996/1997,Nott'm Forest,West Ham,0,2
1371,Premier League,1996/1997,Sheffield Weds,Derby,0,0
1372,Premier League,1996/1997,Sunderland,Coventry,1,0
1373,Premier League,1996/1997,Tottenham,Leicester,1,2
1374,Premier League,1996/1997,Wimbledon,Southampton,3,1
1375,Premier League,1996/1997,Arsenal,Sunderland,2,0
1376,Premier League,1996/1997,Chelsea,Nott'm Forest,1,1
1377,Premier League,1996/1997,Coventry,Blackburn,0,0
1378,Premier League,1996/1997,Derby,Wimbledon,0,2
1379,Premier League,1996/1997,Everton,Sheffield Weds,2,0
1380,Premier League,1996/1997,Leicester,Leeds,1,0
1381,Premier League,1996/1997,Southampton,Middlesbrough,4,0
1382,Premier League,1996/1997,Man United,Tottenham,2,0
1383,Premier League,1996/1997,West Ham,Liverpool,1,2
1384,Premier League,1996/1997,Newcastle,Aston Villa,4,3
1385,Premier League,1996/1997,Blackburn,Arsenal,0,2
1386,Premier League,1996/1997,Derby,Newcastle,0,1
1387,Premier League,1996/1997,Everton,West Ham,2,1
1388,Premier League,1996/1997,Leeds,Nott'm Forest,2,0
1389,Premier League,1996/1997,Leicester,Chelsea,1,3
1390,Premier League,1996/1997,Man United,Liverpool,1,0
1391,Premier League,1996/1997,Tottenham,Aston Villa,1,0
1392,Premier League,1996/1997,Wimbledon,Sheffield Weds,4,2
1393,Premier League,1996/1997,Coventry,Southampton,1,1
1394,Premier League,1996/1997,Sunderland,Middlesbrough,2,2
1395,Premier League,1996/1997,Arsenal,Coventry,0,0
1396,Premier League,1996/1997,Aston Villa,Leeds,2,0
1397,Premier League,1996/1997,Chelsea,Wimbledon,2,4
1398,Premier League,1996/1997,Middlesbrough,Tottenham,0,3
1399,Premier League,1996/1997,Nott'm Forest,Derby,1,1
1400,Premier League,1996/1997,Sheffield Weds,Blackburn,1,1
1401,Premier League,1996/1997,Southampton,Sunderland,3,0
1402,Premier League,1996/1997,West Ham,Leicester,1,0
1403,Premier League,1996/1997,Newcastle,Man United,5,0
1404,Premier League,1996/1997,Arsenal,Leeds,3,0
1405,Premier League,1996/1997,Chelsea,Tottenham,3,1
1406,Premier League,1996/1997,Coventry,Sheffield Weds,0,0
1407,Premier League,1996/1997,Leicester,Newcastle,2,0
1408,Premier League,1996/1997,Middlesbrough,Wimbledon,0,0
1409,Premier League,1996/1997,Southampton,Man United,6,3
1410,Premier League,1996/1997,Sunderland,Aston Villa,1,0
1411,Premier League,1996/1997,West Ham,Blackburn,2,1
1412,Premier League,1996/1997,Liverpool,Derby,2,1
1413,Premier League,1996/1997,Nott'm Forest,Everton,0,1
1414,Premier League,1996/1997,Aston Villa,Nott'm Forest,2,0
1415,Premier League,1996/1997,Derby,Leicester,2,0
1416,Premier League,1996/1997,Leeds,Sunderland,3,0
1417,Premier League,1996/1997,Man United,Chelsea,1,2
1418,Premier League,1996/1997,Sheffield Weds,Southampton,1,1
1419,Premier League,1996/1997,Tottenham,West Ham,1,0
1420,Premier League,1996/1997,Wimbledon,Arsenal,2,2
1421,Premier League,1996/1997,Blackburn,Liverpool,3,0
1422,Premier League,1996/1997,Newcastle,Middlesbrough,3,1
1423,Premier League,1996/1997,Everton,Coventry,1,1
1424,Premier League,1996/1997,Aston Villa,Leicester,1,3
1425,Premier League,1996/1997,Blackburn,Chelsea,1,1
1426,Premier League,1996/1997,Everton,Southampton,7,1
1427,Premier League,1996/1997,Leeds,Liverpool,0,2
1428,Premier League,1996/1997,Man United,Arsenal,1,0
1429,Premier League,1996/1997,Newcastle,West Ham,1,1
1430,Premier League,1996/1997,Tottenham,Sunderland,2,0
1431,Premier League,1996/1997,Wimbledon,Coventry,2,2
1432,Premier League,1996/1997,Derby,Middlesbrough,2,1
1433,Premier League,1996/1997,Sheffield Weds,Nott'm Forest,2,0
1434,Premier League,1996/1997,Liverpool,Everton,1,1
1435,Premier League,1996/1997,Chelsea,Newcastle,1,1
1436,Premier League,1996/1997,Coventry,Aston Villa,1,2
1437,Premier League,1996/1997,Leicester,Everton,1,2
1438,Premier League,1996/1997,Liverpool,Wimbledon,1,1
1439,Premier League,1996/1997,Middlesbrough,Man United,2,2
1440,Premier League,1996/1997,Southampton,Leeds,0,2
1441,Premier League,1996/1997,Sunderland,Sheffield Weds,1,1
1442,Premier League,1996/1997,West Ham,Derby,1,1
1443,Premier League,1996/1997,Arsenal,Tottenham,3,1
1444,Premier League,1996/1997,Nott'm Forest,Blackburn,2,2
1445,Premier League,1996/1997,Aston Villa,Middlesbrough,1,0
1446,Premier League,1996/1997,Blackburn,Southampton,2,1
1447,Premier League,1996/1997,Derby,Coventry,2,1
1448,Premier League,1996/1997,Everton,Sunderland,1,3
1449,Premier League,1996/1997,Man United,Leicester,3,1
1450,Premier League,1996/1997,Newcastle,Arsenal,1,2
1451,Premier League,1996/1997,Sheffield Weds,West Ham,0,0
1452,Premier League,1996/1997,Wimbledon,Nott'm Forest,1,0
1453,Premier League,1996/1997,Leeds,Chelsea,2,0
1454,Premier League,1996/1997,Tottenham,Liverpool,0,2
1455,Premier League,1996/1997,Middlesbrough,Leicester,0,2
1456,Premier League,1996/1997,Arsenal,Southampton,3,1
1457,Premier League,1996/1997,West Ham,Aston Villa,0,2
1458,Premier League,1996/1997,Arsenal,Derby,2,2
1459,Premier League,1996/1997,Chelsea,Everton,2,2
1460,Premier League,1996/1997,Coventry,Tottenham,1,2
1461,Premier League,1996/1997,Leicester,Blackburn,1,1
1462,Premier League,1996/1997,Liverpool,Sheffield Weds,0,1
1463,Premier League,1996/1997,Middlesbrough,Leeds,0,0
1464,Premier League,1996/1997,Southampton,Aston Villa,0,1
1465,Premier League,1996/1997,Sunderland,Wimbledon,1,3
1466,Premier League,1996/1997,West Ham,Man United,2,2
1467,Premier League,1996/1997,Nott'm Forest,Newcastle,0,0
1468,Premier League,1996/1997,Leeds,Tottenham,0,0
1469,Premier League,1996/1997,Liverpool,Middlesbrough,5,1
1470,Premier League,1996/1997,Wimbledon,Blackburn,1,0
1471,Premier League,1996/1997,Sunderland,Chelsea,3,0
1472,Premier League,1996/1997,Derby,Everton,0,1
1473,Premier League,1996/1997,Coventry,Newcastle,2,1
1474,Premier League,1996/1997,Liverpool,Nott'm Forest,4,2
1475,Premier League,1996/1997,Sheffield Weds,Man United,1,1
1476,Premier League,1996/1997,Chelsea,West Ham,3,1
1477,Premier League,1996/1997,Everton,Leeds,0,0
1478,Premier League,1996/1997,Leicester,Coventry,0,2
1479,Premier League,1996/1997,Man United,Sunderland,5,0
1480,Premier League,1996/1997,Nott'm Forest,Arsenal,2,1
1481,Premier League,1996/1997,Southampton,Derby,3,1
1482,Premier League,1996/1997,Tottenham,Sheffield Weds,1,1
1483,Premier League,1996/1997,Aston Villa,Wimbledon,5,0
1484,Premier League,1996/1997,Newcastle,Liverpool,1,1
1485,Premier League,1996/1997,Aston Villa,Chelsea,0,2
1486,Premier League,1996/1997,Blackburn,Newcastle,1,0
1487,Premier League,1996/1997,Leeds,Coventry,1,3
1488,Premier League,1996/1997,Liverpool,Leicester,1,1
1489,Premier League,1996/1997,Middlesbrough,Everton,4,2
1490,Premier League,1996/1997,Nott'm Forest,Man United,0,4
1491,Premier League,1996/1997,Sheffield Weds,Arsenal,0,0
1492,Premier League,1996/1997,Sunderland,Derby,2,0
1493,Premier League,1996/1997,Tottenham,Southampton,3,1
1494,Premier League,1996/1997,Arsenal,Aston Villa,2,2
1495,Premier League,1996/1997,Chelsea,Sheffield Weds,2,2
1496,Premier League,1996/1997,Coventry,Middlesbrough,3,0
1497,Premier League,1996/1997,Derby,Blackburn,0,0
1498,Premier League,1996/1997,Everton,Wimbledon,1,3
1499,Premier League,1996/1997,Leicester,Nott'm Forest,2,2
1500,Premier League,1996/1997,Man United,Leeds,1,0
1501,Premier League,1996/1997,Newcastle,Tottenham,7,1
1502,Premier League,1996/1997,West Ham,Sunderland,2,0
1503,Premier League,1996/1997,Southampton,Liverpool,0,1
1504,Premier League,1996/1997,Arsenal,Middlesbrough,2,0
1505,Premier League,1996/1997,Chelsea,Liverpool,1,0
1506,Premier League,1996/1997,Coventry,Sunderland,2,2
1507,Premier League,1996/1997,Everton,Blackburn,0,2
1508,Premier League,1996/1997,Man United,Aston Villa,0,0
1509,Premier League,1996/1997,Newcastle,Leeds,3,0
1510,Premier League,1996/1997,West Ham,Nott'm Forest,0,1
1511,Premier League,1996/1997,Aston Villa,Newcastle,2,2
1512,Premier League,1996/1997,Blackburn,Coventry,4,0
1513,Premier League,1996/1997,Leeds,Leicester,3,0
1514,Premier League,1996/1997,Liverpool,West Ham,0,0
1515,Premier League,1996/1997,Middlesbrough,Southampton,0,1
1516,Premier League,1996/1997,Nott'm Forest,Chelsea,2,0
1517,Premier League,1996/1997,Sheffield Weds,Everton,2,1
1518,Premier League,1996/1997,Sunderland,Arsenal,1,0
1519,Premier League,1996/1997,Wimbledon,Derby,1,1
1520,Premier League,1996/1997,Tottenham,Man United,1,2
1521,Premier League,1996/1997,Chelsea,Derby,3,1
1522,Premier League,1996/1997,Coventry,Man United,0,2
1523,Premier League,1996/1997,Leicester,Wimbledon,1,0
1524,Premier League,1996/1997,Liverpool,Aston Villa,3,0
1525,Premier League,1996/1997,Middlesbrough,Sheffield Weds,4,2
1526,Premier League,1996/1997,Southampton,Newcastle,2,2
1527,Premier League,1996/1997,Sunderland,Blackburn,0,0
1528,Premier League,1996/1997,Arsenal,Everton,3,1
1529,Premier League,1996/1997,Nott'm Forest,Tottenham,2,1
1530,Premier League,1996/1997,West Ham,Leeds,0,2
1531,Premier League,1996/1997,Aston Villa,Sheffield Weds,0,1
1532,Premier League,1996/1997,Leeds,Derby,0,0
1533,Premier League,1996/1997,Leicester,Sunderland,1,1
1534,Premier League,1996/1997,Man United,Wimbledon,2,1
1535,Premier League,1996/1997,Newcastle,Everton,4,1
1536,Premier League,1996/1997,Nott'm Forest,Coventry,0,1
1537,Premier League,1996/1997,Tottenham,Blackburn,2,1
1538,Premier League,1996/1997,West Ham,Arsenal,1,2
1539,Premier League,1996/1997,Aston Villa,Sunderland,1,0
1540,Premier League,1996/1997,Blackburn,West Ham,2,1
1541,Premier League,1996/1997,Derby,Liverpool,0,1
1542,Premier League,1996/1997,Everton,Nott'm Forest,2,0
1543,Premier League,1996/1997,Leeds,Arsenal,0,0
1544,Premier League,1996/1997,Man United,Southampton,2,1
1545,Premier League,1996/1997,Sheffield Weds,Coventry,0,0
1546,Premier League,1996/1997,Tottenham,Chelsea,1,2
1547,Premier League,1996/1997,Wimbledon,Middlesbrough,1,1
1548,Premier League,1996/1997,Newcastle,Leicester,4,3
1549,Premier League,1996/1997,Derby,West Ham,1,0
1550,Premier League,1996/1997,Tottenham,Arsenal,0,0
1551,Premier League,1996/1997,Arsenal,Man United,1,2
1552,Premier League,1996/1997,Aston Villa,Coventry,2,1
1553,Premier League,1996/1997,Derby,Sheffield Weds,2,2
1554,Premier League,1996/1997,Liverpool,Leeds,4,0
1555,Premier League,1996/1997,Chelsea,Man United,1,1
1556,Premier League,1996/1997,Coventry,Everton,0,0
1557,Premier League,1996/1997,Leicester,Derby,4,2
1558,Premier League,1996/1997,Liverpool,Blackburn,0,0
1559,Premier League,1996/1997,Middlesbrough,Newcastle,0,1
1560,Premier League,1996/1997,Nott'm Forest,Aston Villa,0,0
1561,Premier League,1996/1997,Southampton,Sheffield Weds,2,3
1562,Premier League,1996/1997,Sunderland,Leeds,0,1
1563,Premier League,1996/1997,Arsenal,Wimbledon,0,1
1564,Premier League,1996/1997,West Ham,Tottenham,4,3
1565,Premier League,1996/1997,Southampton,Wimbledon,0,0
1566,Premier League,1996/1997,Blackburn,Sunderland,1,0
1567,Premier League,1996/1997,Derby,Chelsea,3,2
1568,Premier League,1996/1997,Everton,Arsenal,0,2
1569,Premier League,1996/1997,Leeds,West Ham,1,0
1570,Premier League,1996/1997,Man United,Coventry,3,1
1571,Premier League,1996/1997,Newcastle,Southampton,0,1
1572,Premier League,1996/1997,Sheffield Weds,Middlesbrough,3,1
1573,Premier League,1996/1997,Tottenham,Nott'm Forest,0,1
1574,Premier League,1996/1997,Wimbledon,Leicester,1,3
1575,Premier League,1996/1997,Aston Villa,Liverpool,1,0
1576,Premier League,1996/1997,Coventry,Wimbledon,1,1
1577,Premier League,1996/1997,Sunderland,Tottenham,0,4
1578,Premier League,1996/1997,Chelsea,Blackburn,1,1
1579,Premier League,1996/1997,Leicester,Aston Villa,1,0
1580,Premier League,1996/1997,Middlesbrough,Derby,6,1
1581,Premier League,1996/1997,Nott'm Forest,Sheffield Weds,0,3
1582,Premier League,1996/1997,Southampton,Everton,2,2
1583,Premier League,1996/1997,Arsenal,Nott'm Forest,2,0
1584,Premier League,1996/1997,Coventry,Leicester,0,0
1585,Premier League,1996/1997,Leeds,Everton,1,0
1586,Premier League,1996/1997,Sunderland,Man United,2,1
1587,Premier League,1996/1997,Liverpool,Newcastle,4,3
1588,Premier League,1996/1997,Blackburn,Nott'm Forest,1,1
1589,Premier League,1996/1997,Leeds,Southampton,0,0
1590,Premier League,1996/1997,Sheffield Weds,Sunderland,2,1
1591,Premier League,1996/1997,West Ham,Chelsea,3,2
1592,Premier League,1996/1997,Aston Villa,West Ham,0,0
1593,Premier League,1996/1997,Blackburn,Wimbledon,3,1
1594,Premier League,1996/1997,Everton,Derby,1,0
1595,Premier League,1996/1997,Leicester,Middlesbrough,1,3
1596,Premier League,1996/1997,Man United,Sheffield Weds,2,0
1597,Premier League,1996/1997,Newcastle,Coventry,4,0
1598,Premier League,1996/1997,Nott'm Forest,Liverpool,1,1
1599,Premier League,1996/1997,Southampton,Arsenal,0,2
1600,Premier League,1996/1997,Tottenham,Leeds,1,0
1601,Premier League,1996/1997,Chelsea,Sunderland,6,2
1602,Premier League,1996/1997,Wimbledon,West Ham,1,1
1603,Premier League,1996/1997,Chelsea,Southampton,1,0
1604,Premier League,1996/1997,Leicester,Tottenham,1,1
1605,Premier League,1996/1997,Middlesbrough,Blackburn,2,1
1606,Premier League,1996/1997,Blackburn,Aston Villa,0,2
1607,Premier League,1996/1997,Coventry,West Ham,1,3
1608,Premier League,1996/1997,Derby,Tottenham,4,2
1609,Premier League,1996/1997,Everton,Man United,0,2
1610,Premier League,1996/1997,Middlesbrough,Chelsea,1,0
1611,Premier League,1996/1997,Sheffield Weds,Leeds,2,2
1612,Premier League,1996/1997,Southampton,Leicester,2,2
1613,Premier League,1996/1997,Sunderland,Nott'm Forest,1,1
1614,Premier League,1996/1997,Wimbledon,Newcastle,1,1
1615,Premier League,1996/1997,Arsenal,Liverpool,1,2
1616,Premier League,1996/1997,Middlesbrough,Nott'm Forest,1,1
1617,Premier League,1996/1997,Aston Villa,Everton,3,1
1618,Premier League,1996/1997,Chelsea,Arsenal,0,3
1619,Premier League,1996/1997,Man United,Derby,2,3
1620,Premier League,1996/1997,Newcastle,Sunderland,1,1
1621,Premier League,1996/1997,Nott'm Forest,Southampton,1,3
1622,Premier League,1996/1997,Tottenham,Wimbledon,1,0
1623,Premier League,1996/1997,Liverpool,Coventry,1,2
1624,Premier League,1996/1997,Leeds,Blackburn,0,0
1625,Premier League,1996/1997,Coventry,Chelsea,3,1
1626,Premier League,1996/1997,Derby,Southampton,1,1
1627,Premier League,1996/1997,Everton,Leicester,1,1
1628,Premier League,1996/1997,Sheffield Weds,Tottenham,2,1
1629,Premier League,1996/1997,West Ham,Middlesbrough,0,0
1630,Premier League,1996/1997,Wimbledon,Aston Villa,0,2
1631,Premier League,1996/1997,Arsenal,Leicester,2,0
1632,Premier League,1996/1997,Blackburn,Man United,2,3
1633,Premier League,1996/1997,Derby,Aston Villa,2,1
1634,Premier League,1996/1997,Everton,Tottenham,1,0
1635,Premier League,1996/1997,Southampton,West Ham,2,0
1636,Premier League,1996/1997,Sheffield Weds,Newcastle,1,1
1637,Premier League,1996/1997,Sunderland,Liverpool,1,2
1638,Premier League,1996/1997,Everton,Liverpool,1,1
1639,Premier League,1996/1997,Newcastle,Chelsea,3,1
1640,Premier League,1996/1997,Wimbledon,Leeds,2,0
1641,Premier League,1996/1997,Arsenal,Blackburn,1,1
1642,Premier League,1996/1997,Aston Villa,Tottenham,1,1
1643,Premier League,1996/1997,Chelsea,Leicester,2,1
1644,Premier League,1996/1997,Liverpool,Man United,1,3
1645,Premier League,1996/1997,Middlesbrough,Sunderland,0,1
1646,Premier League,1996/1997,Newcastle,Derby,3,1
1647,Premier League,1996/1997,Nott'm Forest,Leeds,1,1
1648,Premier League,1996/1997,Sheffield Weds,Wimbledon,3,1
1649,Premier League,1996/1997,Southampton,Coventry,2,2
1650,Premier League,1996/1997,West Ham,Everton,2,2
1651,Premier League,1996/1997,Coventry,Arsenal,1,1
1652,Premier League,1996/1997,Blackburn,Sheffield Weds,4,1
1653,Premier League,1996/1997,Leeds,Aston Villa,0,0
1654,Premier League,1996/1997,Sunderland,Southampton,0,1
1655,Premier League,1996/1997,Wimbledon,Chelsea,0,1
1656,Premier League,1996/1997,Derby,Nott'm Forest,0,0
1657,Premier League,1996/1997,Leicester,West Ham,0,1
1658,Premier League,1996/1997,Tottenham,Middlesbrough,1,0
1659,Premier League,1996/1997,Arsenal,Newcastle,0,1
1660,Premier League,1996/1997,Chelsea,Leeds,0,0
1661,Premier League,1996/1997,Coventry,Derby,1,2
1662,Premier League,1996/1997,Leicester,Man United,2,2
1663,Premier League,1996/1997,Liverpool,Tottenham,2,1
1664,Premier League,1996/1997,Middlesbrough,Aston Villa,3,2
1665,Premier League,1996/1997,Nott'm Forest,Wimbledon,1,1
1666,Premier League,1996/1997,Southampton,Blackburn,2,0
1667,Premier League,1996/1997,Sunderland,Everton,3,0
1668,Premier League,1996/1997,West Ham,Sheffield Weds,5,1
1669,Premier League,1996/1997,Man United,Middlesbrough,3,3
1670,Premier League,1996/1997,West Ham,Newcastle,0,0
1671,Premier League,1996/1997,Wimbledon,Liverpool,2,1
1672,Premier League,1996/1997,Leicester,Sheffield Weds,1,0
1673,Premier League,1996/1997,Blackburn,Middlesbrough,0,0
1674,Premier League,1996/1997,Man United,Newcastle,0,0
1675,Premier League,1996/1997,Aston Villa,Southampton,1,0
1676,Premier League,1996/1997,Blackburn,Leicester,2,4
1677,Premier League,1996/1997,Derby,Arsenal,1,3
1678,Premier League,1996/1997,Everton,Chelsea,1,2
1679,Premier League,1996/1997,Leeds,Middlesbrough,1,1
1680,Premier League,1996/1997,Man United,West Ham,2,0
1681,Premier League,1996/1997,Newcastle,Nott'm Forest,5,0
1682,Premier League,1996/1997,Sheffield Weds,Liverpool,1,1
1683,Premier League,1996/1997,Tottenham,Coventry,1,2
1684,Premier League,1996/1997,Wimbledon,Sunderland,1,0
1685,Premier League,1997/1998,Barnsley,West Ham,1,2
1686,Premier League,1997/1998,Blackburn,Derby,1,0
1687,Premier League,1997/1998,Coventry,Chelsea,3,2
1688,Premier League,1997/1998,Everton,Crystal Palace,1,2
1689,Premier League,1997/1998,Leeds,Arsenal,1,1
1690,Premier League,1997/1998,Leicester,Aston Villa,1,0
1691,Premier League,1997/1998,Newcastle,Sheffield Weds,2,1
1692,Premier League,1997/1998,Southampton,Bolton,0,1
1693,Premier League,1997/1998,Wimbledon,Liverpool,1,1
1694,Premier League,1997/1998,Tottenham,Man United,0,2
1695,Premier League,1997/1998,Arsenal,Coventry,2,0
1696,Premier League,1997/1998,Crystal Palace,Barnsley,0,1
1697,Premier League,1997/1998,Aston Villa,Blackburn,0,4
1698,Premier League,1997/1998,Liverpool,Leicester,1,2
1699,Premier League,1997/1998,Man United,Southampton,1,0
1700,Premier League,1997/1998,Sheffield Weds,Leeds,1,3
1701,Premier League,1997/1998,West Ham,Tottenham,2,1
1702,Premier League,1997/1998,Blackburn,Liverpool,1,1
1703,Premier League,1997/1998,Coventry,Bolton,2,2
1704,Premier League,1997/1998,Everton,West Ham,2,1
1705,Premier League,1997/1998,Leeds,Crystal Palace,0,2
1706,Premier League,1997/1998,Leicester,Man United,0,0
1707,Premier League,1997/1998,Newcastle,Aston Villa,1,0
1708,Premier League,1997/1998,Southampton,Arsenal,1,3
1709,Premier League,1997/1998,Tottenham,Derby,1,0
1710,Premier League,1997/1998,Wimbledon,Sheffield Weds,1,1
1711,Premier League,1997/1998,Barnsley,Chelsea,0,6
1712,Premier League,1997/1998,Blackburn,Sheffield Weds,7,2
1713,Premier League,1997/1998,Leeds,Liverpool,0,2
1714,Premier League,1997/1998,Barnsley,Bolton,2,1
1715,Premier League,1997/1998,Coventry,West Ham,1,1
1716,Premier League,1997/1998,Everton,Man United,0,2
1717,Premier League,1997/1998,Leicester,Arsenal,3,3
1718,Premier League,1997/1998,Southampton,Crystal Palace,1,0
1719,Premier League,1997/1998,Tottenham,Aston Villa,3,2
1720,Premier League,1997/1998,Wimbledon,Chelsea,0,2
1721,Premier League,1997/1998,Arsenal,Tottenham,0,0
1722,Premier League,1997/1998,Aston Villa,Leeds,1,0
1723,Premier League,1997/1998,Chelsea,Southampton,4,2
1724,Premier League,1997/1998,Crystal Palace,Blackburn,1,2
1725,Premier League,1997/1998,Derby,Barnsley,1,0
1726,Premier League,1997/1998,Man United,Coventry,3,0
1727,Premier League,1997/1998,Sheffield Weds,Leicester,1,0
1728,Premier League,1997/1998,West Ham,Wimbledon,3,1
1729,Premier League,1997/1998,Bolton,Everton,0,0
1730,Premier League,1997/1998,Arsenal,Bolton,4,1
1731,Premier League,1997/1998,Barnsley,Aston Villa,0,3
1732,Premier League,1997/1998,Coventry,Southampton,1,0
1733,Premier League,1997/1998,Crystal Palace,Chelsea,0,3
1734,Premier League,1997/1998,Derby,Everton,3,1
1735,Premier League,1997/1998,Leicester,Tottenham,3,0
1736,Premier League,1997/1998,Liverpool,Sheffield Weds,2,1
1737,Premier League,1997/1998,Man United,West Ham,2,1
1738,Premier League,1997/1998,Newcastle,Wimbledon,1,3
1739,Premier League,1997/1998,Blackburn,Leeds,3,4
1740,Premier League,1997/1998,Aston Villa,Derby,2,1
1741,Premier League,1997/1998,Bolton,Man United,0,0
1742,Premier League,1997/1998,Everton,Barnsley,4,2
1743,Premier League,1997/1998,Leeds,Leicester,0,1
1744,Premier League,1997/1998,Sheffield Weds,Coventry,0,0
1745,Premier League,1997/1998,Southampton,Liverpool,1,1
1746,Premier League,1997/1998,Tottenham,Blackburn,0,0
1747,Premier League,1997/1998,West Ham,Newcastle,0,1
1748,Premier League,1997/1998,Wimbledon,Crystal Palace,0,1
1749,Premier League,1997/1998,Chelsea,Arsenal,2,3
1750,Premier League,1997/1998,Liverpool,Aston Villa,3,0
1751,Premier League,1997/1998,Bolton,Tottenham,1,1
1752,Premier League,1997/1998,Wimbledon,Barnsley,4,1
1753,Premier League,1997/1998,Arsenal,West Ham,4,0
1754,Premier League,1997/1998,Coventry,Crystal Palace,1,1
1755,Premier League,1997/1998,Leicester,Blackburn,1,1
1756,Premier League,1997/1998,Man United,Chelsea,2,2
1757,Premier League,1997/1998,Newcastle,Everton,1,0
1758,Premier League,1997/1998,Sheffield Weds,Derby,2,5
1759,Premier League,1997/1998,Southampton,Leeds,0,2
1760,Premier League,1997/1998,Aston Villa,Sheffield Weds,2,2
1761,Premier League,1997/1998,Barnsley,Leicester,0,2
1762,Premier League,1997/1998,Chelsea,Newcastle,1,0
1763,Premier League,1997/1998,Crystal Palace,Bolton,2,2
1764,Premier League,1997/1998,Derby,Southampton,4,0
1765,Premier League,1997/1998,Everton,Arsenal,2,2
1766,Premier League,1997/1998,Leeds,Man United,1,0
1767,Premier League,1997/1998,Tottenham,Wimbledon,0,0
1768,Premier League,1997/1998,West Ham,Liverpool,2,1
1769,Premier League,1997/1998,Blackburn,Coventry,0,0
1770,Premier League,1997/1998,Arsenal,Barnsley,5,0
1771,Premier League,1997/1998,Bolton,Aston Villa,0,1
1772,Premier League,1997/1998,Coventry,Leeds,0,0
1773,Premier League,1997/1998,Man United,Crystal Palace,2,0
1774,Premier League,1997/1998,Newcastle,Tottenham,1,0
1775,Premier League,1997/1998,Sheffield Weds,Everton,3,1
1776,Premier League,1997/1998,Southampton,West Ham,3,0
1777,Premier League,1997/1998,Wimbledon,Blackburn,0,1
1778,Premier League,1997/1998,Liverpool,Chelsea,4,2
1779,Premier League,1997/1998,Leicester,Derby,1,2
1780,Premier League,1997/1998,Aston Villa,Wimbledon,1,2
1781,Premier League,1997/1998,Blackburn,Southampton,1,0
1782,Premier League,1997/1998,Chelsea,Leicester,1,0
1783,Premier League,1997/1998,Crystal Palace,Arsenal,0,0
1784,Premier League,1997/1998,Derby,Man United,2,2
1785,Premier League,1997/1998,Everton,Liverpool,2,0
1786,Premier League,1997/1998,Leeds,Newcastle,4,1
1787,Premier League,1997/1998,West Ham,Bolton,3,0
1788,Premier League,1997/1998,Tottenham,Sheffield Weds,3,2
1789,Premier League,1997/1998,Barnsley,Coventry,2,0
1790,Premier League,1997/1998,Derby,Wimbledon,1,1
1791,Premier League,1997/1998,Coventry,Everton,0,0
1792,Premier League,1997/1998,Liverpool,Derby,4,0
1793,Premier League,1997/1998,Man United,Barnsley,7,0
1794,Premier League,1997/1998,Newcastle,Blackburn,1,1
1795,Premier League,1997/1998,Sheffield Weds,Crystal Palace,1,3
1796,Premier League,1997/1998,Southampton,Tottenham,3,2
1797,Premier League,1997/1998,Wimbledon,Leeds,1,0
1798,Premier League,1997/1998,Arsenal,Aston Villa,0,0
1799,Premier League,1997/1998,Bolton,Chelsea,1,0
1800,Premier League,1997/1998,Leicester,West Ham,2,1
1801,Premier League,1997/1998,Aston Villa,Chelsea,0,2
1802,Premier League,1997/1998,Barnsley,Blackburn,1,1
1803,Premier League,1997/1998,Bolton,Liverpool,1,1
1804,Premier League,1997/1998,Derby,Arsenal,3,0
1805,Premier League,1997/1998,Man United,Sheffield Weds,6,1
1806,Premier League,1997/1998,Newcastle,Leicester,3,3
1807,Premier League,1997/1998,Tottenham,Leeds,0,1
1808,Premier League,1997/1998,Wimbledon,Coventry,1,2
1809,Premier League,1997/1998,Everton,Southampton,0,2
1810,Premier League,1997/1998,Blackburn,Everton,3,2
1811,Premier League,1997/1998,Coventry,Newcastle,2,2
1812,Premier League,1997/1998,Crystal Palace,Aston Villa,1,1
1813,Premier League,1997/1998,Leeds,Derby,4,3
1814,Premier League,1997/1998,Liverpool,Tottenham,4,0
1815,Premier League,1997/1998,Sheffield Weds,Bolton,5,0
1816,Premier League,1997/1998,Southampton,Barnsley,4,1
1817,Premier League,1997/1998,Arsenal,Man United,3,2
1818,Premier League,1997/1998,Chelsea,West Ham,2,1
1819,Premier League,1997/1998,Leicester,Wimbledon,0,1
1820,Premier League,1997/1998,Aston Villa,Everton,2,1
1821,Premier League,1997/1998,Blackburn,Chelsea,1,0
1822,Premier League,1997/1998,Derby,Coventry,3,1
1823,Premier League,1997/1998,Leicester,Bolton,0,0
1824,Premier League,1997/1998,Liverpool,Barnsley,0,1
1825,Premier League,1997/1998,Newcastle,Southampton,2,1
1826,Premier League,1997/1998,Sheffield Weds,Arsenal,2,0
1827,Premier League,1997/1998,Wimbledon,Man United,2,5
1828,Premier League,1997/1998,Leeds,West Ham,3,1
1829,Premier League,1997/1998,Tottenham,Crystal Palace,0,1
1830,Premier League,1997/1998,Chelsea,Everton,2,0
1831,Premier League,1997/1998,Barnsley,Leeds,2,3
1832,Premier League,1997/1998,Bolton,Wimbledon,1,0
1833,Premier League,1997/1998,Chelsea,Derby,4,0
1834,Premier League,1997/1998,Coventry,Leicester,0,2
1835,Premier League,1997/1998,Crystal Palace,Newcastle,1,2
1836,Premier League,1997/1998,Everton,Tottenham,0,2
1837,Premier League,1997/1998,Southampton,Sheffield Weds,2,3
1838,Premier League,1997/1998,West Ham,Aston Villa,2,1
1839,Premier League,1997/1998,Arsenal,Liverpool,0,1
1840,Premier League,1997/1998,Man United,Blackburn,4,0
1841,Premier League,1997/1998,Bolton,Newcastle,1,0
1842,Premier League,1997/1998,West Ham,Crystal Palace,4,1
1843,Premier League,1997/1998,Aston Villa,Coventry,3,0
1844,Premier League,1997/1998,Blackburn,Bolton,3,1
1845,Premier League,1997/1998,Derby,West Ham,2,0
1846,Premier League,1997/1998,Leeds,Everton,0,0
1847,Premier League,1997/1998,Leicester,Crystal Palace,1,1
1848,Premier League,1997/1998,Liverpool,Man United,1,3
1849,Premier League,1997/1998,Newcastle,Arsenal,0,1
1850,Premier League,1997/1998,Tottenham,Chelsea,1,6
1851,Premier League,1997/1998,Wimbledon,Southampton,1,0
1852,Premier League,1997/1998,Sheffield Weds,Barnsley,2,1
1853,Premier League,1997/1998,Arsenal,Blackburn,1,3
1854,Premier League,1997/1998,Barnsley,Newcastle,2,2
1855,Premier League,1997/1998,Chelsea,Leeds,0,0
1856,Premier League,1997/1998,Coventry,Tottenham,4,0
1857,Premier League,1997/1998,Crystal Palace,Liverpool,0,3
1858,Premier League,1997/1998,Everton,Wimbledon,0,0
1859,Premier League,1997/1998,Southampton,Leicester,2,1
1860,Premier League,1997/1998,West Ham,Sheffield Weds,1,0
1861,Premier League,1997/1998,Bolton,Derby,3,3
1862,Premier League,1997/1998,Man United,Aston Villa,1,0
1863,Premier League,1997/1998,Newcastle,Derby,0,0
1864,Premier League,1997/1998,Aston Villa,Southampton,1,1
1865,Premier League,1997/1998,Blackburn,West Ham,3,0
1866,Premier League,1997/1998,Derby,Crystal Palace,0,0
1867,Premier League,1997/1998,Leeds,Bolton,2,0
1868,Premier League,1997/1998,Leicester,Everton,0,1
1869,Premier League,1997/1998,Liverpool,Coventry,1,0
1870,Premier League,1997/1998,Sheffield Weds,Chelsea,1,4
1871,Premier League,1997/1998,Tottenham,Barnsley,3,0
1872,Premier League,1997/1998,Newcastle,Man United,0,1
1873,Premier League,1997/1998,Arsenal,Leicester,2,1
1874,Premier League,1997/1998,Aston Villa,Tottenham,4,1
1875,Premier League,1997/1998,Bolton,Barnsley,1,1
1876,Premier League,1997/1998,Chelsea,Wimbledon,1,1
1877,Premier League,1997/1998,Crystal Palace,Southampton,1,1
1878,Premier League,1997/1998,Derby,Newcastle,1,0
1879,Premier League,1997/1998,Liverpool,Leeds,3,1
1880,Premier League,1997/1998,Man United,Everton,2,0
1881,Premier League,1997/1998,Sheffield Weds,Blackburn,0,0
1882,Premier League,1997/1998,West Ham,Coventry,1,0
1883,Premier League,1997/1998,Barnsley,Derby,1,0
1884,Premier League,1997/1998,Blackburn,Crystal Palace,2,2
1885,Premier League,1997/1998,Coventry,Man United,3,2
1886,Premier League,1997/1998,Everton,Bolton,3,2
1887,Premier League,1997/1998,Leeds,Aston Villa,1,1
1888,Premier League,1997/1998,Leicester,Sheffield Weds,1,1
1889,Premier League,1997/1998,Newcastle,Liverpool,1,2
1890,Premier League,1997/1998,Tottenham,Arsenal,1,1
1891,Premier League,1997/1998,Wimbledon,West Ham,1,2
1892,Premier League,1997/1998,Southampton,Chelsea,1,0
1893,Premier League,1997/1998,Arsenal,Leeds,2,1
1894,Premier League,1997/1998,Aston Villa,Leicester,1,1
1895,Premier League,1997/1998,Bolton,Southampton,0,0
1896,Premier League,1997/1998,Chelsea,Coventry,3,1
1897,Premier League,1997/1998,Crystal Palace,Everton,1,3
1898,Premier League,1997/1998,Liverpool,Wimbledon,2,0
1899,Premier League,1997/1998,Man United,Tottenham,2,0
1900,Premier League,1997/1998,Sheffield Weds,Newcastle,2,1
1901,Premier League,1997/1998,West Ham,Barnsley,6,0
1902,Premier League,1997/1998,Derby,Blackburn,3,1
1903,Premier League,1997/1998,Barnsley,Crystal Palace,1,0
1904,Premier League,1997/1998,Blackburn,Aston Villa,5,0
1905,Premier League,1997/1998,Coventry,Arsenal,2,2
1906,Premier League,1997/1998,Leeds,Sheffield Weds,1,2
1907,Premier League,1997/1998,Leicester,Liverpool,0,0
1908,Premier League,1997/1998,Newcastle,Bolton,2,1
1909,Premier League,1997/1998,Tottenham,West Ham,1,0
1910,Premier League,1997/1998,Wimbledon,Derby,0,0
1911,Premier League,1997/1998,Everton,Chelsea,3,1
1912,Premier League,1997/1998,Southampton,Man United,1,0
1913,Premier League,1997/1998,Liverpool,Newcastle,1,0
1914,Premier League,1997/1998,Arsenal,Southampton,3,0
1915,Premier League,1997/1998,Bolton,Coventry,1,5
1916,Premier League,1997/1998,Chelsea,Barnsley,2,0
1917,Premier League,1997/1998,Crystal Palace,Leeds,0,2
1918,Premier League,1997/1998,Derby,Tottenham,2,1
1919,Premier League,1997/1998,Liverpool,Blackburn,0,0
1920,Premier League,1997/1998,Man United,Leicester,0,1
1921,Premier League,1997/1998,Sheffield Weds,Wimbledon,1,1
1922,Premier League,1997/1998,West Ham,Everton,2,2
1923,Premier League,1997/1998,Aston Villa,Newcastle,0,1
1924,Premier League,1997/1998,Barnsley,Everton,2,2
1925,Premier League,1997/1998,Blackburn,Tottenham,0,3
1926,Premier League,1997/1998,Coventry,Sheffield Weds,1,0
1927,Premier League,1997/1998,Derby,Aston Villa,0,1
1928,Premier League,1997/1998,Leicester,Leeds,1,0
1929,Premier League,1997/1998,Liverpool,Southampton,2,3
1930,Premier League,1997/1998,Man United,Bolton,1,1
1931,Premier League,1997/1998,Newcastle,West Ham,0,1
1932,Premier League,1997/1998,Arsenal,Chelsea,2,0
1933,Premier League,1997/1998,Crystal Palace,Wimbledon,0,3
1934,Premier League,1997/1998,Everton,Derby,1,2
1935,Premier League,1997/1998,Sheffield Weds,Liverpool,3,3
1936,Premier League,1997/1998,Tottenham,Leicester,1,1
1937,Premier League,1997/1998,Aston Villa,Man United,0,2
1938,Premier League,1997/1998,Southampton,Coventry,1,2
1939,Premier League,1997/1998,Arsenal,Crystal Palace,1,0
1940,Premier League,1997/1998,Bolton,West Ham,1,1
1941,Premier League,1997/1998,Coventry,Barnsley,1,0
1942,Premier League,1997/1998,Leicester,Chelsea,2,0
1943,Premier League,1997/1998,Man United,Derby,2,0
1944,Premier League,1997/1998,Sheffield Weds,Tottenham,1,0
1945,Premier League,1997/1998,Southampton,Blackburn,3,0
1946,Premier League,1997/1998,Wimbledon,Aston Villa,2,1
1947,Premier League,1997/1998,Newcastle,Leeds,1,1
1948,Premier League,1997/1998,Liverpool,Everton,1,1
1949,Premier League,1997/1998,Aston Villa,Liverpool,2,1
1950,Premier League,1997/1998,Barnsley,Wimbledon,2,1
1951,Premier League,1997/1998,Blackburn,Leicester,5,3
1952,Premier League,1997/1998,Chelsea,Man United,0,1
1953,Premier League,1997/1998,Crystal Palace,Coventry,0,3
1954,Premier League,1997/1998,Derby,Sheffield Weds,3,0
1955,Premier League,1997/1998,Everton,Newcastle,0,0
1956,Premier League,1997/1998,Leeds,Southampton,0,1
1957,Premier League,1997/1998,Tottenham,Bolton,1,0
1958,Premier League,1997/1998,West Ham,Arsenal,0,0
1959,Premier League,1997/1998,Leeds,Tottenham,1,0
1960,Premier League,1997/1998,Liverpool,Bolton,2,1
1961,Premier League,1997/1998,Sheffield Weds,Man United,2,0
1962,Premier League,1997/1998,Southampton,Everton,2,1
1963,Premier League,1997/1998,Chelsea,Aston Villa,0,1
1964,Premier League,1997/1998,Aston Villa,Barnsley,0,1
1965,Premier League,1997/1998,Chelsea,Crystal Palace,6,2
1966,Premier League,1997/1998,Leeds,Blackburn,4,0
1967,Premier League,1997/1998,West Ham,Man United,1,1
1968,Premier League,1997/1998,Wimbledon,Arsenal,0,1
1969,Premier League,1997/1998,Aston Villa,Crystal Palace,3,1
1970,Premier League,1997/1998,Barnsley,Southampton,4,3
1971,Premier League,1997/1998,Bolton,Sheffield Weds,3,2
1972,Premier League,1997/1998,Everton,Blackburn,1,0
1973,Premier League,1997/1998,Man United,Arsenal,0,1
1974,Premier League,1997/1998,Newcastle,Coventry,0,0
1975,Premier League,1997/1998,Tottenham,Liverpool,3,3
1976,Premier League,1997/1998,West Ham,Chelsea,2,1
1977,Premier League,1997/1998,Wimbledon,Leicester,2,1
1978,Premier League,1997/1998,Derby,Leeds,0,5
1979,Premier League,1997/1998,Newcastle,Crystal Palace,1,2
1980,Premier League,1997/1998,Arsenal,Sheffield Weds,1,0
1981,Premier League,1997/1998,Barnsley,Liverpool,2,3
1982,Premier League,1997/1998,Bolton,Leicester,2,0
1983,Premier League,1997/1998,Coventry,Derby,1,0
1984,Premier League,1997/1998,Crystal Palace,Tottenham,1,3
1985,Premier League,1997/1998,Everton,Aston Villa,1,4
1986,Premier League,1997/1998,Man United,Wimbledon,2,0
1987,Premier League,1997/1998,Southampton,Newcastle,2,1
1988,Premier League,1997/1998,West Ham,Leeds,3,0
1989,Premier League,1997/1998,Blackburn,Barnsley,2,1
1990,Premier League,1997/1998,Bolton,Arsenal,0,1
1991,Premier League,1997/1998,Wimbledon,Newcastle,0,0
1992,Premier League,1997/1998,Aston Villa,West Ham,2,0
1993,Premier League,1997/1998,Leeds,Barnsley,2,1
1994,Premier League,1997/1998,Leicester,Coventry,1,1
1995,Premier League,1997/1998,Sheffield Weds,Southampton,1,0
1996,Premier League,1997/1998,Tottenham,Everton,1,1
1997,Premier League,1997/1998,Wimbledon,Bolton,0,0
1998,Premier League,1997/1998,Derby,Chelsea,0,1
1999,Premier League,1997/1998,Blackburn,Man United,1,3
2000,Premier League,1997/1998,Leeds,Chelsea,3,1
2001,Premier League,1997/1998,Man United,Liverpool,1,1
2002,Premier League,1997/1998,Arsenal,Newcastle,3,1
2003,Premier League,1997/1998,Barnsley,Sheffield Weds,2,1
2004,Premier League,1997/1998,Bolton,Blackburn,2,1
2005,Premier League,1997/1998,Chelsea,Tottenham,2,0
2006,Premier League,1997/1998,Coventry,Aston Villa,1,2
2007,Premier League,1997/1998,Crystal Palace,Leicester,0,3
2008,Premier League,1997/1998,Everton,Leeds,2,0
2009,Premier League,1997/1998,Southampton,Wimbledon,0,1
2010,Premier League,1997/1998,West Ham,Derby,0,0
2011,Premier League,1997/1998,Blackburn,Arsenal,1,4
2012,Premier League,1997/1998,Derby,Bolton,4,0
2013,Premier League,1997/1998,Liverpool,Crystal Palace,2,1
2014,Premier League,1997/1998,Newcastle,Barnsley,2,1
2015,Premier League,1997/1998,Sheffield Weds,West Ham,1,1
2016,Premier League,1997/1998,Tottenham,Coventry,1,1
2017,Premier League,1997/1998,Wimbledon,Everton,0,0
2018,Premier League,1997/1998,Leicester,Southampton,3,3
2019,Premier League,1997/1998,Arsenal,Wimbledon,5,0
2020,Premier League,1997/1998,Barnsley,Tottenham,1,1
2021,Premier League,1997/1998,Bolton,Leeds,2,3
2022,Premier League,1997/1998,Crystal Palace,Derby,3,1
2023,Premier League,1997/1998,Everton,Leicester,1,1
2024,Premier League,1997/1998,Man United,Newcastle,1,1
2025,Premier League,1997/1998,Southampton,Aston Villa,1,2
2026,Premier League,1997/1998,West Ham,Blackburn,2,1
2027,Premier League,1997/1998,Chelsea,Sheffield Weds,1,0
2028,Premier League,1997/1998,Coventry,Liverpool,1,1
2029,Premier League,1997/1998,Aston Villa,Bolton,1,3
2030,Premier League,1997/1998,Barnsley,Arsenal,0,2
2031,Premier League,1997/1998,Blackburn,Wimbledon,0,0
2032,Premier League,1997/1998,Chelsea,Liverpool,4,1
2033,Premier League,1997/1998,Everton,Sheffield Weds,1,3
2034,Premier League,1997/1998,Leeds,Coventry,3,3
2035,Premier League,1997/1998,Tottenham,Newcastle,2,0
2036,Premier League,1997/1998,West Ham,Southampton,2,4
2037,Premier League,1997/1998,Derby,Leicester,0,4
2038,Premier League,1997/1998,Crystal Palace,Man United,0,3
2039,Premier League,1997/1998,Arsenal,Derby,1,0
2040,Premier League,1997/1998,Chelsea,Blackburn,0,1
2041,Premier League,1997/1998,Coventry,Wimbledon,0,0
2042,Premier League,1997/1998,Leicester,Newcastle,0,0
2043,Premier League,1997/1998,Bolton,Crystal Palace,5,2
2044,Premier League,1997/1998,Coventry,Blackburn,2,0
2045,Premier League,1997/1998,Leicester,Barnsley,1,0
2046,Premier League,1997/1998,Liverpool,West Ham,5,0
2047,Premier League,1997/1998,Newcastle,Chelsea,3,1
2048,Premier League,1997/1998,Sheffield Weds,Aston Villa,1,3
2049,Premier League,1997/1998,Southampton,Derby,0,2
2050,Premier League,1997/1998,Wimbledon,Tottenham,2,6
2051,Premier League,1997/1998,Arsenal,Everton,4,0
2052,Premier League,1997/1998,Man United,Leeds,3,0
2053,Premier League,1997/1998,Crystal Palace,West Ham,3,3
2054,Premier League,1997/1998,Liverpool,Arsenal,4,0
2055,Premier League,1997/1998,Aston Villa,Arsenal,1,0
2056,Premier League,1997/1998,Barnsley,Man United,0,2
2057,Premier League,1997/1998,Blackburn,Newcastle,1,0
2058,Premier League,1997/1998,Chelsea,Bolton,2,0
2059,Premier League,1997/1998,Crystal Palace,Sheffield Weds,1,0
2060,Premier League,1997/1998,Derby,Liverpool,1,0
2061,Premier League,1997/1998,Everton,Coventry,1,1
2062,Premier League,1997/1998,Leeds,Wimbledon,1,1
2063,Premier League,1997/1998,Tottenham,Southampton,1,1
2064,Premier League,1997/1998,West Ham,Leicester,4,3
2065,Premier League,1998/1999,Blackburn,Derby,0,0
2066,Premier League,1998/1999,Coventry,Chelsea,2,1
2067,Premier League,1998/1999,Everton,Aston Villa,0,0
2068,Premier League,1998/1999,Man United,Leicester,2,2
2069,Premier League,1998/1999,Middlesbrough,Leeds,0,0
2070,Premier League,1998/1999,Newcastle,Charlton,0,0
2071,Premier League,1998/1999,Sheffield Weds,West Ham,0,1
2072,Premier League,1998/1999,Wimbledon,Tottenham,3,1
2073,Premier League,1998/1999,Southampton,Liverpool,1,2
2074,Premier League,1998/1999,Arsenal,Nott'm Forest,2,1
2075,Premier League,1998/1999,Charlton,Southampton,5,0
2076,Premier League,1998/1999,Chelsea,Newcastle,1,1
2077,Premier League,1998/1999,Derby,Wimbledon,0,0
2078,Premier League,1998/1999,Leicester,Everton,2,0
2079,Premier League,1998/1999,Liverpool,Arsenal,0,0
2080,Premier League,1998/1999,Nott'm Forest,Coventry,1,0
2081,Premier League,1998/1999,Tottenham,Sheffield Weds,0,3
2082,Premier League,1998/1999,West Ham,Man United,0,0
2083,Premier League,1998/1999,Aston Villa,Middlesbrough,3,1
2084,Premier League,1998/1999,Leeds,Blackburn,1,0
2085,Premier League,1998/1999,Arsenal,Charlton,0,0
2086,Premier League,1998/1999,Blackburn,Leicester,1,0
2087,Premier League,1998/1999,Coventry,West Ham,0,0
2088,Premier League,1998/1999,Everton,Tottenham,0,1
2089,Premier League,1998/1999,Middlesbrough,Derby,1,1
2090,Premier League,1998/1999,Sheffield Weds,Aston Villa,0,1
2091,Premier League,1998/1999,Southampton,Nott'm Forest,1,2
2092,Premier League,1998/1999,Wimbledon,Leeds,1,1
2093,Premier League,1998/1999,Newcastle,Liverpool,1,4
2094,Premier League,1998/1999,Leeds,Southampton,3,0
2095,Premier League,1998/1999,Nott'm Forest,Everton,0,2
2096,Premier League,1998/1999,Aston Villa,Newcastle,1,0
2097,Premier League,1998/1999,Chelsea,Arsenal,0,0
2098,Premier League,1998/1999,Derby,Sheffield Weds,1,0
2099,Premier League,1998/1999,Leicester,Middlesbrough,0,1
2100,Premier League,1998/1999,Liverpool,Coventry,2,0
2101,Premier League,1998/1999,Man United,Charlton,4,1
2102,Premier League,1998/1999,Tottenham,Blackburn,2,1
2103,Premier League,1998/1999,West Ham,Wimbledon,3,4
2104,Premier League,1998/1999,Aston Villa,Wimbledon,2,0
2105,Premier League,1998/1999,Charlton,Derby,1,2
2106,Premier League,1998/1999,Chelsea,Nott'm Forest,2,1
2107,Premier League,1998/1999,Everton,Leeds,0,0
2108,Premier League,1998/1999,Leicester,Arsenal,1,1
2109,Premier League,1998/1999,Man United,Coventry,2,0
2110,Premier League,1998/1999,Newcastle,Southampton,4,0
2111,Premier League,1998/1999,Sheffield Weds,Blackburn,3,0
2112,Premier League,1998/1999,West Ham,Liverpool,2,1
2113,Premier League,1998/1999,Tottenham,Middlesbrough,0,3
2114,Premier League,1998/1999,Coventry,Newcastle,1,5
2115,Premier League,1998/1999,Derby,Leicester,2,0
2116,Premier League,1998/1999,Leeds,Aston Villa,0,0
2117,Premier League,1998/1999,Liverpool,Charlton,3,3
2118,Premier League,1998/1999,Middlesbrough,Everton,2,2
2119,Premier League,1998/1999,Nott'm Forest,West Ham,0,0
2120,Premier League,1998/1999,Southampton,Tottenham,1,1
2121,Premier League,1998/1999,Wimbledon,Sheffield Weds,2,1
2122,Premier League,1998/1999,Arsenal,Man United,3,0
2123,Premier League,1998/1999,Blackburn,Chelsea,3,4
2124,Premier League,1998/1999,Man United,Liverpool,2,0
2125,Premier League,1998/1999,Aston Villa,Derby,1,0
2126,Premier League,1998/1999,Charlton,Coventry,1,1
2127,Premier League,1998/1999,Chelsea,Middlesbrough,2,0
2128,Premier League,1998/1999,Everton,Blackburn,0,0
2129,Premier League,1998/1999,Newcastle,Nott'm Forest,2,0
2130,Premier League,1998/1999,Sheffield Weds,Arsenal,1,0
2131,Premier League,1998/1999,Tottenham,Leeds,3,3
2132,Premier League,1998/1999,Leicester,Wimbledon,1,1
2133,Premier League,1998/1999,West Ham,Southampton,1,0
2134,Premier League,1998/1999,Blackburn,West Ham,3,0
2135,Premier League,1998/1999,Coventry,Aston Villa,1,2
2136,Premier League,1998/1999,Derby,Tottenham,0,1
2137,Premier League,1998/1999,Leeds,Leicester,0,1
2138,Premier League,1998/1999,Middlesbrough,Sheffield Weds,4,0
2139,Premier League,1998/1999,Nott'm Forest,Charlton,0,1
2140,Premier League,1998/1999,Southampton,Man United,0,3
2141,Premier League,1998/1999,Wimbledon,Everton,1,2
2142,Premier League,1998/1999,Arsenal,Newcastle,3,0
2143,Premier League,1998/1999,Liverpool,Chelsea,1,1
2144,Premier League,1998/1999,Arsenal,Southampton,1,1
2145,Premier League,1998/1999,Chelsea,Charlton,2,1
2146,Premier League,1998/1999,Everton,Liverpool,0,0
2147,Premier League,1998/1999,Man United,Wimbledon,5,1
2148,Premier League,1998/1999,Middlesbrough,Blackburn,2,1
2149,Premier League,1998/1999,Newcastle,Derby,2,1
2150,Premier League,1998/1999,Nott'm Forest,Leeds,1,1
2151,Premier League,1998/1999,West Ham,Aston Villa,0,0
2152,Premier League,1998/1999,Coventry,Sheffield Weds,1,0
2153,Premier League,1998/1999,Leicester,Tottenham,2,1
2154,Premier League,1998/1999,Aston Villa,Leicester,1,1
2155,Premier League,1998/1999,Charlton,West Ham,4,2
2156,Premier League,1998/1999,Derby,Man United,1,1
2157,Premier League,1998/1999,Liverpool,Nott'm Forest,5,1
2158,Premier League,1998/1999,Sheffield Weds,Everton,0,0
2159,Premier League,1998/1999,Southampton,Coventry,2,1
2160,Premier League,1998/1999,Tottenham,Newcastle,2,0
2161,Premier League,1998/1999,Wimbledon,Middlesbrough,2,2
2162,Premier League,1998/1999,Blackburn,Arsenal,1,2
2163,Premier League,1998/1999,Leeds,Chelsea,0,0
2164,Premier League,1998/1999,Coventry,Arsenal,0,1
2165,Premier League,1998/1999,Derby,Leeds,2,2
2166,Premier League,1998/1999,Everton,Man United,1,4
2167,Premier League,1998/1999,Leicester,Liverpool,1,0
2168,Premier League,1998/1999,Newcastle,West Ham,0,3
2169,Premier League,1998/1999,Sheffield Weds,Southampton,0,0
2170,Premier League,1998/1999,Wimbledon,Blackburn,1,1
2171,Premier League,1998/1999,Middlesbrough,Nott'm Forest,1,1
2172,Premier League,1998/1999,Tottenham,Charlton,2,2
2173,Premier League,1998/1999,Aston Villa,Tottenham,3,2
2174,Premier League,1998/1999,Blackburn,Coventry,1,2
2175,Premier League,1998/1999,Charlton,Leicester,0,0
2176,Premier League,1998/1999,Liverpool,Derby,1,2
2177,Premier League,1998/1999,Nott'm Forest,Wimbledon,0,1
2178,Premier League,1998/1999,Southampton,Middlesbrough,3,3
2179,Premier League,1998/1999,Arsenal,Everton,1,0
2180,Premier League,1998/1999,Leeds,Sheffield Weds,2,1
2181,Premier League,1998/1999,Man United,Newcastle,0,0
2182,Premier League,1998/1999,West Ham,Chelsea,1,1
2183,Premier League,1998/1999,Arsenal,Tottenham,0,0
2184,Premier League,1998/1999,Charlton,Middlesbrough,1,1
2185,Premier League,1998/1999,Chelsea,Wimbledon,3,0
2186,Premier League,1998/1999,Liverpool,Leeds,1,3
2187,Premier League,1998/1999,Man United,Blackburn,3,2
2188,Premier League,1998/1999,Newcastle,Sheffield Weds,1,1
2189,Premier League,1998/1999,Southampton,Aston Villa,1,4
2190,Premier League,1998/1999,West Ham,Leicester,3,2
2191,Premier League,1998/1999,Coventry,Everton,3,0
2192,Premier League,1998/1999,Nott'm Forest,Derby,2,2
2193,Premier League,1998/1999,Aston Villa,Liverpool,2,4
2194,Premier League,1998/1999,Blackburn,Southampton,0,2
2195,Premier League,1998/1999,Leeds,Charlton,4,1
2196,Premier League,1998/1999,Leicester,Chelsea,2,4
2197,Premier League,1998/1999,Middlesbrough,Coventry,2,0
2198,Premier League,1998/1999,Sheffield Weds,Man United,3,1
2199,Premier League,1998/1999,Tottenham,Nott'm Forest,2,0
2200,Premier League,1998/1999,Wimbledon,Arsenal,1,0
2201,Premier League,1998/1999,Derby,West Ham,0,2
2202,Premier League,1998/1999,Everton,Newcastle,1,0
2203,Premier League,1998/1999,Charlton,Everton,1,2
2204,Premier League,1998/1999,Chelsea,Sheffield Weds,1,1
2205,Premier League,1998/1999,Coventry,Leicester,1,1
2206,Premier League,1998/1999,Newcastle,Wimbledon,3,1
2207,Premier League,1998/1999,Nott'm Forest,Aston Villa,2,2
2208,Premier League,1998/1999,Southampton,Derby,0,1
2209,Premier League,1998/1999,West Ham,Tottenham,2,1
2210,Premier League,1998/1999,Arsenal,Middlesbrough,1,1
2211,Premier League,1998/1999,Liverpool,Blackburn,2,0
2212,Premier League,1998/1999,Man United,Leeds,3,2
2213,Premier League,1998/1999,Aston Villa,Man United,1,1
2214,Premier League,1998/1999,Blackburn,Charlton,1,0
2215,Premier League,1998/1999,Derby,Arsenal,0,0
2216,Premier League,1998/1999,Everton,Chelsea,0,0
2217,Premier League,1998/1999,Leeds,West Ham,4,0
2218,Premier League,1998/1999,Leicester,Southampton,2,0
2219,Premier League,1998/1999,Tottenham,Liverpool,2,1
2220,Premier League,1998/1999,Wimbledon,Coventry,2,1
2221,Premier League,1998/1999,Middlesbrough,Newcastle,2,2
2222,Premier League,1998/1999,Sheffield Weds,Nott'm Forest,3,2
2223,Premier League,1998/1999,Chelsea,Aston Villa,2,1
2224,Premier League,1998/1999,Blackburn,Newcastle,0,0
2225,Premier League,1998/1999,Derby,Chelsea,2,2
2226,Premier League,1998/1999,Everton,Southampton,1,0
2227,Premier League,1998/1999,Leicester,Nott'm Forest,3,1
2228,Premier League,1998/1999,Middlesbrough,West Ham,1,0
2229,Premier League,1998/1999,Sheffield Weds,Charlton,3,0
2230,Premier League,1998/1999,Tottenham,Man United,2,2
2231,Premier League,1998/1999,Aston Villa,Arsenal,3,2
2232,Premier League,1998/1999,Wimbledon,Liverpool,1,0
2233,Premier League,1998/1999,Leeds,Coventry,2,0
2234,Premier League,1998/1999,Man United,Chelsea,1,1
2235,Premier League,1998/1999,Chelsea,Tottenham,2,0
2236,Premier League,1998/1999,Coventry,Derby,1,1
2237,Premier League,1998/1999,Liverpool,Sheffield Weds,2,0
2238,Premier League,1998/1999,Man United,Middlesbrough,2,3
2239,Premier League,1998/1999,Newcastle,Leicester,1,0
2240,Premier League,1998/1999,Nott'm Forest,Blackburn,2,2
2241,Premier League,1998/1999,Southampton,Wimbledon,3,1
2242,Premier League,1998/1999,West Ham,Everton,2,1
2243,Premier League,1998/1999,Arsenal,Leeds,3,1
2244,Premier League,1998/1999,Charlton,Aston Villa,0,1
2245,Premier League,1998/1999,Arsenal,West Ham,1,0
2246,Premier League,1998/1999,Blackburn,Aston Villa,2,1
2247,Premier League,1998/1999,Coventry,Tottenham,1,1
2248,Premier League,1998/1999,Everton,Derby,0,0
2249,Premier League,1998/1999,Man United,Nott'm Forest,3,0
2250,Premier League,1998/1999,Middlesbrough,Liverpool,1,3
2251,Premier League,1998/1999,Newcastle,Leeds,0,3
2252,Premier League,1998/1999,Sheffield Weds,Leicester,0,1
2253,Premier League,1998/1999,Southampton,Chelsea,0,2
2254,Premier League,1998/1999,Wimbledon,Charlton,2,1
2255,Premier League,1998/1999,Aston Villa,Sheffield Weds,2,1
2256,Premier League,1998/1999,Charlton,Arsenal,0,1
2257,Premier League,1998/1999,Derby,Middlesbrough,2,1
2258,Premier League,1998/1999,Leicester,Blackburn,1,1
2259,Premier League,1998/1999,Liverpool,Newcastle,4,2
2260,Premier League,1998/1999,Nott'm Forest,Southampton,1,1
2261,Premier League,1998/1999,Tottenham,Everton,4,1
2262,Premier League,1998/1999,West Ham,Coventry,2,0
2263,Premier League,1998/1999,Chelsea,Man United,0,0
2264,Premier League,1998/1999,Leeds,Wimbledon,2,2
2265,Premier League,1998/1999,Arsenal,Liverpool,0,0
2266,Premier League,1998/1999,Blackburn,Leeds,1,0
2267,Premier League,1998/1999,Coventry,Nott'm Forest,4,0
2268,Premier League,1998/1999,Everton,Leicester,0,0
2269,Premier League,1998/1999,Middlesbrough,Aston Villa,0,0
2270,Premier League,1998/1999,Newcastle,Chelsea,0,1
2271,Premier League,1998/1999,Sheffield Weds,Tottenham,0,0
2272,Premier League,1998/1999,Southampton,Charlton,3,1
2273,Premier League,1998/1999,Wimbledon,Derby,2,1
2274,Premier League,1998/1999,Man United,West Ham,4,1
2275,Premier League,1998/1999,Chelsea,Coventry,2,1
2276,Premier League,1998/1999,Derby,Blackburn,1,0
2277,Premier League,1998/1999,Leeds,Middlesbrough,2,0
2278,Premier League,1998/1999,Leicester,Man United,2,6
2279,Premier League,1998/1999,Liverpool,Southampton,7,1
2280,Premier League,1998/1999,Nott'm Forest,Arsenal,0,1
2281,Premier League,1998/1999,Tottenham,Wimbledon,0,0
2282,Premier League,1998/1999,West Ham,Sheffield Weds,0,4
2283,Premier League,1998/1999,Charlton,Newcastle,2,2
2284,Premier League,1998/1999,Aston Villa,Everton,3,0
2285,Premier League,1998/1999,Blackburn,Tottenham,1,1
2286,Premier League,1998/1999,Coventry,Liverpool,2,1
2287,Premier League,1998/1999,Everton,Nott'm Forest,0,1
2288,Premier League,1998/1999,Middlesbrough,Leicester,0,0
2289,Premier League,1998/1999,Newcastle,Aston Villa,2,1
2290,Premier League,1998/1999,Sheffield Weds,Derby,0,1
2291,Premier League,1998/1999,Southampton,Leeds,3,0
2292,Premier League,1998/1999,Wimbledon,West Ham,0,0
2293,Premier League,1998/1999,Arsenal,Chelsea,1,0
2294,Premier League,1998/1999,Charlton,Man United,0,1
2295,Premier League,1998/1999,Man United,Derby,1,0
2296,Premier League,1998/1999,Aston Villa,Blackburn,1,3
2297,Premier League,1998/1999,Chelsea,Southampton,1,0
2298,Premier League,1998/1999,Leeds,Newcastle,0,1
2299,Premier League,1998/1999,Leicester,Sheffield Weds,0,2
2300,Premier League,1998/1999,Liverpool,Middlesbrough,3,1
2301,Premier League,1998/1999,Nott'm Forest,Man United,1,8
2302,Premier League,1998/1999,Tottenham,Coventry,0,0
2303,Premier League,1998/1999,West Ham,Arsenal,0,4
2304,Premier League,1998/1999,Derby,Everton,2,1
2305,Premier League,1998/1999,Charlton,Wimbledon,2,0
2306,Premier League,1998/1999,Charlton,Liverpool,1,0
2307,Premier League,1998/1999,West Ham,Nott'm Forest,2,1
2308,Premier League,1998/1999,Aston Villa,Leeds,1,2
2309,Premier League,1998/1999,Chelsea,Blackburn,1,1
2310,Premier League,1998/1999,Everton,Middlesbrough,5,0
2311,Premier League,1998/1999,Man United,Arsenal,1,1
2312,Premier League,1998/1999,Newcastle,Coventry,4,1
2313,Premier League,1998/1999,Arsenal,Leicester,5,0
2314,Premier League,1998/1999,Blackburn,Sheffield Weds,1,4
2315,Premier League,1998/1999,Coventry,Man United,0,1
2316,Premier League,1998/1999,Derby,Charlton,0,2
2317,Premier League,1998/1999,Leeds,Everton,1,0
2318,Premier League,1998/1999,Liverpool,West Ham,2,2
2319,Premier League,1998/1999,Middlesbrough,Tottenham,0,0
2320,Premier League,1998/1999,Nott'm Forest,Chelsea,1,3
2321,Premier League,1998/1999,Southampton,Newcastle,2,1
2322,Premier League,1998/1999,Wimbledon,Aston Villa,0,0
2323,Premier League,1998/1999,Aston Villa,Coventry,1,4
2324,Premier League,1998/1999,Charlton,Nott'm Forest,0,0
2325,Premier League,1998/1999,Chelsea,Liverpool,2,1
2326,Premier League,1998/1999,Everton,Wimbledon,1,1
2327,Premier League,1998/1999,Man United,Southampton,2,1
2328,Premier League,1998/1999,Sheffield Weds,Middlesbrough,3,1
2329,Premier League,1998/1999,Tottenham,Derby,1,1
2330,Premier League,1998/1999,West Ham,Blackburn,2,0
2331,Premier League,1998/1999,Newcastle,Arsenal,1,1
2332,Premier League,1998/1999,Leicester,Leeds,1,2
2333,Premier League,1998/1999,Tottenham,Southampton,3,0
2334,Premier League,1998/1999,Sheffield Weds,Wimbledon,1,2
2335,Premier League,1998/1999,Coventry,Charlton,2,1
2336,Premier League,1998/1999,Southampton,West Ham,1,0
2337,Premier League,1998/1999,Wimbledon,Leicester,0,1
2338,Premier League,1998/1999,Arsenal,Sheffield Weds,3,0
2339,Premier League,1998/1999,Blackburn,Everton,1,2
2340,Premier League,1998/1999,Derby,Aston Villa,2,1
2341,Premier League,1998/1999,Leeds,Tottenham,2,0
2342,Premier League,1998/1999,Nott'm Forest,Newcastle,1,2
2343,Premier League,1998/1999,Chelsea,West Ham,0,1
2344,Premier League,1998/1999,Coventry,Blackburn,1,1
2345,Premier League,1998/1999,Derby,Liverpool,3,2
2346,Premier League,1998/1999,Everton,Arsenal,0,2
2347,Premier League,1998/1999,Leicester,Charlton,1,1
2348,Premier League,1998/1999,Newcastle,Man United,1,2
2349,Premier League,1998/1999,Sheffield Weds,Leeds,0,2
2350,Premier League,1998/1999,Tottenham,Aston Villa,1,0
2351,Premier League,1998/1999,Wimbledon,Nott'm Forest,1,3
2352,Premier League,1998/1999,Middlesbrough,Southampton,3,0
2353,Premier League,1998/1999,Arsenal,Coventry,2,0
2354,Premier League,1998/1999,Blackburn,Wimbledon,3,1
2355,Premier League,1998/1999,Leeds,Derby,4,1
2356,Premier League,1998/1999,Nott'm Forest,Middlesbrough,1,2
2357,Premier League,1998/1999,Southampton,Sheffield Weds,1,0
2358,Premier League,1998/1999,West Ham,Newcastle,2,0
2359,Premier League,1998/1999,Aston Villa,Chelsea,0,3
2360,Premier League,1998/1999,Man United,Everton,3,1
2361,Premier League,1998/1999,Aston Villa,West Ham,0,0
2362,Premier League,1998/1999,Blackburn,Middlesbrough,0,0
2363,Premier League,1998/1999,Charlton,Chelsea,0,1
2364,Premier League,1998/1999,Derby,Newcastle,3,4
2365,Premier League,1998/1999,Leeds,Nott'm Forest,3,1
2366,Premier League,1998/1999,Liverpool,Everton,3,2
2367,Premier League,1998/1999,Sheffield Weds,Coventry,1,2
2368,Premier League,1998/1999,Southampton,Arsenal,0,0
2369,Premier League,1998/1999,Tottenham,Leicester,0,2
2370,Premier League,1998/1999,Wimbledon,Man United,1,1
2371,Premier League,1998/1999,Coventry,Southampton,1,0
2372,Premier League,1998/1999,Everton,Sheffield Weds,1,2
2373,Premier League,1998/1999,Middlesbrough,Wimbledon,3,1
2374,Premier League,1998/1999,Newcastle,Tottenham,1,1
2375,Premier League,1998/1999,Nott'm Forest,Liverpool,2,2
2376,Premier League,1998/1999,West Ham,Charlton,0,1
2377,Premier League,1998/1999,Arsenal,Blackburn,1,0
2378,Premier League,1998/1999,Leicester,Aston Villa,2,2
2379,Premier League,1998/1999,Aston Villa,Southampton,3,0
2380,Premier League,1998/1999,Derby,Nott'm Forest,1,0
2381,Premier League,1998/1999,Leicester,West Ham,0,0
2382,Premier League,1998/1999,Middlesbrough,Charlton,2,0
2383,Premier League,1998/1999,Everton,Coventry,2,0
2384,Premier League,1998/1999,Wimbledon,Chelsea,1,2
2385,Premier League,1998/1999,Leeds,Liverpool,0,0
2386,Premier League,1998/1999,Middlesbrough,Chelsea,0,0
2387,Premier League,1998/1999,Charlton,Leeds,1,1
2388,Premier League,1998/1999,Coventry,Middlesbrough,1,2
2389,Premier League,1998/1999,Liverpool,Aston Villa,0,1
2390,Premier League,1998/1999,Man United,Sheffield Weds,3,0
2391,Premier League,1998/1999,Newcastle,Everton,1,3
2392,Premier League,1998/1999,Nott'm Forest,Tottenham,0,1
2393,Premier League,1998/1999,Southampton,Blackburn,3,3
2394,Premier League,1998/1999,West Ham,Derby,5,1
2395,Premier League,1998/1999,Chelsea,Leicester,2,2
2396,Premier League,1998/1999,Arsenal,Wimbledon,5,1
2397,Premier League,1998/1999,Charlton,Tottenham,1,4
2398,Premier League,1998/1999,Liverpool,Leicester,0,1
2399,Premier League,1998/1999,Sheffield Weds,Newcastle,1,1
2400,Premier League,1998/1999,Aston Villa,Nott'm Forest,2,0
2401,Premier League,1998/1999,Blackburn,Liverpool,1,3
2402,Premier League,1998/1999,Derby,Southampton,0,0
2403,Premier League,1998/1999,Everton,Charlton,4,1
2404,Premier League,1998/1999,Leicester,Coventry,1,0
2405,Premier League,1998/1999,Middlesbrough,Arsenal,1,6
2406,Premier League,1998/1999,Tottenham,West Ham,1,2
2407,Premier League,1998/1999,Wimbledon,Newcastle,1,1
2408,Premier League,1998/1999,Leeds,Man United,1,1
2409,Premier League,1998/1999,Sheffield Weds,Chelsea,0,0
2410,Premier League,1998/1999,Charlton,Blackburn,0,0
2411,Premier League,1998/1999,Chelsea,Everton,3,1
2412,Premier League,1998/1999,Coventry,Wimbledon,2,1
2413,Premier League,1998/1999,Liverpool,Tottenham,3,2
2414,Premier League,1998/1999,Man United,Aston Villa,2,1
2415,Premier League,1998/1999,Newcastle,Middlesbrough,1,1
2416,Premier League,1998/1999,Nott'm Forest,Sheffield Weds,2,0
2417,Premier League,1998/1999,Southampton,Leicester,2,1
2418,Premier League,1998/1999,West Ham,Leeds,1,5
2419,Premier League,1998/1999,Arsenal,Derby,1,0
2420,Premier League,1998/1999,Chelsea,Leeds,1,0
2421,Premier League,1998/1999,Leicester,Derby,1,2
2422,Premier League,1998/1999,Liverpool,Man United,2,2
2423,Premier League,1998/1999,Tottenham,Arsenal,1,3
2424,Premier League,1998/1999,Aston Villa,Charlton,3,4
2425,Premier League,1998/1999,Blackburn,Nott'm Forest,1,2
2426,Premier League,1998/1999,Derby,Coventry,0,0
2427,Premier League,1998/1999,Everton,West Ham,6,0
2428,Premier League,1998/1999,Leicester,Newcastle,2,0
2429,Premier League,1998/1999,Sheffield Weds,Liverpool,1,0
2430,Premier League,1998/1999,Wimbledon,Southampton,0,2
2431,Premier League,1998/1999,Middlesbrough,Man United,0,1
2432,Premier League,1998/1999,Tottenham,Chelsea,2,2
2433,Premier League,1998/1999,Leeds,Arsenal,1,0
2434,Premier League,1998/1999,Blackburn,Man United,0,0
2435,Premier League,1998/1999,Arsenal,Aston Villa,1,0
2436,Premier League,1998/1999,Charlton,Sheffield Weds,0,1
2437,Premier League,1998/1999,Chelsea,Derby,2,1
2438,Premier League,1998/1999,Coventry,Leeds,2,2
2439,Premier League,1998/1999,Liverpool,Wimbledon,3,0
2440,Premier League,1998/1999,Man United,Tottenham,2,1
2441,Premier League,1998/1999,Newcastle,Blackburn,1,1
2442,Premier League,1998/1999,Nott'm Forest,Leicester,1,0
2443,Premier League,1998/1999,Southampton,Everton,2,0
2444,Premier League,1998/1999,West Ham,Middlesbrough,4,0
2445,Premier League,1999/2000,Arsenal,Leicester,2,1
2446,Premier League,1999/2000,Chelsea,Sunderland,4,0
2447,Premier League,1999/2000,Coventry,Southampton,0,1
2448,Premier League,1999/2000,Leeds,Derby,0,0
2449,Premier League,1999/2000,Middlesbrough,Bradford,0,1
2450,Premier League,1999/2000,Newcastle,Aston Villa,0,1
2451,Premier League,1999/2000,Sheffield Weds,Liverpool,1,2
2452,Premier League,1999/2000,Watford,Wimbledon,2,3
2453,Premier League,1999/2000,West Ham,Tottenham,1,0
2454,Premier League,1999/2000,Everton,Man United,1,1
2455,Premier League,1999/2000,Tottenham,Newcastle,3,1
2456,Premier League,1999/2000,Derby,Arsenal,1,2
2457,Premier League,1999/2000,Sunderland,Watford,2,0
2458,Premier League,1999/2000,Wimbledon,Middlesbrough,2,3
2459,Premier League,1999/2000,Aston Villa,Everton,3,0
2460,Premier League,1999/2000,Leicester,Coventry,1,0
2461,Premier League,1999/2000,Man United,Sheffield Weds,4,0
2462,Premier League,1999/2000,Southampton,Leeds,0,3
2463,Premier League,1999/2000,Bradford,Sheffield Weds,1,1
2464,Premier League,1999/2000,Derby,Middlesbrough,1,3
2465,Premier League,1999/2000,Leicester,Chelsea,2,2
2466,Premier League,1999/2000,Liverpool,Watford,0,1
2467,Premier League,1999/2000,Man United,Leeds,2,0
2468,Premier League,1999/2000,Sunderland,Arsenal,0,0
2469,Premier League,1999/2000,Tottenham,Everton,3,2
2470,Premier League,1999/2000,Wimbledon,Coventry,1,1
2471,Premier League,1999/2000,Southampton,Newcastle,4,2
2472,Premier League,1999/2000,Aston Villa,West Ham,2,2
2473,Premier League,1999/2000,Chelsea,Aston Villa,1,0
2474,Premier League,1999/2000,Coventry,Derby,2,0
2475,Premier League,1999/2000,Everton,Southampton,4,1
2476,Premier League,1999/2000,Leeds,Sunderland,2,1
2477,Premier League,1999/2000,Middlesbrough,Liverpool,1,0
2478,Premier League,1999/2000,Newcastle,Wimbledon,3,3
2479,Premier League,1999/2000,Sheffield Weds,Tottenham,1,2
2480,Premier League,1999/2000,Watford,Bradford,1,0
2481,Premier League,1999/2000,West Ham,Leicester,2,1
2482,Premier League,1999/2000,Arsenal,Man United,1,2
2483,Premier League,1999/2000,Leeds,Liverpool,1,2
2484,Premier League,1999/2000,Middlesbrough,Leicester,0,3
2485,Premier League,1999/2000,Watford,Aston Villa,0,1
2486,Premier League,1999/2000,Arsenal,Bradford,2,0
2487,Premier League,1999/2000,Coventry,Man United,1,2
2488,Premier League,1999/2000,Everton,Wimbledon,4,0
2489,Premier League,1999/2000,Newcastle,Sunderland,1,2
2490,Premier League,1999/2000,Sheffield Weds,Derby,0,2
2491,Premier League,1999/2000,Aston Villa,Middlesbrough,1,0
2492,Premier League,1999/2000,Bradford,West Ham,0,3
2493,Premier League,1999/2000,Derby,Everton,1,0
2494,Premier League,1999/2000,Liverpool,Arsenal,2,0
2495,Premier League,1999/2000,Southampton,Sheffield Weds,2,0
2496,Premier League,1999/2000,Tottenham,Leeds,1,2
2497,Premier League,1999/2000,Wimbledon,Chelsea,0,1
2498,Premier League,1999/2000,Sunderland,Coventry,1,1
2499,Premier League,1999/2000,Leicester,Watford,1,0
2500,Premier League,1999/2000,Man United,Newcastle,5,1
2501,Premier League,1999/2000,Arsenal,Aston Villa,3,1
2502,Premier League,1999/2000,Chelsea,Newcastle,1,0
2503,Premier League,1999/2000,Coventry,Leeds,3,4
2504,Premier League,1999/2000,Liverpool,Man United,2,3
2505,Premier League,1999/2000,Middlesbrough,Southampton,3,2
2506,Premier League,1999/2000,Sheffield Weds,Everton,0,2
2507,Premier League,1999/2000,Sunderland,Leicester,2,0
2508,Premier League,1999/2000,West Ham,Watford,1,0
2509,Premier League,1999/2000,Wimbledon,Derby,2,2
2510,Premier League,1999/2000,Bradford,Tottenham,1,1
2511,Premier League,1999/2000,Aston Villa,Bradford,1,0
2512,Premier League,1999/2000,Derby,Sunderland,0,5
2513,Premier League,1999/2000,Leicester,Liverpool,2,2
2514,Premier League,1999/2000,Man United,Wimbledon,1,1
2515,Premier League,1999/2000,Southampton,Arsenal,0,1
2516,Premier League,1999/2000,Watford,Chelsea,1,0
2517,Premier League,1999/2000,Everton,West Ham,1,0
2518,Premier League,1999/2000,Leeds,Middlesbrough,2,0
2519,Premier League,1999/2000,Newcastle,Sheffield Weds,8,0
2520,Premier League,1999/2000,Tottenham,Coventry,3,2
2521,Premier League,1999/2000,Arsenal,Watford,1,0
2522,Premier League,1999/2000,Coventry,West Ham,1,0
2523,Premier League,1999/2000,Derby,Bradford,0,1
2524,Premier League,1999/2000,Leeds,Newcastle,3,2
2525,Premier League,1999/2000,Leicester,Aston Villa,3,1
2526,Premier League,1999/2000,Man United,Southampton,3,3
2527,Premier League,1999/2000,Middlesbrough,Chelsea,0,1
2528,Premier League,1999/2000,Sunderland,Sheffield Weds,1,0
2529,Premier League,1999/2000,Wimbledon,Tottenham,1,1
2530,Premier League,1999/2000,Liverpool,Everton,0,1
2531,Premier League,1999/2000,Aston Villa,Liverpool,0,0
2532,Premier League,1999/2000,Bradford,Sunderland,0,4
2533,Premier League,1999/2000,Everton,Coventry,1,1
2534,Premier League,1999/2000,Sheffield Weds,Wimbledon,5,1
2535,Premier League,1999/2000,Chelsea,Man United,5,0
2536,Premier League,1999/2000,Newcastle,Middlesbrough,2,1
2537,Premier League,1999/2000,Tottenham,Leicester,2,3
2538,Premier League,1999/2000,Watford,Leeds,1,2
2539,Premier League,1999/2000,West Ham,Arsenal,2,1
2540,Premier League,1999/2000,Southampton,Derby,3,3
2541,Premier League,1999/2000,Arsenal,Everton,4,1
2542,Premier League,1999/2000,Coventry,Newcastle,4,1
2543,Premier League,1999/2000,Derby,Tottenham,0,1
2544,Premier League,1999/2000,Leeds,Sheffield Weds,2,0
2545,Premier League,1999/2000,Leicester,Southampton,2,1
2546,Premier League,1999/2000,Liverpool,Chelsea,1,0
2547,Premier League,1999/2000,Man United,Watford,4,1
2548,Premier League,1999/2000,Wimbledon,Bradford,3,2
2549,Premier League,1999/2000,Middlesbrough,West Ham,2,0
2550,Premier League,1999/2000,Sunderland,Aston Villa,2,1
2551,Premier League,1999/2000,Aston Villa,Wimbledon,1,1
2552,Premier League,1999/2000,Bradford,Leicester,3,1
2553,Premier League,1999/2000,Chelsea,Arsenal,2,3
2554,Premier League,1999/2000,Sheffield Weds,Coventry,0,0
2555,Premier League,1999/2000,Southampton,Liverpool,1,1
2556,Premier League,1999/2000,Tottenham,Man United,3,1
2557,Premier League,1999/2000,Everton,Leeds,4,4
2558,Premier League,1999/2000,Watford,Middlesbrough,1,3
2559,Premier League,1999/2000,West Ham,Sunderland,1,1
2560,Premier League,1999/2000,Newcastle,Derby,2,0
2561,Premier League,1999/2000,Liverpool,West Ham,1,0
2562,Premier League,1999/2000,Arsenal,Newcastle,0,0
2563,Premier League,1999/2000,Derby,Chelsea,3,1
2564,Premier League,1999/2000,Leeds,West Ham,1,0
2565,Premier League,1999/2000,Leicester,Sheffield Weds,3,0
2566,Premier League,1999/2000,Man United,Aston Villa,3,0
2567,Premier League,1999/2000,Middlesbrough,Everton,2,1
2568,Premier League,1999/2000,Wimbledon,Southampton,1,1
2569,Premier League,1999/2000,Coventry,Watford,4,0
2570,Premier League,1999/2000,Sunderland,Tottenham,2,1
2571,Premier League,1999/2000,Liverpool,Bradford,3,1
2572,Premier League,1999/2000,Aston Villa,Southampton,0,1
2573,Premier League,1999/2000,Bradford,Coventry,1,1
2574,Premier League,1999/2000,Liverpool,Derby,2,0
2575,Premier League,1999/2000,Man United,Leicester,2,0
2576,Premier League,1999/2000,Middlesbrough,Sunderland,1,1
2577,Premier League,1999/2000,Sheffield Weds,Watford,2,2
2578,Premier League,1999/2000,Chelsea,West Ham,0,0
2579,Premier League,1999/2000,Newcastle,Everton,1,1
2580,Premier League,1999/2000,Tottenham,Arsenal,2,1
2581,Premier League,1999/2000,Wimbledon,Leeds,2,0
2582,Premier League,1999/2000,Arsenal,Middlesbrough,5,1
2583,Premier League,1999/2000,Derby,Man United,1,2
2584,Premier League,1999/2000,Everton,Chelsea,1,1
2585,Premier League,1999/2000,Leeds,Bradford,2,1
2586,Premier League,1999/2000,Leicester,Wimbledon,2,1
2587,Premier League,1999/2000,Southampton,Tottenham,0,1
2588,Premier League,1999/2000,Sunderland,Liverpool,0,2
2589,Premier League,1999/2000,Watford,Newcastle,1,1
2590,Premier League,1999/2000,West Ham,Sheffield Weds,4,3
2591,Premier League,1999/2000,Coventry,Aston Villa,2,1
2592,Premier League,1999/2000,Coventry,Leicester,0,1
2593,Premier League,1999/2000,Everton,Aston Villa,0,0
2594,Premier League,1999/2000,Middlesbrough,Wimbledon,0,0
2595,Premier League,1999/2000,Watford,Sunderland,2,3
2596,Premier League,1999/2000,West Ham,Liverpool,1,0
2597,Premier League,1999/2000,Arsenal,Derby,2,1
2598,Premier League,1999/2000,Chelsea,Bradford,1,0
2599,Premier League,1999/2000,Leeds,Southampton,1,0
2600,Premier League,1999/2000,Newcastle,Tottenham,2,1
2601,Premier League,1999/2000,Aston Villa,Newcastle,0,1
2602,Premier League,1999/2000,Bradford,Middlesbrough,1,1
2603,Premier League,1999/2000,Leicester,Arsenal,0,3
2604,Premier League,1999/2000,Man United,Everton,5,1
2605,Premier League,1999/2000,Southampton,Coventry,0,0
2606,Premier League,1999/2000,Sunderland,Chelsea,4,1
2607,Premier League,1999/2000,Wimbledon,Watford,5,0
2608,Premier League,1999/2000,Derby,Leeds,0,1
2609,Premier League,1999/2000,Liverpool,Sheffield Weds,4,1
2610,Premier League,1999/2000,Tottenham,West Ham,0,0
2611,Premier League,1999/2000,Arsenal,Wimbledon,1,1
2612,Premier League,1999/2000,Aston Villa,Sheffield Weds,2,1
2613,Premier League,1999/2000,Bradford,Newcastle,2,0
2614,Premier League,1999/2000,Leicester,Derby,0,1
2615,Premier League,1999/2000,Liverpool,Coventry,2,0
2616,Premier League,1999/2000,Middlesbrough,Tottenham,2,1
2617,Premier League,1999/2000,Sunderland,Southampton,2,0
2618,Premier League,1999/2000,Watford,Everton,1,3
2619,Premier League,1999/2000,West Ham,Man United,2,4
2620,Premier League,1999/2000,Chelsea,Leeds,0,2
2621,Premier League,1999/2000,Coventry,Arsenal,3,2
2622,Premier League,1999/2000,Derby,Aston Villa,0,2
2623,Premier League,1999/2000,Everton,Sunderland,5,0
2624,Premier League,1999/2000,Leeds,Leicester,2,1
2625,Premier League,1999/2000,Man United,Bradford,4,0
2626,Premier League,1999/2000,Newcastle,Liverpool,2,2
2627,Premier League,1999/2000,Sheffield Weds,Middlesbrough,1,0
2628,Premier League,1999/2000,Southampton,Chelsea,1,2
2629,Premier League,1999/2000,Tottenham,Watford,4,0
2630,Premier League,1999/2000,Wimbledon,West Ham,2,2
2631,Premier League,1999/2000,Arsenal,Leeds,2,0
2632,Premier League,1999/2000,Bradford,Everton,0,0
2633,Premier League,1999/2000,Leicester,Newcastle,1,2
2634,Premier League,1999/2000,Liverpool,Wimbledon,3,1
2635,Premier League,1999/2000,Sunderland,Man United,2,2
2636,Premier League,1999/2000,Watford,Southampton,3,2
2637,Premier League,1999/2000,West Ham,Derby,1,1
2638,Premier League,1999/2000,Aston Villa,Tottenham,1,1
2639,Premier League,1999/2000,Chelsea,Sheffield Weds,3,0
2640,Premier League,1999/2000,Derby,Watford,2,0
2641,Premier League,1999/2000,Everton,Leicester,2,2
2642,Premier League,1999/2000,Leeds,Aston Villa,1,2
2643,Premier League,1999/2000,Newcastle,West Ham,2,2
2644,Premier League,1999/2000,Sheffield Weds,Arsenal,1,1
2645,Premier League,1999/2000,Southampton,Bradford,1,0
2646,Premier League,1999/2000,Tottenham,Liverpool,1,0
2647,Premier League,1999/2000,Wimbledon,Sunderland,1,0
2648,Premier League,1999/2000,Coventry,Chelsea,2,2
2649,Premier League,1999/2000,Bradford,Chelsea,1,1
2650,Premier League,1999/2000,Chelsea,Tottenham,1,0
2651,Premier League,1999/2000,Arsenal,Sunderland,4,1
2652,Premier League,1999/2000,Chelsea,Leicester,1,1
2653,Premier League,1999/2000,Coventry,Wimbledon,2,0
2654,Premier League,1999/2000,Everton,Tottenham,2,2
2655,Premier League,1999/2000,Middlesbrough,Derby,1,4
2656,Premier League,1999/2000,Sheffield Weds,Bradford,2,0
2657,Premier League,1999/2000,Watford,Liverpool,2,3
2658,Premier League,1999/2000,West Ham,Aston Villa,1,1
2659,Premier League,1999/2000,Newcastle,Southampton,5,0
2660,Premier League,1999/2000,Aston Villa,Chelsea,0,0
2661,Premier League,1999/2000,Bradford,Watford,3,2
2662,Premier League,1999/2000,Derby,Coventry,0,0
2663,Premier League,1999/2000,Leicester,West Ham,1,3
2664,Premier League,1999/2000,Liverpool,Middlesbrough,0,0
2665,Premier League,1999/2000,Southampton,Everton,2,0
2666,Premier League,1999/2000,Tottenham,Sheffield Weds,0,1
2667,Premier League,1999/2000,Wimbledon,Newcastle,2,0
2668,Premier League,1999/2000,Sunderland,Leeds,1,2
2669,Premier League,1999/2000,Man United,Arsenal,1,1
2670,Premier League,1999/2000,Man United,Middlesbrough,1,0
2671,Premier League,1999/2000,Sheffield Weds,Man United,0,1
2672,Premier League,1999/2000,Aston Villa,Watford,4,0
2673,Premier League,1999/2000,Bradford,Arsenal,2,1
2674,Premier League,1999/2000,Derby,Sheffield Weds,3,3
2675,Premier League,1999/2000,Leicester,Middlesbrough,2,1
2676,Premier League,1999/2000,Liverpool,Leeds,3,1
2677,Premier League,1999/2000,Man United,Coventry,3,2
2678,Premier League,1999/2000,Southampton,West Ham,2,1
2679,Premier League,1999/2000,Sunderland,Newcastle,2,2
2680,Premier League,1999/2000,Tottenham,Chelsea,0,1
2681,Premier League,1999/2000,Wimbledon,Everton,0,3
2682,Premier League,1999/2000,Chelsea,Wimbledon,3,1
2683,Premier League,1999/2000,Coventry,Sunderland,3,2
2684,Premier League,1999/2000,Everton,Derby,2,1
2685,Premier League,1999/2000,Leeds,Tottenham,1,0
2686,Premier League,1999/2000,Newcastle,Man United,3,0
2687,Premier League,1999/2000,Sheffield Weds,Southampton,0,1
2688,Premier League,1999/2000,Watford,Leicester,1,1
2689,Premier League,1999/2000,West Ham,Bradford,5,4
2690,Premier League,1999/2000,Arsenal,Liverpool,0,1
2691,Premier League,1999/2000,Middlesbrough,Aston Villa,0,4
2692,Premier League,1999/2000,Middlesbrough,Coventry,2,0
2693,Premier League,1999/2000,Leeds,Man United,0,1
2694,Premier League,1999/2000,Arsenal,Southampton,3,1
2695,Premier League,1999/2000,Bradford,Aston Villa,1,1
2696,Premier League,1999/2000,Chelsea,Watford,2,1
2697,Premier League,1999/2000,Coventry,Tottenham,0,1
2698,Premier League,1999/2000,Middlesbrough,Leeds,0,0
2699,Premier League,1999/2000,Sheffield Weds,Newcastle,0,2
2700,Premier League,1999/2000,Sunderland,Derby,1,1
2701,Premier League,1999/2000,West Ham,Everton,0,4
2702,Premier League,1999/2000,Wimbledon,Man United,2,2
2703,Premier League,1999/2000,Derby,Wimbledon,4,0
2704,Premier League,1999/2000,Everton,Sheffield Weds,1,1
2705,Premier League,1999/2000,Man United,Liverpool,1,1
2706,Premier League,1999/2000,Newcastle,Chelsea,0,1
2707,Premier League,1999/2000,Southampton,Middlesbrough,1,1
2708,Premier League,1999/2000,Tottenham,Bradford,1,1
2709,Premier League,1999/2000,Watford,West Ham,1,2
2710,Premier League,1999/2000,Aston Villa,Arsenal,1,1
2711,Premier League,1999/2000,Leeds,Coventry,3,0
2712,Premier League,1999/2000,Leicester,Sunderland,5,2
2713,Premier League,1999/2000,West Ham,Southampton,2,0
2714,Premier League,1999/2000,Aston Villa,Coventry,1,0
2715,Premier League,1999/2000,Chelsea,Everton,1,1
2716,Premier League,1999/2000,Liverpool,Sunderland,1,1
2717,Premier League,1999/2000,Man United,Derby,3,1
2718,Premier League,1999/2000,Newcastle,Watford,1,0
2719,Premier League,1999/2000,Sheffield Weds,West Ham,3,1
2720,Premier League,1999/2000,Tottenham,Southampton,7,2
2721,Premier League,1999/2000,Wimbledon,Leicester,2,1
2722,Premier League,1999/2000,Bradford,Leeds,1,2
2723,Premier League,1999/2000,Middlesbrough,Arsenal,2,1
2724,Premier League,1999/2000,Coventry,Everton,1,0
2725,Premier League,1999/2000,Liverpool,Aston Villa,0,0
2726,Premier League,1999/2000,Coventry,Bradford,4,0
2727,Premier League,1999/2000,Derby,Liverpool,0,2
2728,Premier League,1999/2000,Leicester,Man United,0,2
2729,Premier League,1999/2000,Southampton,Aston Villa,2,0
2730,Premier League,1999/2000,Sunderland,Middlesbrough,1,1
2731,Premier League,1999/2000,Watford,Sheffield Weds,1,0
2732,Premier League,1999/2000,West Ham,Chelsea,0,0
2733,Premier League,1999/2000,Arsenal,Tottenham,2,1
2734,Premier League,1999/2000,Everton,Newcastle,0,2
2735,Premier League,1999/2000,Leeds,Wimbledon,4,1
2736,Premier League,1999/2000,Aston Villa,Derby,2,0
2737,Premier League,1999/2000,Bradford,Man United,0,4
2738,Premier League,1999/2000,Chelsea,Southampton,1,1
2739,Premier League,1999/2000,Liverpool,Newcastle,2,1
2740,Premier League,1999/2000,Middlesbrough,Sheffield Weds,1,0
2741,Premier League,1999/2000,Sunderland,Everton,2,1
2742,Premier League,1999/2000,Watford,Tottenham,1,1
2743,Premier League,1999/2000,Arsenal,Coventry,3,0
2744,Premier League,1999/2000,Leicester,Leeds,2,1
2745,Premier League,1999/2000,West Ham,Wimbledon,2,1
2746,Premier League,1999/2000,Coventry,Liverpool,0,3
2747,Premier League,1999/2000,Everton,Watford,4,2
2748,Premier League,1999/2000,Leeds,Chelsea,0,1
2749,Premier League,1999/2000,Man United,West Ham,7,1
2750,Premier League,1999/2000,Newcastle,Bradford,2,0
2751,Premier League,1999/2000,Southampton,Sunderland,1,2
2752,Premier League,1999/2000,Wimbledon,Arsenal,1,3
2753,Premier League,1999/2000,Derby,Leicester,3,0
2754,Premier League,1999/2000,Tottenham,Middlesbrough,2,3
2755,Premier League,1999/2000,Sheffield Weds,Aston Villa,0,1
2756,Premier League,1999/2000,Bradford,Southampton,1,2
2757,Premier League,1999/2000,Leicester,Everton,1,1
2758,Premier League,1999/2000,Sunderland,Wimbledon,2,1
2759,Premier League,1999/2000,Watford,Derby,0,0
2760,Premier League,1999/2000,Aston Villa,Leeds,1,0
2761,Premier League,1999/2000,Liverpool,Tottenham,2,0
2762,Premier League,1999/2000,Middlesbrough,Man United,3,4
2763,Premier League,1999/2000,Chelsea,Coventry,2,1
2764,Premier League,1999/2000,West Ham,Newcastle,2,1
2765,Premier League,1999/2000,Wimbledon,Sheffield Weds,0,2
2766,Premier League,1999/2000,Coventry,Middlesbrough,2,1
2767,Premier League,1999/2000,Derby,West Ham,1,2
2768,Premier League,1999/2000,Everton,Bradford,4,0
2769,Premier League,1999/2000,Man United,Sunderland,4,0
2770,Premier League,1999/2000,Newcastle,Leicester,0,2
2771,Premier League,1999/2000,Sheffield Weds,Chelsea,1,0
2772,Premier League,1999/2000,Southampton,Watford,2,0
2773,Premier League,1999/2000,Tottenham,Aston Villa,2,4
2774,Premier League,1999/2000,Leeds,Arsenal,0,4
2775,Premier League,1999/2000,Wimbledon,Liverpool,1,2
2776,Premier League,1999/2000,Leicester,Tottenham,0,1
2777,Premier League,1999/2000,Bradford,Derby,4,4
2778,Premier League,1999/2000,Everton,Liverpool,0,0
2779,Premier League,1999/2000,Aston Villa,Leicester,2,2
2780,Premier League,1999/2000,Chelsea,Middlesbrough,1,1
2781,Premier League,1999/2000,Sheffield Weds,Sunderland,0,2
2782,Premier League,1999/2000,Southampton,Man United,1,3
2783,Premier League,1999/2000,Tottenham,Wimbledon,2,0
2784,Premier League,1999/2000,West Ham,Coventry,5,0
2785,Premier League,1999/2000,Newcastle,Leeds,2,2
2786,Premier League,1999/2000,Watford,Arsenal,2,3
2787,Premier League,1999/2000,Derby,Southampton,2,0
2788,Premier League,1999/2000,Man United,Chelsea,3,2
2789,Premier League,1999/2000,Sunderland,Bradford,0,1
2790,Premier League,1999/2000,Aston Villa,Sunderland,1,1
2791,Premier League,1999/2000,Chelsea,Liverpool,2,0
2792,Premier League,1999/2000,Everton,Arsenal,0,1
2793,Premier League,1999/2000,Newcastle,Coventry,2,0
2794,Premier League,1999/2000,Southampton,Leicester,1,2
2795,Premier League,1999/2000,Tottenham,Derby,1,1
2796,Premier League,1999/2000,Watford,Man United,2,3
2797,Premier League,1999/2000,West Ham,Middlesbrough,0,1
2798,Premier League,1999/2000,Bradford,Wimbledon,3,0
2799,Premier League,1999/2000,Sheffield Weds,Leeds,0,3
2800,Premier League,1999/2000,Arsenal,West Ham,2,1
2801,Premier League,1999/2000,Middlesbrough,Newcastle,2,2
2802,Premier League,1999/2000,Leeds,Watford,3,1
2803,Premier League,1999/2000,Liverpool,Leicester,0,2
2804,Premier League,1999/2000,Arsenal,Chelsea,2,1
2805,Premier League,1999/2000,Coventry,Sheffield Weds,4,1
2806,Premier League,1999/2000,Derby,Newcastle,0,0
2807,Premier League,1999/2000,Leicester,Bradford,3,0
2808,Premier League,1999/2000,Man United,Tottenham,3,1
2809,Premier League,1999/2000,Middlesbrough,Watford,1,1
2810,Premier League,1999/2000,Sunderland,West Ham,1,0
2811,Premier League,1999/2000,Wimbledon,Aston Villa,2,2
2812,Premier League,1999/2000,Liverpool,Southampton,0,0
2813,Premier League,1999/2000,Leeds,Everton,1,1
2814,Premier League,1999/2000,Arsenal,Sheffield Weds,3,3
2815,Premier League,1999/2000,Aston Villa,Man United,0,1
2816,Premier League,1999/2000,Bradford,Liverpool,1,0
2817,Premier League,1999/2000,Chelsea,Derby,4,0
2818,Premier League,1999/2000,Everton,Middlesbrough,0,2
2819,Premier League,1999/2000,Newcastle,Arsenal,4,2
2820,Premier League,1999/2000,Sheffield Weds,Leicester,4,0
2821,Premier League,1999/2000,Southampton,Wimbledon,2,0
2822,Premier League,1999/2000,Tottenham,Sunderland,3,1
2823,Premier League,1999/2000,Watford,Coventry,1,0
2824,Premier League,1999/2000,West Ham,Leeds,0,0
2825,Premier League,2000/2001,Charlton,Man City,4,0
2826,Premier League,2000/2001,Chelsea,West Ham,4,2
2827,Premier League,2000/2001,Coventry,Middlesbrough,1,3
2828,Premier League,2000/2001,Derby,Southampton,2,2
2829,Premier League,2000/2001,Leeds,Everton,2,0
2830,Premier League,2000/2001,Leicester,Aston Villa,0,0
2831,Premier League,2000/2001,Liverpool,Bradford,1,0
2832,Premier League,2000/2001,Sunderland,Arsenal,1,0
2833,Premier League,2000/2001,Tottenham,Ipswich,3,1
2834,Premier League,2000/2001,Man United,Newcastle,2,0
2835,Premier League,2000/2001,Arsenal,Liverpool,2,0
2836,Premier League,2000/2001,Bradford,Chelsea,2,0
2837,Premier League,2000/2001,Ipswich,Man United,1,1
2838,Premier League,2000/2001,Middlesbrough,Tottenham,1,1
2839,Premier League,2000/2001,Everton,Charlton,3,0
2840,Premier League,2000/2001,Man City,Sunderland,4,2
2841,Premier League,2000/2001,Newcastle,Derby,3,2
2842,Premier League,2000/2001,Southampton,Coventry,1,2
2843,Premier League,2000/2001,West Ham,Leicester,0,1
2844,Premier League,2000/2001,Arsenal,Charlton,5,3
2845,Premier League,2000/2001,Bradford,Leicester,0,0
2846,Premier League,2000/2001,Everton,Derby,2,2
2847,Premier League,2000/2001,Ipswich,Sunderland,1,0
2848,Premier League,2000/2001,Man City,Coventry,1,2
2849,Premier League,2000/2001,Middlesbrough,Leeds,1,2
2850,Premier League,2000/2001,Newcastle,Tottenham,2,0
2851,Premier League,2000/2001,Southampton,Liverpool,3,3
2852,Premier League,2000/2001,West Ham,Man United,2,2
2853,Premier League,2000/2001,Aston Villa,Chelsea,1,1
2854,Premier League,2000/2001,Leeds,Man City,1,2
2855,Premier League,2000/2001,Man United,Bradford,6,0
2856,Premier League,2000/2001,Sunderland,West Ham,1,1
2857,Premier League,2000/2001,Tottenham,Everton,3,2
2858,Premier League,2000/2001,Charlton,Southampton,1,1
2859,Premier League,2000/2001,Chelsea,Arsenal,2,2
2860,Premier League,2000/2001,Coventry,Newcastle,0,2
2861,Premier League,2000/2001,Derby,Middlesbrough,3,3
2862,Premier League,2000/2001,Leicester,Ipswich,2,1
2863,Premier League,2000/2001,Liverpool,Aston Villa,3,1
2864,Premier League,2000/2001,Bradford,Arsenal,1,1
2865,Premier League,2000/2001,Coventry,Leeds,0,0
2866,Premier League,2000/2001,Ipswich,Aston Villa,1,2
2867,Premier League,2000/2001,Leicester,Southampton,1,0
2868,Premier League,2000/2001,Liverpool,Man City,3,2
2869,Premier League,2000/2001,Man United,Sunderland,3,0
2870,Premier League,2000/2001,Middlesbrough,Everton,1,2
2871,Premier League,2000/2001,Newcastle,Chelsea,0,0
2872,Premier League,2000/2001,Derby,Charlton,2,2
2873,Premier League,2000/2001,Tottenham,West Ham,1,0
2874,Premier League,2000/2001,Arsenal,Coventry,2,1
2875,Premier League,2000/2001,Aston Villa,Bradford,2,0
2876,Premier League,2000/2001,Charlton,Tottenham,1,0
2877,Premier League,2000/2001,Everton,Man United,1,3
2878,Premier League,2000/2001,Leeds,Ipswich,1,2
2879,Premier League,2000/2001,Southampton,Newcastle,2,0
2880,Premier League,2000/2001,Sunderland,Derby,2,1
2881,Premier League,2000/2001,Chelsea,Leicester,0,2
2882,Premier League,2000/2001,Man City,Middlesbrough,1,1
2883,Premier League,2000/2001,West Ham,Liverpool,1,1
2884,Premier League,2000/2001,Bradford,Southampton,0,1
2885,Premier League,2000/2001,Coventry,West Ham,0,3
2886,Premier League,2000/2001,Derby,Leeds,1,1
2887,Premier League,2000/2001,Ipswich,Arsenal,1,1
2888,Premier League,2000/2001,Liverpool,Sunderland,1,1
2889,Premier League,2000/2001,Man United,Chelsea,3,3
2890,Premier League,2000/2001,Middlesbrough,Aston Villa,1,1
2891,Premier League,2000/2001,Newcastle,Charlton,0,1
2892,Premier League,2000/2001,Tottenham,Man City,0,0
2893,Premier League,2000/2001,Leicester,Everton,1,1
2894,Premier League,2000/2001,Aston Villa,Derby,4,1
2895,Premier League,2000/2001,Charlton,Coventry,2,2
2896,Premier League,2000/2001,Everton,Ipswich,0,3
2897,Premier League,2000/2001,Leeds,Tottenham,4,3
2898,Premier League,2000/2001,Man City,Newcastle,0,1
2899,Premier League,2000/2001,Southampton,Middlesbrough,1,3
2900,Premier League,2000/2001,West Ham,Bradford,1,1
2901,Premier League,2000/2001,Arsenal,Man United,1,0
2902,Premier League,2000/2001,Chelsea,Liverpool,3,0
2903,Premier League,2000/2001,Sunderland,Leicester,0,0
2904,Premier League,2000/2001,Arsenal,Aston Villa,1,0
2905,Premier League,2000/2001,Coventry,Tottenham,2,1
2906,Premier League,2000/2001,Everton,Southampton,1,1
2907,Premier League,2000/2001,Ipswich,West Ham,1,1
2908,Premier League,2000/2001,Leeds,Charlton,3,1
2909,Premier League,2000/2001,Leicester,Man United,0,3
2910,Premier League,2000/2001,Man City,Bradford,2,0
2911,Premier League,2000/2001,Sunderland,Chelsea,1,0
2912,Premier League,2000/2001,Derby,Liverpool,0,4
2913,Premier League,2000/2001,Middlesbrough,Newcastle,1,3
2914,Premier League,2000/2001,Bradford,Ipswich,0,2
2915,Premier League,2000/2001,Charlton,Middlesbrough,1,0
2916,Premier League,2000/2001,Chelsea,Coventry,6,1
2917,Premier League,2000/2001,Liverpool,Leicester,1,0
2918,Premier League,2000/2001,Man United,Leeds,3,0
2919,Premier League,2000/2001,Newcastle,Everton,0,1
2920,Premier League,2000/2001,Tottenham,Derby,3,1
2921,Premier League,2000/2001,West Ham,Arsenal,1,2
2922,Premier League,2000/2001,Aston Villa,Sunderland,0,0
2923,Premier League,2000/2001,Southampton,Man City,0,2
2924,Premier League,2000/2001,Arsenal,Man City,5,0
2925,Premier League,2000/2001,Aston Villa,Charlton,2,1
2926,Premier League,2000/2001,Chelsea,Tottenham,3,0
2927,Premier League,2000/2001,Ipswich,Middlesbrough,2,1
2928,Premier League,2000/2001,Leicester,Derby,2,1
2929,Premier League,2000/2001,Man United,Southampton,5,0
2930,Premier League,2000/2001,Sunderland,Coventry,1,0
2931,Premier League,2000/2001,West Ham,Newcastle,1,0
2932,Premier League,2000/2001,Bradford,Leeds,1,1
2933,Premier League,2000/2001,Liverpool,Everton,3,1
2934,Premier League,2000/2001,Charlton,Bradford,2,0
2935,Premier League,2000/2001,Coventry,Man United,1,2
2936,Premier League,2000/2001,Leeds,Liverpool,4,3
2937,Premier League,2000/2001,Man City,Leicester,0,1
2938,Premier League,2000/2001,Middlesbrough,Arsenal,0,1
2939,Premier League,2000/2001,Newcastle,Ipswich,2,1
2940,Premier League,2000/2001,Southampton,Chelsea,3,2
2941,Premier League,2000/2001,Tottenham,Sunderland,2,1
2942,Premier League,2000/2001,Everton,Aston Villa,0,1
2943,Premier League,2000/2001,Derby,West Ham,0,0
2944,Premier League,2000/2001,Arsenal,Derby,0,0
2945,Premier League,2000/2001,Aston Villa,Tottenham,2,0
2946,Premier League,2000/2001,Bradford,Everton,0,1
2947,Premier League,2000/2001,Ipswich,Charlton,2,0
2948,Premier League,2000/2001,Leicester,Newcastle,1,1
2949,Premier League,2000/2001,Man United,Middlesbrough,2,1
2950,Premier League,2000/2001,Sunderland,Southampton,2,2
2951,Premier League,2000/2001,West Ham,Man City,4,1
2952,Premier League,2000/2001,Chelsea,Leeds,1,1
2953,Premier League,2000/2001,Liverpool,Coventry,4,1
2954,Premier League,2000/2001,Charlton,Chelsea,2,0
2955,Premier League,2000/2001,Derby,Bradford,2,0
2956,Premier League,2000/2001,Everton,Arsenal,2,0
2957,Premier League,2000/2001,Leeds,West Ham,0,1
2958,Premier League,2000/2001,Man City,Man United,0,1
2959,Premier League,2000/2001,Middlesbrough,Leicester,0,3
2960,Premier League,2000/2001,Newcastle,Sunderland,1,2
2961,Premier League,2000/2001,Southampton,Aston Villa,2,0
2962,Premier League,2000/2001,Tottenham,Liverpool,2,1
2963,Premier League,2000/2001,Coventry,Ipswich,0,1
2964,Premier League,2000/2001,Charlton,Sunderland,0,1
2965,Premier League,2000/2001,Coventry,Aston Villa,1,1
2966,Premier League,2000/2001,Derby,Man United,0,3
2967,Premier League,2000/2001,Everton,Chelsea,2,1
2968,Premier League,2000/2001,Man City,Ipswich,2,3
2969,Premier League,2000/2001,Middlesbrough,Bradford,2,2
2970,Premier League,2000/2001,Southampton,West Ham,2,3
2971,Premier League,2000/2001,Tottenham,Leicester,3,0
2972,Premier League,2000/2001,Leeds,Arsenal,1,0
2973,Premier League,2000/2001,Newcastle,Liverpool,2,1
2974,Premier League,2000/2001,Arsenal,Southampton,1,0
2975,Premier League,2000/2001,Aston Villa,Newcastle,1,1
2976,Premier League,2000/2001,Bradford,Coventry,2,1
2977,Premier League,2000/2001,Ipswich,Derby,0,1
2978,Premier League,2000/2001,Leicester,Leeds,3,1
2979,Premier League,2000/2001,Liverpool,Charlton,3,0
2980,Premier League,2000/2001,Man United,Tottenham,2,0
2981,Premier League,2000/2001,West Ham,Middlesbrough,1,0
2982,Premier League,2000/2001,Chelsea,Man City,2,1
2983,Premier League,2000/2001,Sunderland,Everton,2,0
2984,Premier League,2000/2001,Arsenal,Newcastle,5,0
2985,Premier League,2000/2001,Bradford,Tottenham,3,3
2986,Premier League,2000/2001,Charlton,Man United,3,3
2987,Premier League,2000/2001,Chelsea,Derby,4,1
2988,Premier League,2000/2001,Man City,Everton,5,0
2989,Premier League,2000/2001,Southampton,Leeds,1,0
2990,Premier League,2000/2001,Sunderland,Middlesbrough,1,0
2991,Premier League,2000/2001,West Ham,Aston Villa,1,1
2992,Premier League,2000/2001,Coventry,Leicester,1,0
2993,Premier League,2000/2001,Liverpool,Ipswich,0,1
2994,Premier League,2000/2001,Aston Villa,Man City,2,2
2995,Premier League,2000/2001,Derby,Coventry,1,0
2996,Premier League,2000/2001,Everton,West Ham,1,1
2997,Premier League,2000/2001,Ipswich,Southampton,3,1
2998,Premier League,2000/2001,Leeds,Sunderland,2,0
2999,Premier League,2000/2001,Leicester,Charlton,3,1
3000,Premier League,2000/2001,Middlesbrough,Chelsea,1,0
3001,Premier League,2000/2001,Newcastle,Bradford,2,1
3002,Premier League,2000/2001,Man United,Liverpool,0,1
3003,Premier League,2000/2001,Tottenham,Arsenal,1,1
3004,Premier League,2000/2001,Coventry,Southampton,1,1
3005,Premier League,2000/2001,Charlton,Everton,1,0
3006,Premier League,2000/2001,Chelsea,Bradford,3,0
3007,Premier League,2000/2001,Derby,Newcastle,2,0
3008,Premier League,2000/2001,Leeds,Aston Villa,1,2
3009,Premier League,2000/2001,Leicester,West Ham,2,1
3010,Premier League,2000/2001,Liverpool,Arsenal,4,0
3011,Premier League,2000/2001,Man United,Ipswich,2,0
3012,Premier League,2000/2001,Sunderland,Man City,1,0
3013,Premier League,2000/2001,Tottenham,Middlesbrough,0,0
3014,Premier League,2000/2001,Arsenal,Leicester,6,1
3015,Premier League,2000/2001,Aston Villa,Man United,0,1
3016,Premier League,2000/2001,Bradford,Sunderland,1,4
3017,Premier League,2000/2001,Everton,Coventry,1,2
3018,Premier League,2000/2001,Ipswich,Chelsea,2,2
3019,Premier League,2000/2001,Man City,Derby,0,0
3020,Premier League,2000/2001,Middlesbrough,Liverpool,1,0
3021,Premier League,2000/2001,Newcastle,Leeds,2,1
3022,Premier League,2000/2001,West Ham,Charlton,5,0
3023,Premier League,2000/2001,Southampton,Tottenham,2,0
3024,Premier League,2000/2001,Arsenal,Sunderland,2,2
3025,Premier League,2000/2001,Ipswich,Tottenham,3,0
3026,Premier League,2000/2001,Man City,Charlton,1,4
3027,Premier League,2000/2001,Middlesbrough,Coventry,1,1
3028,Premier League,2000/2001,Newcastle,Man United,1,1
3029,Premier League,2000/2001,Southampton,Derby,1,0
3030,Premier League,2000/2001,Charlton,Arsenal,1,0
3031,Premier League,2000/2001,Chelsea,Aston Villa,1,0
3032,Premier League,2000/2001,Coventry,Man City,1,1
3033,Premier League,2000/2001,Derby,Everton,1,0
3034,Premier League,2000/2001,Leeds,Middlesbrough,1,1
3035,Premier League,2000/2001,Leicester,Bradford,1,2
3036,Premier League,2000/2001,Liverpool,Southampton,2,1
3037,Premier League,2000/2001,Man United,West Ham,3,1
3038,Premier League,2000/2001,Sunderland,Ipswich,4,1
3039,Premier League,2000/2001,Tottenham,Newcastle,4,2
3040,Premier League,2000/2001,Arsenal,Chelsea,1,1
3041,Premier League,2000/2001,Aston Villa,Liverpool,0,3
3042,Premier League,2000/2001,Bradford,Man United,0,3
3043,Premier League,2000/2001,Everton,Tottenham,0,0
3044,Premier League,2000/2001,Man City,Leeds,0,4
3045,Premier League,2000/2001,Middlesbrough,Derby,4,0
3046,Premier League,2000/2001,Newcastle,Coventry,3,1
3047,Premier League,2000/2001,Southampton,Charlton,0,0
3048,Premier League,2000/2001,West Ham,Sunderland,0,2
3049,Premier League,2000/2001,Ipswich,Leicester,2,0
3050,Premier League,2000/2001,Chelsea,Ipswich,4,1
3051,Premier League,2000/2001,Coventry,Everton,1,3
3052,Premier League,2000/2001,Derby,Man City,1,1
3053,Premier League,2000/2001,Leeds,Newcastle,1,3
3054,Premier League,2000/2001,Leicester,Arsenal,0,0
3055,Premier League,2000/2001,Liverpool,Middlesbrough,0,0
3056,Premier League,2000/2001,Man United,Aston Villa,2,0
3057,Premier League,2000/2001,Tottenham,Southampton,0,0
3058,Premier League,2000/2001,Sunderland,Bradford,0,0
3059,Premier League,2000/2001,Charlton,West Ham,1,1
3060,Premier League,2000/2001,Aston Villa,Leeds,1,2
3061,Premier League,2000/2001,Arsenal,Bradford,2,0
3062,Premier League,2000/2001,Charlton,Derby,2,1
3063,Premier League,2000/2001,Chelsea,Newcastle,3,1
3064,Premier League,2000/2001,Everton,Middlesbrough,2,2
3065,Premier League,2000/2001,Leeds,Coventry,1,0
3066,Premier League,2000/2001,Man City,Liverpool,1,1
3067,Premier League,2000/2001,Southampton,Leicester,1,0
3068,Premier League,2000/2001,Sunderland,Man United,0,1
3069,Premier League,2000/2001,West Ham,Tottenham,0,0
3070,Premier League,2000/2001,Bradford,Aston Villa,0,3
3071,Premier League,2000/2001,Coventry,Arsenal,0,1
3072,Premier League,2000/2001,Derby,Sunderland,1,0
3073,Premier League,2000/2001,Ipswich,Leeds,1,2
3074,Premier League,2000/2001,Leicester,Chelsea,2,1
3075,Premier League,2000/2001,Liverpool,West Ham,3,0
3076,Premier League,2000/2001,Man United,Everton,1,0
3077,Premier League,2000/2001,Middlesbrough,Man City,1,1
3078,Premier League,2000/2001,Tottenham,Charlton,0,0
3079,Premier League,2000/2001,Everton,Leeds,2,2
3080,Premier League,2000/2001,Arsenal,Ipswich,1,0
3081,Premier League,2000/2001,Aston Villa,Middlesbrough,1,1
3082,Premier League,2000/2001,Chelsea,Man United,1,1
3083,Premier League,2000/2001,Everton,Leicester,2,1
3084,Premier League,2000/2001,Leeds,Derby,0,0
3085,Premier League,2000/2001,Man City,Tottenham,0,1
3086,Premier League,2000/2001,Southampton,Bradford,2,0
3087,Premier League,2000/2001,Sunderland,Liverpool,1,1
3088,Premier League,2000/2001,Charlton,Newcastle,2,0
3089,Premier League,2000/2001,West Ham,Coventry,1,1
3090,Premier League,2000/2001,Bradford,West Ham,1,2
3091,Premier League,2000/2001,Coventry,Charlton,2,2
3092,Premier League,2000/2001,Derby,Aston Villa,1,0
3093,Premier League,2000/2001,Ipswich,Everton,2,0
3094,Premier League,2000/2001,Leicester,Sunderland,2,0
3095,Premier League,2000/2001,Middlesbrough,Southampton,0,1
3096,Premier League,2000/2001,Newcastle,Man City,0,1
3097,Premier League,2000/2001,Tottenham,Leeds,1,2
3098,Premier League,2000/2001,Man United,Arsenal,6,1
3099,Premier League,2000/2001,Arsenal,West Ham,3,0
3100,Premier League,2000/2001,Coventry,Chelsea,0,0
3101,Premier League,2000/2001,Derby,Tottenham,2,1
3102,Premier League,2000/2001,Everton,Newcastle,1,1
3103,Premier League,2000/2001,Leeds,Man United,1,1
3104,Premier League,2000/2001,Leicester,Liverpool,2,0
3105,Premier League,2000/2001,Man City,Southampton,0,1
3106,Premier League,2000/2001,Middlesbrough,Charlton,0,0
3107,Premier League,2000/2001,Ipswich,Bradford,3,1
3108,Premier League,2000/2001,Sunderland,Aston Villa,1,1
3109,Premier League,2000/2001,West Ham,Chelsea,0,2
3110,Premier League,2000/2001,Aston Villa,Ipswich,2,1
3111,Premier League,2000/2001,Bradford,Man City,2,2
3112,Premier League,2000/2001,Charlton,Leeds,1,2
3113,Premier League,2000/2001,Chelsea,Sunderland,2,4
3114,Premier League,2000/2001,Man United,Leicester,2,0
3115,Premier League,2000/2001,Newcastle,Middlesbrough,1,2
3116,Premier League,2000/2001,Southampton,Everton,1,0
3117,Premier League,2000/2001,Tottenham,Coventry,3,0
3118,Premier League,2000/2001,West Ham,Ipswich,0,1
3119,Premier League,2000/2001,Aston Villa,Arsenal,0,0
3120,Premier League,2000/2001,Liverpool,Derby,1,1
3121,Premier League,2000/2001,Arsenal,Tottenham,2,0
3122,Premier League,2000/2001,Bradford,Newcastle,2,2
3123,Premier League,2000/2001,Chelsea,Middlesbrough,2,1
3124,Premier League,2000/2001,Coventry,Derby,2,0
3125,Premier League,2000/2001,Liverpool,Man United,2,0
3126,Premier League,2000/2001,Man City,Aston Villa,1,3
3127,Premier League,2000/2001,Sunderland,Leeds,0,2
3128,Premier League,2000/2001,West Ham,Everton,0,2
3129,Premier League,2000/2001,Charlton,Leicester,2,0
3130,Premier League,2000/2001,Southampton,Ipswich,0,3
3131,Premier League,2000/2001,Aston Villa,Leicester,2,1
3132,Premier League,2000/2001,Aston Villa,West Ham,2,2
3133,Premier League,2000/2001,Derby,Chelsea,0,4
3134,Premier League,2000/2001,Leeds,Southampton,2,0
3135,Premier League,2000/2001,Leicester,Coventry,1,3
3136,Premier League,2000/2001,Everton,Man City,3,1
3137,Premier League,2000/2001,Middlesbrough,Sunderland,0,0
3138,Premier League,2000/2001,Ipswich,Liverpool,1,1
3139,Premier League,2000/2001,Man United,Charlton,2,1
3140,Premier League,2000/2001,Tottenham,Bradford,2,1
3141,Premier League,2000/2001,Man City,Arsenal,0,4
3142,Premier League,2000/2001,Bradford,Charlton,2,0
3143,Premier League,2000/2001,Liverpool,Leeds,1,2
3144,Premier League,2000/2001,Arsenal,Middlesbrough,0,3
3145,Premier League,2000/2001,Aston Villa,Everton,2,1
3146,Premier League,2000/2001,Chelsea,Southampton,1,0
3147,Premier League,2000/2001,Ipswich,Newcastle,1,0
3148,Premier League,2000/2001,Leicester,Man City,1,2
3149,Premier League,2000/2001,Man United,Coventry,4,2
3150,Premier League,2000/2001,Sunderland,Tottenham,2,3
3151,Premier League,2000/2001,West Ham,Derby,3,1
3152,Premier League,2000/2001,Coventry,Sunderland,1,0
3153,Premier League,2000/2001,Derby,Leicester,2,0
3154,Premier League,2000/2001,Everton,Liverpool,2,3
3155,Premier League,2000/2001,Middlesbrough,Ipswich,1,2
3156,Premier League,2000/2001,Newcastle,West Ham,2,1
3157,Premier League,2000/2001,Charlton,Aston Villa,3,3
3158,Premier League,2000/2001,Tottenham,Chelsea,0,3
3159,Premier League,2000/2001,Arsenal,Everton,4,1
3160,Premier League,2000/2001,Aston Villa,Southampton,0,0
3161,Premier League,2000/2001,Bradford,Derby,2,0
3162,Premier League,2000/2001,Chelsea,Charlton,0,1
3163,Premier League,2000/2001,Ipswich,Coventry,2,0
3164,Premier League,2000/2001,Leicester,Middlesbrough,0,3
3165,Premier League,2000/2001,Man United,Man City,1,1
3166,Premier League,2000/2001,Sunderland,Newcastle,1,1
3167,Premier League,2000/2001,West Ham,Leeds,0,2
3168,Premier League,2000/2001,Liverpool,Tottenham,3,1
3169,Premier League,2000/2001,Coventry,Liverpool,0,2
3170,Premier League,2000/2001,Derby,Arsenal,1,2
3171,Premier League,2000/2001,Everton,Bradford,2,1
3172,Premier League,2000/2001,Leeds,Chelsea,2,0
3173,Premier League,2000/2001,Man City,West Ham,1,0
3174,Premier League,2000/2001,Middlesbrough,Man United,0,2
3175,Premier League,2000/2001,Newcastle,Leicester,1,0
3176,Premier League,2000/2001,Southampton,Sunderland,0,1
3177,Premier League,2000/2001,Tottenham,Aston Villa,0,0
3178,Premier League,2000/2001,Charlton,Ipswich,2,1
3179,Premier League,2000/2001,Bradford,Liverpool,0,2
3180,Premier League,2000/2001,Newcastle,Southampton,1,1
3181,Premier League,2000/2001,Arsenal,Leeds,2,1
3182,Premier League,2000/2001,Aston Villa,Coventry,3,2
3183,Premier League,2000/2001,Bradford,Middlesbrough,1,1
3184,Premier League,2000/2001,Chelsea,Everton,2,1
3185,Premier League,2000/2001,Leicester,Tottenham,4,2
3186,Premier League,2000/2001,Liverpool,Newcastle,3,0
3187,Premier League,2000/2001,Man United,Derby,0,1
3188,Premier League,2000/2001,Sunderland,Charlton,3,2
3189,Premier League,2000/2001,West Ham,Southampton,3,0
3190,Premier League,2000/2001,Ipswich,Man City,2,1
3191,Premier League,2000/2001,Liverpool,Chelsea,2,2
3192,Premier League,2000/2001,Leeds,Bradford,6,1
3193,Premier League,2000/2001,Southampton,Man United,2,1
3194,Premier League,2000/2001,Newcastle,Arsenal,0,0
3195,Premier League,2000/2001,Charlton,Liverpool,0,4
3196,Premier League,2000/2001,Coventry,Bradford,0,0
3197,Premier League,2000/2001,Derby,Ipswich,1,1
3198,Premier League,2000/2001,Everton,Sunderland,2,2
3199,Premier League,2000/2001,Leeds,Leicester,3,1
3200,Premier League,2000/2001,Man City,Chelsea,1,2
3201,Premier League,2000/2001,Middlesbrough,West Ham,2,1
3202,Premier League,2000/2001,Newcastle,Aston Villa,3,0
3203,Premier League,2000/2001,Southampton,Arsenal,3,2
3204,Premier League,2000/2001,Tottenham,Man United,3,1
3205,Premier League,2001/2002,Charlton,Everton,1,2
3206,Premier League,2001/2002,Derby,Blackburn,2,1
3207,Premier League,2001/2002,Leeds,Southampton,2,0
3208,Premier League,2001/2002,Leicester,Bolton,0,5
3209,Premier League,2001/2002,Liverpool,West Ham,2,1
3210,Premier League,2001/2002,Middlesbrough,Arsenal,0,4
3211,Premier League,2001/2002,Sunderland,Ipswich,1,0
3212,Premier League,2001/2002,Tottenham,Aston Villa,0,0
3213,Premier League,2001/2002,Chelsea,Newcastle,1,1
3214,Premier League,2001/2002,Man United,Fulham,3,2
3215,Premier League,2001/2002,Everton,Tottenham,1,1
3216,Premier League,2001/2002,Arsenal,Leeds,1,2
3217,Premier League,2001/2002,Bolton,Middlesbrough,1,0
3218,Premier League,2001/2002,Ipswich,Derby,3,1
3219,Premier League,2001/2002,Blackburn,Man United,2,2
3220,Premier League,2001/2002,Fulham,Sunderland,2,0
3221,Premier League,2001/2002,Arsenal,Leicester,4,0
3222,Premier League,2001/2002,Blackburn,Tottenham,2,1
3223,Premier League,2001/2002,Everton,Middlesbrough,2,0
3224,Premier League,2001/2002,Fulham,Derby,0,0
3225,Premier League,2001/2002,Ipswich,Charlton,0,1
3226,Premier League,2001/2002,Southampton,Chelsea,0,2
3227,Premier League,2001/2002,West Ham,Leeds,0,0
3228,Premier League,2001/2002,Aston Villa,Man United,1,1
3229,Premier League,2001/2002,Newcastle,Sunderland,1,1
3230,Premier League,2001/2002,Bolton,Liverpool,2,1
3231,Premier League,2001/2002,Chelsea,Arsenal,1,1
3232,Premier League,2001/2002,Derby,West Ham,0,0
3233,Premier League,2001/2002,Leeds,Bolton,0,0
3234,Premier League,2001/2002,Leicester,Ipswich,1,1
3235,Premier League,2001/2002,Liverpool,Aston Villa,1,3
3236,Premier League,2001/2002,Man United,Everton,4,1
3237,Premier League,2001/2002,Middlesbrough,Newcastle,1,4
3238,Premier League,2001/2002,Sunderland,Blackburn,1,0
3239,Premier League,2001/2002,Charlton,Fulham,1,1
3240,Premier League,2001/2002,Tottenham,Southampton,2,0
3241,Premier League,2001/2002,Bolton,Southampton,0,1
3242,Premier League,2001/2002,Derby,Leicester,2,3
3243,Premier League,2001/2002,Everton,Liverpool,1,3
3244,Premier League,2001/2002,Fulham,Arsenal,1,3
3245,Premier League,2001/2002,Middlesbrough,West Ham,2,0
3246,Premier League,2001/2002,Newcastle,Man United,4,3
3247,Premier League,2001/2002,Aston Villa,Sunderland,0,0
3248,Premier League,2001/2002,Charlton,Leeds,0,2
3249,Premier League,2001/2002,Ipswich,Blackburn,1,1
3250,Premier League,2001/2002,Tottenham,Chelsea,2,3
3251,Premier League,2001/2002,Leicester,Middlesbrough,1,2
3252,Premier League,2001/2002,Blackburn,Bolton,1,1
3253,Premier League,2001/2002,Sunderland,Tottenham,1,2
3254,Premier League,2001/2002,Arsenal,Bolton,1,1
3255,Premier League,2001/2002,Blackburn,Everton,1,0
3256,Premier League,2001/2002,Leicester,Fulham,0,0
3257,Premier League,2001/2002,Liverpool,Tottenham,1,0
3258,Premier League,2001/2002,Man United,Ipswich,4,0
3259,Premier League,2001/2002,Sunderland,Charlton,2,2
3260,Premier League,2001/2002,Chelsea,Middlesbrough,2,2
3261,Premier League,2001/2002,Leeds,Derby,3,0
3262,Premier League,2001/2002,West Ham,Newcastle,3,0
3263,Premier League,2001/2002,Southampton,Aston Villa,1,3
3264,Premier League,2001/2002,Newcastle,Leicester,1,0
3265,Premier League,2001/2002,Bolton,Sunderland,0,2
3266,Premier League,2001/2002,Charlton,Leicester,2,0
3267,Premier League,2001/2002,Derby,Arsenal,0,2
3268,Premier League,2001/2002,Everton,West Ham,5,0
3269,Premier League,2001/2002,Middlesbrough,Southampton,1,3
3270,Premier League,2001/2002,Tottenham,Man United,3,5
3271,Premier League,2001/2002,Aston Villa,Blackburn,2,0
3272,Premier League,2001/2002,Fulham,Chelsea,1,1
3273,Premier League,2001/2002,Ipswich,Leeds,1,2
3274,Premier League,2001/2002,Newcastle,Liverpool,0,2
3275,Premier League,2001/2002,Bolton,Newcastle,0,4
3276,Premier League,2001/2002,Charlton,Middlesbrough,0,0
3277,Premier League,2001/2002,Chelsea,Leicester,2,0
3278,Premier League,2001/2002,Ipswich,Everton,0,0
3279,Premier League,2001/2002,Liverpool,Leeds,1,1
3280,Premier League,2001/2002,Southampton,Arsenal,0,2
3281,Premier League,2001/2002,Sunderland,Man United,1,3
3282,Premier League,2001/2002,Aston Villa,Fulham,2,0
3283,Premier League,2001/2002,Blackburn,West Ham,7,1
3284,Premier League,2001/2002,Tottenham,Derby,3,1
3285,Premier League,2001/2002,Arsenal,Blackburn,3,3
3286,Premier League,2001/2002,Derby,Charlton,1,1
3287,Premier League,2001/2002,Everton,Aston Villa,3,2
3288,Premier League,2001/2002,Leicester,Liverpool,1,4
3289,Premier League,2001/2002,Man United,Bolton,1,2
3290,Premier League,2001/2002,West Ham,Southampton,2,0
3291,Premier League,2001/2002,Fulham,Ipswich,1,1
3292,Premier League,2001/2002,Leeds,Chelsea,0,0
3293,Premier League,2001/2002,Newcastle,Tottenham,0,2
3294,Premier League,2001/2002,Middlesbrough,Sunderland,2,0
3295,Premier League,2001/2002,Aston Villa,Charlton,1,0
3296,Premier League,2001/2002,Southampton,Ipswich,3,3
3297,Premier League,2001/2002,West Ham,Chelsea,2,1
3298,Premier League,2001/2002,Aston Villa,Bolton,3,2
3299,Premier League,2001/2002,Charlton,Liverpool,0,2
3300,Premier League,2001/2002,Everton,Newcastle,1,3
3301,Premier League,2001/2002,Fulham,Southampton,2,1
3302,Premier League,2001/2002,Man United,Leeds,1,1
3303,Premier League,2001/2002,Sunderland,Arsenal,1,1
3304,Premier League,2001/2002,Tottenham,Middlesbrough,2,1
3305,Premier League,2001/2002,Derby,Chelsea,1,1
3306,Premier League,2001/2002,Ipswich,West Ham,2,3
3307,Premier League,2001/2002,Blackburn,Leicester,0,0
3308,Premier League,2001/2002,Bolton,Everton,2,2
3309,Premier League,2001/2002,Leicester,Sunderland,1,0
3310,Premier League,2001/2002,Middlesbrough,Derby,5,1
3311,Premier League,2001/2002,Newcastle,Aston Villa,3,0
3312,Premier League,2001/2002,Southampton,Blackburn,1,2
3313,Premier League,2001/2002,West Ham,Fulham,0,2
3314,Premier League,2001/2002,Arsenal,Charlton,2,4
3315,Premier League,2001/2002,Chelsea,Ipswich,2,1
3316,Premier League,2001/2002,Leeds,Tottenham,2,1
3317,Premier League,2001/2002,Liverpool,Man United,3,1
3318,Premier League,2001/2002,Aston Villa,Middlesbrough,0,0
3319,Premier League,2001/2002,Blackburn,Liverpool,1,1
3320,Premier League,2001/2002,Derby,Southampton,1,0
3321,Premier League,2001/2002,Fulham,Newcastle,3,1
3322,Premier League,2001/2002,Man United,Leicester,2,0
3323,Premier League,2001/2002,Tottenham,Arsenal,1,1
3324,Premier League,2001/2002,Everton,Chelsea,0,0
3325,Premier League,2001/2002,Ipswich,Bolton,1,2
3326,Premier League,2001/2002,Sunderland,Leeds,2,0
3327,Premier League,2001/2002,Charlton,West Ham,4,4
3328,Premier League,2001/2002,Bolton,Fulham,0,0
3329,Premier League,2001/2002,Chelsea,Blackburn,0,0
3330,Premier League,2001/2002,Leicester,Everton,0,0
3331,Premier League,2001/2002,Newcastle,Derby,1,0
3332,Premier League,2001/2002,Southampton,Charlton,1,0
3333,Premier League,2001/2002,West Ham,Tottenham,0,1
3334,Premier League,2001/2002,Arsenal,Man United,3,1
3335,Premier League,2001/2002,Leeds,Aston Villa,1,1
3336,Premier League,2001/2002,Liverpool,Sunderland,1,0
3337,Premier League,2001/2002,Middlesbrough,Ipswich,0,0
3338,Premier League,2001/2002,Aston Villa,Leicester,0,2
3339,Premier League,2001/2002,Blackburn,Middlesbrough,0,1
3340,Premier League,2001/2002,Charlton,Newcastle,1,1
3341,Premier League,2001/2002,Derby,Liverpool,0,1
3342,Premier League,2001/2002,Ipswich,Arsenal,0,2
3343,Premier League,2001/2002,Man United,Chelsea,0,3
3344,Premier League,2001/2002,Sunderland,West Ham,1,0
3345,Premier League,2001/2002,Everton,Southampton,2,0
3346,Premier League,2001/2002,Fulham,Leeds,0,0
3347,Premier League,2001/2002,Tottenham,Bolton,3,2
3348,Premier League,2001/2002,Chelsea,Charlton,0,1
3349,Premier League,2001/2002,West Ham,Aston Villa,1,1
3350,Premier League,2001/2002,Charlton,Tottenham,3,1
3351,Premier League,2001/2002,Derby,Bolton,1,0
3352,Premier League,2001/2002,Fulham,Everton,2,0
3353,Premier League,2001/2002,Leicester,Southampton,0,4
3354,Premier League,2001/2002,Liverpool,Middlesbrough,2,0
3355,Premier League,2001/2002,Man United,West Ham,0,1
3356,Premier League,2001/2002,Arsenal,Aston Villa,3,2
3357,Premier League,2001/2002,Blackburn,Leeds,1,2
3358,Premier League,2001/2002,Ipswich,Newcastle,0,1
3359,Premier League,2001/2002,Sunderland,Chelsea,0,0
3360,Premier League,2001/2002,Liverpool,Fulham,0,0
3361,Premier League,2001/2002,Man United,Derby,5,0
3362,Premier League,2001/2002,Bolton,Charlton,0,0
3363,Premier League,2001/2002,Everton,Derby,1,0
3364,Premier League,2001/2002,Middlesbrough,Man United,0,1
3365,Premier League,2001/2002,Newcastle,Blackburn,2,1
3366,Premier League,2001/2002,Southampton,Sunderland,2,0
3367,Premier League,2001/2002,Tottenham,Fulham,4,0
3368,Premier League,2001/2002,West Ham,Arsenal,1,1
3369,Premier League,2001/2002,Chelsea,Liverpool,4,0
3370,Premier League,2001/2002,Leeds,Leicester,2,2
3371,Premier League,2001/2002,Aston Villa,Ipswich,2,1
3372,Premier League,2001/2002,Arsenal,Newcastle,1,3
3373,Premier League,2001/2002,Leeds,Everton,3,2
3374,Premier League,2001/2002,Charlton,Blackburn,0,2
3375,Premier League,2001/2002,Derby,Aston Villa,3,1
3376,Premier League,2001/2002,Leeds,Newcastle,3,4
3377,Premier League,2001/2002,Leicester,West Ham,1,1
3378,Premier League,2001/2002,Man United,Southampton,6,1
3379,Premier League,2001/2002,Sunderland,Everton,1,0
3380,Premier League,2001/2002,Tottenham,Ipswich,1,2
3381,Premier League,2001/2002,Chelsea,Bolton,5,1
3382,Premier League,2001/2002,Liverpool,Arsenal,1,2
3383,Premier League,2001/2002,Arsenal,Chelsea,2,1
3384,Premier League,2001/2002,Aston Villa,Liverpool,1,2
3385,Premier League,2001/2002,Blackburn,Sunderland,0,3
3386,Premier League,2001/2002,Bolton,Leeds,0,3
3387,Premier League,2001/2002,Everton,Man United,0,2
3388,Premier League,2001/2002,Fulham,Charlton,0,0
3389,Premier League,2001/2002,Ipswich,Leicester,2,0
3390,Premier League,2001/2002,Newcastle,Middlesbrough,3,0
3391,Premier League,2001/2002,Southampton,Tottenham,1,0
3392,Premier League,2001/2002,West Ham,Derby,4,0
3393,Premier League,2001/2002,Arsenal,Middlesbrough,2,1
3394,Premier League,2001/2002,Aston Villa,Tottenham,1,1
3395,Premier League,2001/2002,Blackburn,Derby,0,1
3396,Premier League,2001/2002,Bolton,Leicester,2,2
3397,Premier League,2001/2002,Everton,Charlton,0,3
3398,Premier League,2001/2002,Ipswich,Sunderland,5,0
3399,Premier League,2001/2002,Newcastle,Chelsea,1,2
3400,Premier League,2001/2002,Southampton,Leeds,0,1
3401,Premier League,2001/2002,West Ham,Liverpool,1,1
3402,Premier League,2001/2002,Fulham,Man United,2,3
3403,Premier League,2001/2002,Charlton,Ipswich,3,2
3404,Premier League,2001/2002,Chelsea,Southampton,2,4
3405,Premier League,2001/2002,Leeds,West Ham,3,0
3406,Premier League,2001/2002,Liverpool,Bolton,1,1
3407,Premier League,2001/2002,Middlesbrough,Everton,1,0
3408,Premier League,2001/2002,Sunderland,Aston Villa,1,1
3409,Premier League,2001/2002,Tottenham,Blackburn,1,0
3410,Premier League,2001/2002,Derby,Fulham,0,1
3411,Premier League,2001/2002,Man United,Newcastle,3,1
3412,Premier League,2001/2002,Southampton,Liverpool,2,0
3413,Premier League,2001/2002,Aston Villa,Derby,2,1
3414,Premier League,2001/2002,Blackburn,Charlton,4,1
3415,Premier League,2001/2002,Bolton,Chelsea,2,2
3416,Premier League,2001/2002,Everton,Sunderland,1,0
3417,Premier League,2001/2002,Fulham,Middlesbrough,2,1
3418,Premier League,2001/2002,Ipswich,Tottenham,2,1
3419,Premier League,2001/2002,Newcastle,Leeds,3,1
3420,Premier League,2001/2002,West Ham,Leicester,1,0
3421,Premier League,2001/2002,Arsenal,Liverpool,1,1
3422,Premier League,2001/2002,Southampton,Man United,1,3
3423,Premier League,2001/2002,Derby,Ipswich,1,3
3424,Premier League,2001/2002,Leicester,Newcastle,0,0
3425,Premier League,2001/2002,Liverpool,Southampton,1,1
3426,Premier League,2001/2002,Man United,Blackburn,2,1
3427,Premier League,2001/2002,Middlesbrough,Bolton,1,1
3428,Premier League,2001/2002,Sunderland,Fulham,1,1
3429,Premier League,2001/2002,Tottenham,Everton,1,1
3430,Premier League,2001/2002,Chelsea,West Ham,5,1
3431,Premier League,2001/2002,Leeds,Arsenal,1,1
3432,Premier League,2001/2002,Charlton,Aston Villa,1,2
3433,Premier League,2001/2002,Man United,Liverpool,0,1
3434,Premier League,2001/2002,Leicester,Arsenal,1,3
3435,Premier League,2001/2002,Bolton,Man United,0,4
3436,Premier League,2001/2002,Charlton,Derby,1,0
3437,Premier League,2001/2002,Sunderland,Middlesbrough,0,1
3438,Premier League,2001/2002,Aston Villa,Everton,0,0
3439,Premier League,2001/2002,Blackburn,Arsenal,2,3
3440,Premier League,2001/2002,Chelsea,Leeds,2,0
3441,Premier League,2001/2002,Ipswich,Fulham,1,0
3442,Premier League,2001/2002,Liverpool,Leicester,1,0
3443,Premier League,2001/2002,Southampton,West Ham,2,0
3444,Premier League,2001/2002,Tottenham,Newcastle,1,3
3445,Premier League,2001/2002,Arsenal,Southampton,1,1
3446,Premier League,2001/2002,Derby,Tottenham,1,0
3447,Premier League,2001/2002,Everton,Ipswich,1,2
3448,Premier League,2001/2002,Fulham,Aston Villa,0,0
3449,Premier League,2001/2002,Leicester,Chelsea,2,3
3450,Premier League,2001/2002,Man United,Sunderland,4,1
3451,Premier League,2001/2002,Newcastle,Bolton,3,2
3452,Premier League,2001/2002,West Ham,Blackburn,2,0
3453,Premier League,2001/2002,Leeds,Liverpool,0,4
3454,Premier League,2001/2002,Middlesbrough,Charlton,0,0
3455,Premier League,2001/2002,Aston Villa,Chelsea,1,1
3456,Premier League,2001/2002,Bolton,West Ham,1,0
3457,Premier League,2001/2002,Derby,Sunderland,0,1
3458,Premier League,2001/2002,Fulham,Blackburn,2,0
3459,Premier League,2001/2002,Ipswich,Liverpool,0,6
3460,Premier League,2001/2002,Middlesbrough,Leeds,2,2
3461,Premier League,2001/2002,Newcastle,Southampton,3,1
3462,Premier League,2001/2002,Tottenham,Leicester,2,1
3463,Premier League,2001/2002,Charlton,Man United,0,2
3464,Premier League,2001/2002,Everton,Arsenal,0,1
3465,Premier League,2001/2002,Middlesbrough,Fulham,2,1
3466,Premier League,2001/2002,Arsenal,Fulham,4,1
3467,Premier League,2001/2002,Leicester,Derby,0,3
3468,Premier League,2001/2002,Liverpool,Everton,1,1
3469,Premier League,2001/2002,Man United,Aston Villa,1,0
3470,Premier League,2001/2002,Southampton,Bolton,0,0
3471,Premier League,2001/2002,West Ham,Middlesbrough,1,0
3472,Premier League,2001/2002,Leeds,Charlton,0,0
3473,Premier League,2001/2002,Sunderland,Newcastle,0,1
3474,Premier League,2001/2002,Aston Villa,West Ham,2,1
3475,Premier League,2001/2002,Bolton,Blackburn,1,1
3476,Premier League,2001/2002,Charlton,Chelsea,2,1
3477,Premier League,2001/2002,Fulham,Liverpool,0,2
3478,Premier League,2001/2002,Ipswich,Southampton,1,3
3479,Premier League,2001/2002,Middlesbrough,Leicester,1,0
3480,Premier League,2001/2002,Newcastle,Arsenal,0,2
3481,Premier League,2001/2002,Tottenham,Sunderland,2,1
3482,Premier League,2001/2002,Derby,Man United,2,2
3483,Premier League,2001/2002,Everton,Leeds,0,0
3484,Premier League,2001/2002,Arsenal,Derby,1,0
3485,Premier League,2001/2002,Blackburn,Aston Villa,3,0
3486,Premier League,2001/2002,Sunderland,Bolton,1,0
3487,Premier League,2001/2002,Chelsea,Fulham,3,2
3488,Premier League,2001/2002,Leeds,Ipswich,2,0
3489,Premier League,2001/2002,Liverpool,Newcastle,3,0
3490,Premier League,2001/2002,Man United,Tottenham,4,0
3491,Premier League,2001/2002,Southampton,Middlesbrough,1,1
3492,Premier League,2001/2002,West Ham,Everton,1,0
3493,Premier League,2001/2002,Leicester,Charlton,1,1
3494,Premier League,2001/2002,Blackburn,Ipswich,2,1
3495,Premier League,2001/2002,Chelsea,Tottenham,4,0
3496,Premier League,2001/2002,Bolton,Derby,1,3
3497,Premier League,2001/2002,Chelsea,Sunderland,4,0
3498,Premier League,2001/2002,Everton,Fulham,2,1
3499,Premier League,2001/2002,Middlesbrough,Liverpool,1,2
3500,Premier League,2001/2002,Newcastle,Ipswich,2,2
3501,Premier League,2001/2002,Southampton,Leicester,2,2
3502,Premier League,2001/2002,West Ham,Man United,3,5
3503,Premier League,2001/2002,Aston Villa,Arsenal,1,2
3504,Premier League,2001/2002,Leeds,Blackburn,3,1
3505,Premier League,2001/2002,Tottenham,Charlton,0,1
3506,Premier League,2001/2002,Charlton,Bolton,1,2
3507,Premier League,2001/2002,Derby,Everton,3,4
3508,Premier League,2001/2002,Ipswich,Aston Villa,0,0
3509,Premier League,2001/2002,Leicester,Leeds,0,2
3510,Premier League,2001/2002,Man United,Middlesbrough,0,1
3511,Premier League,2001/2002,Sunderland,Southampton,1,1
3512,Premier League,2001/2002,Fulham,Tottenham,0,2
3513,Premier League,2001/2002,Liverpool,Chelsea,1,0
3514,Premier League,2001/2002,Newcastle,Everton,6,2
3515,Premier League,2001/2002,Arsenal,Sunderland,3,0
3516,Premier League,2001/2002,Bolton,Aston Villa,3,2
3517,Premier League,2001/2002,Chelsea,Derby,2,1
3518,Premier League,2001/2002,Leeds,Man United,3,4
3519,Premier League,2001/2002,Leicester,Blackburn,2,1
3520,Premier League,2001/2002,Liverpool,Charlton,2,0
3521,Premier League,2001/2002,Middlesbrough,Tottenham,1,1
3522,Premier League,2001/2002,Southampton,Fulham,1,1
3523,Premier League,2001/2002,West Ham,Ipswich,3,1
3524,Premier League,2001/2002,Blackburn,Southampton,2,0
3525,Premier League,2001/2002,Charlton,Arsenal,0,3
3526,Premier League,2001/2002,Derby,Middlesbrough,0,1
3527,Premier League,2001/2002,Everton,Bolton,3,1
3528,Premier League,2001/2002,Fulham,West Ham,0,1
3529,Premier League,2001/2002,Ipswich,Chelsea,0,0
3530,Premier League,2001/2002,Sunderland,Leicester,2,1
3531,Premier League,2001/2002,Tottenham,Leeds,2,1
3532,Premier League,2001/2002,Aston Villa,Newcastle,1,1
3533,Premier League,2001/2002,Arsenal,Tottenham,2,1
3534,Premier League,2001/2002,Bolton,Ipswich,4,1
3535,Premier League,2001/2002,Chelsea,Everton,3,0
3536,Premier League,2001/2002,Leicester,Man United,0,1
3537,Premier League,2001/2002,Middlesbrough,Aston Villa,2,1
3538,Premier League,2001/2002,Southampton,Derby,2,0
3539,Premier League,2001/2002,West Ham,Charlton,2,0
3540,Premier League,2001/2002,Leeds,Sunderland,2,0
3541,Premier League,2001/2002,Newcastle,Fulham,1,1
3542,Premier League,2001/2002,Blackburn,Chelsea,0,0
3543,Premier League,2001/2002,Aston Villa,Leeds,0,1
3544,Premier League,2001/2002,Charlton,Southampton,1,1
3545,Premier League,2001/2002,Derby,Newcastle,2,3
3546,Premier League,2001/2002,Everton,Leicester,2,2
3547,Premier League,2001/2002,Sunderland,Liverpool,0,1
3548,Premier League,2001/2002,Tottenham,West Ham,1,1
3549,Premier League,2001/2002,Bolton,Tottenham,1,1
3550,Premier League,2001/2002,Chelsea,Man United,0,3
3551,Premier League,2001/2002,Leeds,Fulham,0,1
3552,Premier League,2001/2002,Leicester,Aston Villa,2,2
3553,Premier League,2001/2002,Liverpool,Derby,2,0
3554,Premier League,2001/2002,Middlesbrough,Blackburn,1,3
3555,Premier League,2001/2002,Newcastle,Charlton,3,0
3556,Premier League,2001/2002,Southampton,Everton,0,1
3557,Premier League,2001/2002,West Ham,Sunderland,3,0
3558,Premier League,2001/2002,Arsenal,Ipswich,2,0
3559,Premier League,2001/2002,Blackburn,Newcastle,2,2
3560,Premier League,2001/2002,Fulham,Bolton,3,0
3561,Premier League,2001/2002,Arsenal,West Ham,2,0
3562,Premier League,2001/2002,Ipswich,Middlesbrough,1,0
3563,Premier League,2001/2002,Aston Villa,Southampton,2,1
3564,Premier League,2001/2002,Charlton,Sunderland,2,2
3565,Premier League,2001/2002,Derby,Leeds,0,1
3566,Premier League,2001/2002,Fulham,Leicester,0,0
3567,Premier League,2001/2002,Ipswich,Man United,0,1
3568,Premier League,2001/2002,Middlesbrough,Chelsea,0,2
3569,Premier League,2001/2002,Newcastle,West Ham,3,1
3570,Premier League,2001/2002,Tottenham,Liverpool,1,0
3571,Premier League,2001/2002,Everton,Blackburn,1,2
3572,Premier League,2001/2002,Bolton,Arsenal,0,2
3573,Premier League,2001/2002,Liverpool,Blackburn,4,3
3574,Premier League,2001/2002,Man United,Arsenal,0,1
3575,Premier League,2001/2002,Arsenal,Everton,4,3
3576,Premier League,2001/2002,Blackburn,Fulham,3,0
3577,Premier League,2001/2002,Chelsea,Aston Villa,1,3
3578,Premier League,2001/2002,Leeds,Middlesbrough,1,0
3579,Premier League,2001/2002,Leicester,Tottenham,2,1
3580,Premier League,2001/2002,Liverpool,Ipswich,5,0
3581,Premier League,2001/2002,Man United,Charlton,0,0
3582,Premier League,2001/2002,Southampton,Newcastle,3,1
3583,Premier League,2001/2002,Sunderland,Derby,1,1
3584,Premier League,2001/2002,West Ham,Bolton,2,1
3585,Premier League,2002/2003,Blackburn,Sunderland,0,0
3586,Premier League,2002/2003,Charlton,Chelsea,2,3
3587,Premier League,2002/2003,Everton,Tottenham,2,2
3588,Premier League,2002/2003,Fulham,Bolton,4,1
3589,Premier League,2002/2003,Leeds,Man City,3,0
3590,Premier League,2002/2003,Man United,West Brom,1,0
3591,Premier League,2002/2003,Southampton,Middlesbrough,0,0
3592,Premier League,2002/2003,Arsenal,Birmingham,2,0
3593,Premier League,2002/2003,Aston Villa,Liverpool,0,1
3594,Premier League,2002/2003,Newcastle,West Ham,4,0
3595,Premier League,2002/2003,Chelsea,Man United,2,2
3596,Premier League,2002/2003,Birmingham,Blackburn,0,1
3597,Premier League,2002/2003,Bolton,Charlton,1,2
3598,Premier League,2002/2003,Liverpool,Southampton,3,0
3599,Premier League,2002/2003,Man City,Newcastle,1,0
3600,Premier League,2002/2003,Middlesbrough,Fulham,2,2
3601,Premier League,2002/2003,Sunderland,Everton,0,1
3602,Premier League,2002/2003,Tottenham,Aston Villa,1,0
3603,Premier League,2002/2003,West Brom,Leeds,1,3
3604,Premier League,2002/2003,West Ham,Arsenal,2,2
3605,Premier League,2002/2003,Arsenal,West Brom,5,2
3606,Premier League,2002/2003,Charlton,Tottenham,0,1
3607,Premier League,2002/2003,Aston Villa,Man City,1,0
3608,Premier League,2002/2003,Blackburn,Liverpool,2,2
3609,Premier League,2002/2003,Everton,Birmingham,1,1
3610,Premier League,2002/2003,Leeds,Sunderland,0,1
3611,Premier League,2002/2003,Southampton,Chelsea,1,1
3612,Premier League,2002/2003,Birmingham,Leeds,2,1
3613,Premier League,2002/2003,Man City,Everton,3,1
3614,Premier League,2002/2003,Middlesbrough,Blackburn,1,0
3615,Premier League,2002/2003,Sunderland,Man United,1,1
3616,Premier League,2002/2003,Tottenham,Southampton,2,1
3617,Premier League,2002/2003,West Brom,Fulham,1,0
3618,Premier League,2002/2003,West Ham,Charlton,0,2
3619,Premier League,2002/2003,Bolton,Aston Villa,1,0
3620,Premier League,2002/2003,Chelsea,Arsenal,1,1
3621,Premier League,2002/2003,Liverpool,Newcastle,2,2
3622,Premier League,2002/2003,Man United,Middlesbrough,1,0
3623,Premier League,2002/2003,Arsenal,Man City,2,1
3624,Premier League,2002/2003,Middlesbrough,Sunderland,3,0
3625,Premier League,2002/2003,Aston Villa,Charlton,2,0
3626,Premier League,2002/2003,Blackburn,Chelsea,2,3
3627,Premier League,2002/2003,Fulham,Tottenham,3,2
3628,Premier League,2002/2003,Liverpool,Birmingham,2,2
3629,Premier League,2002/2003,Man United,Bolton,0,1
3630,Premier League,2002/2003,Newcastle,Leeds,0,2
3631,Premier League,2002/2003,Southampton,Everton,1,0
3632,Premier League,2002/2003,West Ham,West Brom,0,1
3633,Premier League,2002/2003,Bolton,Liverpool,2,3
3634,Premier League,2002/2003,Charlton,Arsenal,0,3
3635,Premier League,2002/2003,Chelsea,Newcastle,3,0
3636,Premier League,2002/2003,Everton,Middlesbrough,2,1
3637,Premier League,2002/2003,Leeds,Man United,1,0
3638,Premier League,2002/2003,Sunderland,Fulham,0,3
3639,Premier League,2002/2003,West Brom,Southampton,1,0
3640,Premier League,2002/2003,Man City,Blackburn,2,2
3641,Premier League,2002/2003,Tottenham,West Ham,3,2
3642,Premier League,2002/2003,Birmingham,Aston Villa,3,0
3643,Premier League,2002/2003,Arsenal,Bolton,2,1
3644,Premier League,2002/2003,Liverpool,West Brom,2,0
3645,Premier League,2002/2003,Man United,Tottenham,1,0
3646,Premier League,2002/2003,Middlesbrough,Birmingham,1,0
3647,Premier League,2002/2003,Newcastle,Sunderland,2,0
3648,Premier League,2002/2003,Southampton,Charlton,0,0
3649,Premier League,2002/2003,West Ham,Man City,0,0
3650,Premier League,2002/2003,Aston Villa,Everton,3,2
3651,Premier League,2002/2003,Blackburn,Leeds,1,0
3652,Premier League,2002/2003,Fulham,Chelsea,0,0
3653,Premier League,2002/2003,Birmingham,Newcastle,0,2
3654,Premier League,2002/2003,Bolton,Southampton,1,1
3655,Premier League,2002/2003,Charlton,Man United,1,3
3656,Premier League,2002/2003,Chelsea,West Ham,2,3
3657,Premier League,2002/2003,Everton,Fulham,2,0
3658,Premier League,2002/2003,Leeds,Arsenal,1,4
3659,Premier League,2002/2003,Man City,Liverpool,0,3
3660,Premier League,2002/2003,Sunderland,Aston Villa,1,0
3661,Premier League,2002/2003,Tottenham,Middlesbrough,0,3
3662,Premier League,2002/2003,West Brom,Blackburn,0,2
3663,Premier League,2002/2003,Middlesbrough,Bolton,2,0
3664,Premier League,2002/2003,Newcastle,West Brom,2,1
3665,Premier League,2002/2003,Southampton,Man City,2,0
3666,Premier League,2002/2003,West Ham,Birmingham,1,2
3667,Premier League,2002/2003,Arsenal,Sunderland,3,1
3668,Premier League,2002/2003,Aston Villa,Leeds,0,0
3669,Premier League,2002/2003,Blackburn,Tottenham,1,2
3670,Premier League,2002/2003,Fulham,Charlton,1,0
3671,Premier League,2002/2003,Liverpool,Chelsea,1,0
3672,Premier League,2002/2003,Man United,Everton,3,0
3673,Premier League,2002/2003,Blackburn,Newcastle,5,2
3674,Premier League,2002/2003,Everton,Arsenal,2,1
3675,Premier League,2002/2003,Fulham,Man United,1,1
3676,Premier League,2002/2003,Leeds,Liverpool,0,1
3677,Premier League,2002/2003,Man City,Chelsea,0,3
3678,Premier League,2002/2003,Sunderland,West Ham,0,1
3679,Premier League,2002/2003,West Brom,Birmingham,1,1
3680,Premier League,2002/2003,Charlton,Middlesbrough,1,0
3681,Premier League,2002/2003,Tottenham,Bolton,3,1
3682,Premier League,2002/2003,Aston Villa,Southampton,0,1
3683,Premier League,2002/2003,Fulham,West Ham,0,1
3684,Premier League,2002/2003,Arsenal,Blackburn,1,2
3685,Premier League,2002/2003,Birmingham,Man City,0,2
3686,Premier League,2002/2003,Chelsea,West Brom,2,0
3687,Premier League,2002/2003,Liverpool,Tottenham,2,1
3688,Premier League,2002/2003,Man United,Aston Villa,1,1
3689,Premier League,2002/2003,Middlesbrough,Leeds,2,2
3690,Premier League,2002/2003,Newcastle,Charlton,2,1
3691,Premier League,2002/2003,Southampton,Fulham,4,2
3692,Premier League,2002/2003,West Ham,Everton,0,1
3693,Premier League,2002/2003,Bolton,Sunderland,1,1
3694,Premier League,2002/2003,Birmingham,Bolton,3,1
3695,Premier League,2002/2003,Liverpool,West Ham,2,0
3696,Premier League,2002/2003,Man United,Southampton,2,1
3697,Premier League,2002/2003,West Brom,Man City,1,2
3698,Premier League,2002/2003,Blackburn,Aston Villa,0,0
3699,Premier League,2002/2003,Charlton,Sunderland,1,1
3700,Premier League,2002/2003,Fulham,Arsenal,0,1
3701,Premier League,2002/2003,Leeds,Everton,0,1
3702,Premier League,2002/2003,Tottenham,Chelsea,0,0
3703,Premier League,2002/2003,Newcastle,Middlesbrough,2,0
3704,Premier League,2002/2003,Arsenal,Newcastle,1,0
3705,Premier League,2002/2003,Aston Villa,Fulham,3,1
3706,Premier League,2002/2003,Bolton,West Brom,1,1
3707,Premier League,2002/2003,Chelsea,Birmingham,3,0
3708,Premier League,2002/2003,Everton,Charlton,1,0
3709,Premier League,2002/2003,Man City,Man United,3,1
3710,Premier League,2002/2003,Middlesbrough,Liverpool,1,0
3711,Premier League,2002/2003,Southampton,Blackburn,1,1
3712,Premier League,2002/2003,Sunderland,Tottenham,2,0
3713,Premier League,2002/2003,West Ham,Leeds,3,4
3714,Premier League,2002/2003,Arsenal,Tottenham,3,0
3715,Premier League,2002/2003,Chelsea,Middlesbrough,1,0
3716,Premier League,2002/2003,Man City,Charlton,0,1
3717,Premier League,2002/2003,Newcastle,Southampton,2,1
3718,Premier League,2002/2003,West Brom,Aston Villa,0,0
3719,Premier League,2002/2003,Birmingham,Fulham,0,0
3720,Premier League,2002/2003,Blackburn,Everton,0,1
3721,Premier League,2002/2003,Leeds,Bolton,2,4
3722,Premier League,2002/2003,Liverpool,Sunderland,0,0
3723,Premier League,2002/2003,West Ham,Man United,1,1
3724,Premier League,2002/2003,Aston Villa,West Ham,4,1
3725,Premier League,2002/2003,Bolton,Chelsea,1,1
3726,Premier League,2002/2003,Everton,West Brom,1,0
3727,Premier League,2002/2003,Fulham,Liverpool,3,2
3728,Premier League,2002/2003,Man United,Newcastle,5,3
3729,Premier League,2002/2003,Middlesbrough,Man City,3,1
3730,Premier League,2002/2003,Southampton,Arsenal,3,2
3731,Premier League,2002/2003,Sunderland,Birmingham,0,1
3732,Premier League,2002/2003,Charlton,Blackburn,3,1
3733,Premier League,2002/2003,Tottenham,Leeds,2,0
3734,Premier League,2002/2003,Arsenal,Aston Villa,3,1
3735,Premier League,2002/2003,Birmingham,Tottenham,1,1
3736,Premier League,2002/2003,Blackburn,Fulham,2,1
3737,Premier League,2002/2003,Chelsea,Sunderland,3,0
3738,Premier League,2002/2003,Man City,Bolton,2,0
3739,Premier League,2002/2003,West Brom,Middlesbrough,1,0
3740,Premier League,2002/2003,Leeds,Charlton,1,2
3741,Premier League,2002/2003,Liverpool,Man United,1,2
3742,Premier League,2002/2003,Newcastle,Everton,2,1
3743,Premier League,2002/2003,West Ham,Southampton,0,1
3744,Premier League,2002/2003,Aston Villa,Newcastle,0,1
3745,Premier League,2002/2003,Bolton,Blackburn,1,1
3746,Premier League,2002/2003,Charlton,Liverpool,2,0
3747,Premier League,2002/2003,Everton,Chelsea,1,3
3748,Premier League,2002/2003,Fulham,Leeds,1,0
3749,Premier League,2002/2003,Man United,Arsenal,2,0
3750,Premier League,2002/2003,Middlesbrough,West Ham,2,2
3751,Premier League,2002/2003,Southampton,Birmingham,2,0
3752,Premier League,2002/2003,Tottenham,West Brom,3,1
3753,Premier League,2002/2003,Sunderland,Man City,0,3
3754,Premier League,2002/2003,Aston Villa,West Brom,2,1
3755,Premier League,2002/2003,Charlton,Man City,2,2
3756,Premier League,2002/2003,Everton,Blackburn,2,1
3757,Premier League,2002/2003,Man United,West Ham,3,0
3758,Premier League,2002/2003,Middlesbrough,Chelsea,1,1
3759,Premier League,2002/2003,Southampton,Newcastle,1,1
3760,Premier League,2002/2003,Fulham,Birmingham,0,1
3761,Premier League,2002/2003,Sunderland,Liverpool,2,1
3762,Premier League,2002/2003,Tottenham,Arsenal,1,1
3763,Premier League,2002/2003,Bolton,Leeds,0,3
3764,Premier League,2002/2003,Arsenal,Middlesbrough,2,0
3765,Premier League,2002/2003,Birmingham,Charlton,1,1
3766,Premier League,2002/2003,Chelsea,Aston Villa,2,0
3767,Premier League,2002/2003,Leeds,Southampton,1,1
3768,Premier League,2002/2003,Newcastle,Fulham,2,0
3769,Premier League,2002/2003,West Brom,Sunderland,2,2
3770,Premier League,2002/2003,West Ham,Bolton,1,1
3771,Premier League,2002/2003,Blackburn,Man United,1,0
3772,Premier League,2002/2003,Liverpool,Everton,0,0
3773,Premier League,2002/2003,Man City,Tottenham,2,3
3774,Premier League,2002/2003,Birmingham,Everton,1,1
3775,Premier League,2002/2003,Bolton,Newcastle,4,3
3776,Premier League,2002/2003,Chelsea,Southampton,0,0
3777,Premier League,2002/2003,Liverpool,Blackburn,1,1
3778,Premier League,2002/2003,Man City,Aston Villa,3,1
3779,Premier League,2002/2003,Middlesbrough,Man United,3,1
3780,Premier League,2002/2003,Sunderland,Leeds,1,2
3781,Premier League,2002/2003,Tottenham,Charlton,2,2
3782,Premier League,2002/2003,West Brom,Arsenal,1,2
3783,Premier League,2002/2003,West Ham,Fulham,1,1
3784,Premier League,2002/2003,Aston Villa,Middlesbrough,1,0
3785,Premier League,2002/2003,Blackburn,West Ham,2,2
3786,Premier League,2002/2003,Charlton,West Brom,1,0
3787,Premier League,2002/2003,Everton,Bolton,0,0
3788,Premier League,2002/2003,Fulham,Man City,0,1
3789,Premier League,2002/2003,Leeds,Chelsea,2,0
3790,Premier League,2002/2003,Man United,Birmingham,2,0
3791,Premier League,2002/2003,Southampton,Sunderland,2,1
3792,Premier League,2002/2003,Arsenal,Liverpool,1,1
3793,Premier League,2002/2003,Newcastle,Tottenham,2,1
3794,Premier League,2002/2003,Arsenal,Chelsea,3,2
3795,Premier League,2002/2003,Aston Villa,Bolton,2,0
3796,Premier League,2002/2003,Blackburn,Middlesbrough,1,0
3797,Premier League,2002/2003,Everton,Man City,2,2
3798,Premier League,2002/2003,Leeds,Birmingham,2,0
3799,Premier League,2002/2003,Man United,Sunderland,2,1
3800,Premier League,2002/2003,Newcastle,Liverpool,1,0
3801,Premier League,2002/2003,Southampton,Tottenham,1,0
3802,Premier League,2002/2003,Bolton,Fulham,0,0
3803,Premier League,2002/2003,Chelsea,Charlton,4,1
3804,Premier League,2002/2003,Liverpool,Aston Villa,1,1
3805,Premier League,2002/2003,Man City,Leeds,2,1
3806,Premier League,2002/2003,Middlesbrough,Southampton,2,2
3807,Premier League,2002/2003,Sunderland,Blackburn,0,0
3808,Premier League,2002/2003,West Brom,Man United,1,3
3809,Premier League,2002/2003,West Ham,Newcastle,2,2
3810,Premier League,2002/2003,Birmingham,Arsenal,0,4
3811,Premier League,2002/2003,Tottenham,Everton,4,3
3812,Premier League,2002/2003,Aston Villa,Tottenham,0,1
3813,Premier League,2002/2003,Blackburn,Birmingham,1,1
3814,Premier League,2002/2003,Charlton,Bolton,1,1
3815,Premier League,2002/2003,Everton,Sunderland,2,1
3816,Premier League,2002/2003,Leeds,West Brom,0,0
3817,Premier League,2002/2003,Man United,Chelsea,2,1
3818,Premier League,2002/2003,Newcastle,Man City,2,0
3819,Premier League,2002/2003,Southampton,Liverpool,0,1
3820,Premier League,2002/2003,Arsenal,West Ham,3,1
3821,Premier League,2002/2003,Fulham,Middlesbrough,1,0
3822,Premier League,2002/2003,Charlton,West Ham,4,2
3823,Premier League,2002/2003,Newcastle,Bolton,1,0
3824,Premier League,2002/2003,Bolton,Everton,1,2
3825,Premier League,2002/2003,Chelsea,Leeds,3,2
3826,Premier League,2002/2003,Middlesbrough,Aston Villa,2,5
3827,Premier League,2002/2003,Sunderland,Southampton,0,1
3828,Premier League,2002/2003,Liverpool,Arsenal,2,2
3829,Premier League,2002/2003,Man City,Fulham,4,1
3830,Premier League,2002/2003,Tottenham,Newcastle,0,1
3831,Premier League,2002/2003,West Brom,Charlton,0,1
3832,Premier League,2002/2003,West Ham,Blackburn,2,1
3833,Premier League,2002/2003,Arsenal,Fulham,2,1
3834,Premier League,2002/2003,Bolton,Birmingham,4,2
3835,Premier League,2002/2003,Chelsea,Tottenham,1,1
3836,Premier League,2002/2003,Everton,Leeds,2,0
3837,Premier League,2002/2003,Man City,West Brom,1,2
3838,Premier League,2002/2003,Southampton,Man United,0,2
3839,Premier League,2002/2003,Sunderland,Charlton,1,3
3840,Premier League,2002/2003,Aston Villa,Blackburn,3,0
3841,Premier League,2002/2003,West Ham,Liverpool,0,3
3842,Premier League,2002/2003,Birmingham,Man United,0,1
3843,Premier League,2002/2003,Birmingham,Chelsea,1,3
3844,Premier League,2002/2003,Blackburn,Southampton,1,0
3845,Premier League,2002/2003,Charlton,Everton,2,1
3846,Premier League,2002/2003,Fulham,Aston Villa,2,1
3847,Premier League,2002/2003,Leeds,West Ham,1,0
3848,Premier League,2002/2003,Liverpool,Middlesbrough,1,1
3849,Premier League,2002/2003,Tottenham,Sunderland,4,1
3850,Premier League,2002/2003,West Brom,Bolton,1,1
3851,Premier League,2002/2003,Man United,Man City,1,1
3852,Premier League,2002/2003,Newcastle,Arsenal,1,1
3853,Premier League,2002/2003,Fulham,West Brom,3,0
3854,Premier League,2002/2003,Bolton,Man United,1,1
3855,Premier League,2002/2003,Charlton,Aston Villa,3,0
3856,Premier League,2002/2003,Chelsea,Blackburn,1,2
3857,Premier League,2002/2003,Everton,Southampton,2,1
3858,Premier League,2002/2003,Leeds,Newcastle,0,3
3859,Premier League,2002/2003,Man City,Arsenal,1,5
3860,Premier League,2002/2003,Sunderland,Middlesbrough,1,3
3861,Premier League,2002/2003,Birmingham,Liverpool,2,1
3862,Premier League,2002/2003,West Brom,West Ham,1,2
3863,Premier League,2002/2003,Tottenham,Fulham,1,1
3864,Premier League,2002/2003,Blackburn,Man City,1,0
3865,Premier League,2002/2003,Fulham,Sunderland,1,0
3866,Premier League,2002/2003,Middlesbrough,Everton,1,1
3867,Premier League,2002/2003,Newcastle,Chelsea,2,1
3868,Premier League,2002/2003,Southampton,West Brom,1,0
3869,Premier League,2002/2003,West Ham,Tottenham,2,0
3870,Premier League,2002/2003,Arsenal,Charlton,2,0
3871,Premier League,2002/2003,Aston Villa,Birmingham,0,2
3872,Premier League,2002/2003,Man United,Leeds,2,1
3873,Premier League,2002/2003,Middlesbrough,Newcastle,1,0
3874,Premier League,2002/2003,Liverpool,Bolton,2,0
3875,Premier League,2002/2003,Aston Villa,Man United,0,1
3876,Premier League,2002/2003,Blackburn,Arsenal,2,0
3877,Premier League,2002/2003,Charlton,Newcastle,0,2
3878,Premier League,2002/2003,Everton,West Ham,0,0
3879,Premier League,2002/2003,Fulham,Southampton,2,2
3880,Premier League,2002/2003,Leeds,Middlesbrough,2,3
3881,Premier League,2002/2003,Sunderland,Bolton,0,2
3882,Premier League,2002/2003,Man City,Birmingham,1,0
3883,Premier League,2002/2003,Tottenham,Liverpool,2,3
3884,Premier League,2002/2003,West Brom,Chelsea,0,2
3885,Premier League,2002/2003,Birmingham,West Brom,1,0
3886,Premier League,2002/2003,Chelsea,Man City,5,0
3887,Premier League,2002/2003,Man United,Fulham,3,0
3888,Premier League,2002/2003,Middlesbrough,Charlton,1,1
3889,Premier League,2002/2003,Newcastle,Blackburn,5,1
3890,Premier League,2002/2003,Southampton,Aston Villa,2,2
3891,Premier League,2002/2003,West Ham,Sunderland,2,0
3892,Premier League,2002/2003,Arsenal,Everton,2,1
3893,Premier League,2002/2003,Liverpool,Leeds,3,1
3894,Premier League,2002/2003,Bolton,Tottenham,1,0
3895,Premier League,2002/2003,Aston Villa,Arsenal,1,1
3896,Premier League,2002/2003,Bolton,Man City,2,0
3897,Premier League,2002/2003,Charlton,Leeds,1,6
3898,Premier League,2002/2003,Man United,Liverpool,4,0
3899,Premier League,2002/2003,Middlesbrough,West Brom,3,0
3900,Premier League,2002/2003,Southampton,West Ham,1,1
3901,Premier League,2002/2003,Sunderland,Chelsea,1,2
3902,Premier League,2002/2003,Tottenham,Birmingham,2,1
3903,Premier League,2002/2003,Everton,Newcastle,2,1
3904,Premier League,2002/2003,Fulham,Blackburn,0,4
3905,Premier League,2002/2003,Birmingham,Sunderland,2,0
3906,Premier League,2002/2003,Blackburn,Charlton,1,0
3907,Premier League,2002/2003,Chelsea,Bolton,1,0
3908,Premier League,2002/2003,Leeds,Tottenham,2,2
3909,Premier League,2002/2003,Liverpool,Fulham,2,0
3910,Premier League,2002/2003,Man City,Middlesbrough,0,0
3911,Premier League,2002/2003,Newcastle,Man United,2,6
3912,Premier League,2002/2003,West Brom,Everton,1,2
3913,Premier League,2002/2003,West Ham,Aston Villa,2,2
3914,Premier League,2002/2003,Arsenal,Man United,2,2
3915,Premier League,2002/2003,Tottenham,Man City,0,2
3916,Premier League,2002/2003,Aston Villa,Chelsea,2,1
3917,Premier League,2002/2003,Bolton,West Ham,1,0
3918,Premier League,2002/2003,Charlton,Birmingham,0,2
3919,Premier League,2002/2003,Everton,Liverpool,1,2
3920,Premier League,2002/2003,Fulham,Newcastle,2,1
3921,Premier League,2002/2003,Man United,Blackburn,3,1
3922,Premier League,2002/2003,Middlesbrough,Arsenal,0,2
3923,Premier League,2002/2003,Southampton,Leeds,3,2
3924,Premier League,2002/2003,Sunderland,West Brom,1,2
3925,Premier League,2002/2003,Birmingham,Southampton,3,2
3926,Premier League,2002/2003,Blackburn,Bolton,0,0
3927,Premier League,2002/2003,Chelsea,Everton,4,1
3928,Premier League,2002/2003,Liverpool,Charlton,2,1
3929,Premier League,2002/2003,Man City,Sunderland,3,0
3930,Premier League,2002/2003,Newcastle,Aston Villa,1,1
3931,Premier League,2002/2003,West Brom,Tottenham,2,3
3932,Premier League,2002/2003,West Ham,Middlesbrough,1,0
3933,Premier League,2002/2003,Leeds,Fulham,2,0
3934,Premier League,2002/2003,Birmingham,Middlesbrough,3,0
3935,Premier League,2002/2003,Bolton,Arsenal,2,2
3936,Premier League,2002/2003,Charlton,Southampton,2,1
3937,Premier League,2002/2003,Chelsea,Fulham,1,1
3938,Premier League,2002/2003,Everton,Aston Villa,2,1
3939,Premier League,2002/2003,Leeds,Blackburn,2,3
3940,Premier League,2002/2003,Sunderland,Newcastle,0,1
3941,Premier League,2002/2003,West Brom,Liverpool,0,6
3942,Premier League,2002/2003,Man City,West Ham,0,1
3943,Premier League,2002/2003,Tottenham,Man United,0,2
3944,Premier League,2002/2003,Aston Villa,Sunderland,1,0
3945,Premier League,2002/2003,Blackburn,West Brom,1,1
3946,Premier League,2002/2003,Fulham,Everton,2,0
3947,Premier League,2002/2003,Liverpool,Man City,1,2
3948,Premier League,2002/2003,Man United,Charlton,4,1
3949,Premier League,2002/2003,Middlesbrough,Tottenham,5,1
3950,Premier League,2002/2003,Newcastle,Birmingham,1,0
3951,Premier League,2002/2003,Southampton,Bolton,0,0
3952,Premier League,2002/2003,West Ham,Chelsea,1,0
3953,Premier League,2002/2003,Arsenal,Leeds,2,3
3954,Premier League,2002/2003,Arsenal,Southampton,6,1
3955,Premier League,2002/2003,Birmingham,West Ham,2,2
3956,Premier League,2002/2003,Bolton,Middlesbrough,2,1
3957,Premier League,2002/2003,Charlton,Fulham,0,1
3958,Premier League,2002/2003,Chelsea,Liverpool,2,1
3959,Premier League,2002/2003,Everton,Man United,1,2
3960,Premier League,2002/2003,Leeds,Aston Villa,3,1
3961,Premier League,2002/2003,Man City,Southampton,0,1
3962,Premier League,2002/2003,Sunderland,Arsenal,0,4
3963,Premier League,2002/2003,Tottenham,Blackburn,0,4
3964,Premier League,2002/2003,West Brom,Newcastle,2,2
3965,Premier League,2003/2004,Arsenal,Everton,2,1
3966,Premier League,2003/2004,Birmingham,Tottenham,1,0
3967,Premier League,2003/2004,Blackburn,Wolves,5,1
3968,Premier League,2003/2004,Fulham,Middlesbrough,3,2
3969,Premier League,2003/2004,Leicester,Southampton,2,2
3970,Premier League,2003/2004,Man United,Bolton,4,0
3971,Premier League,2003/2004,Portsmouth,Aston Villa,2,1
3972,Premier League,2003/2004,Charlton,Man City,0,3
3973,Premier League,2003/2004,Leeds,Newcastle,2,2
3974,Premier League,2003/2004,Liverpool,Chelsea,1,2
3975,Premier League,2003/2004,Bolton,Blackburn,2,2
3976,Premier League,2003/2004,Chelsea,Leicester,2,1
3977,Premier League,2003/2004,Everton,Fulham,3,1
3978,Premier League,2003/2004,Man City,Portsmouth,1,1
3979,Premier League,2003/2004,Newcastle,Man United,1,2
3980,Premier League,2003/2004,Southampton,Birmingham,0,0
3981,Premier League,2003/2004,Tottenham,Leeds,2,1
3982,Premier League,2003/2004,Wolves,Charlton,0,4
3983,Premier League,2003/2004,Aston Villa,Liverpool,0,0
3984,Premier League,2003/2004,Middlesbrough,Arsenal,0,4
3985,Premier League,2003/2004,Blackburn,Man City,2,3
3986,Premier League,2003/2004,Charlton,Everton,2,2
3987,Premier League,2003/2004,Leeds,Southampton,0,0
3988,Premier League,2003/2004,Leicester,Middlesbrough,0,0
3989,Premier League,2003/2004,Portsmouth,Bolton,4,0
3990,Premier League,2003/2004,Arsenal,Aston Villa,2,0
3991,Premier League,2003/2004,Liverpool,Tottenham,0,0
3992,Premier League,2003/2004,Man United,Wolves,1,0
3993,Premier League,2003/2004,Aston Villa,Leicester,3,1
3994,Premier League,2003/2004,Bolton,Charlton,0,0
3995,Premier League,2003/2004,Chelsea,Blackburn,2,2
3996,Premier League,2003/2004,Everton,Liverpool,0,3
3997,Premier League,2003/2004,Middlesbrough,Leeds,2,3
3998,Premier League,2003/2004,Newcastle,Birmingham,0,1
3999,Premier League,2003/2004,Tottenham,Fulham,0,3
4000,Premier League,2003/2004,Wolves,Portsmouth,0,0
4001,Premier League,2003/2004,Man City,Arsenal,1,2
4002,Premier League,2003/2004,Southampton,Man United,1,0
4003,Premier League,2003/2004,Arsenal,Portsmouth,1,1
4004,Premier League,2003/2004,Blackburn,Liverpool,1,3
4005,Premier League,2003/2004,Bolton,Middlesbrough,2,0
4006,Premier League,2003/2004,Charlton,Man United,0,2
4007,Premier League,2003/2004,Chelsea,Tottenham,4,2
4008,Premier League,2003/2004,Everton,Newcastle,2,2
4009,Premier League,2003/2004,Southampton,Wolves,2,0
4010,Premier League,2003/2004,Birmingham,Fulham,2,2
4011,Premier League,2003/2004,Man City,Aston Villa,4,1
4012,Premier League,2003/2004,Leicester,Leeds,4,0
4013,Premier League,2003/2004,Aston Villa,Charlton,2,1
4014,Premier League,2003/2004,Fulham,Man City,2,2
4015,Premier League,2003/2004,Leeds,Birmingham,0,2
4016,Premier League,2003/2004,Liverpool,Leicester,2,1
4017,Premier League,2003/2004,Newcastle,Bolton,0,0
4018,Premier League,2003/2004,Portsmouth,Blackburn,1,2
4019,Premier League,2003/2004,Tottenham,Southampton,1,3
4020,Premier League,2003/2004,Wolves,Chelsea,0,5
4021,Premier League,2003/2004,Man United,Arsenal,0,0
4022,Premier League,2003/2004,Middlesbrough,Everton,1,0
4023,Premier League,2003/2004,Arsenal,Newcastle,3,2
4024,Premier League,2003/2004,Birmingham,Portsmouth,2,0
4025,Premier League,2003/2004,Bolton,Wolves,1,1
4026,Premier League,2003/2004,Chelsea,Aston Villa,1,0
4027,Premier League,2003/2004,Leicester,Man United,1,4
4028,Premier League,2003/2004,Southampton,Middlesbrough,0,1
4029,Premier League,2003/2004,Blackburn,Fulham,0,2
4030,Premier League,2003/2004,Charlton,Liverpool,3,2
4031,Premier League,2003/2004,Everton,Leeds,4,0
4032,Premier League,2003/2004,Man City,Tottenham,0,0
4033,Premier League,2003/2004,Fulham,Leicester,2,0
4034,Premier League,2003/2004,Leeds,Blackburn,2,1
4035,Premier League,2003/2004,Liverpool,Arsenal,1,2
4036,Premier League,2003/2004,Man United,Birmingham,3,0
4037,Premier League,2003/2004,Newcastle,Southampton,1,0
4038,Premier League,2003/2004,Portsmouth,Charlton,1,2
4039,Premier League,2003/2004,Tottenham,Everton,3,0
4040,Premier League,2003/2004,Wolves,Man City,1,0
4041,Premier League,2003/2004,Aston Villa,Bolton,1,1
4042,Premier League,2003/2004,Middlesbrough,Chelsea,1,2
4043,Premier League,2003/2004,Birmingham,Chelsea,0,0
4044,Premier League,2003/2004,Arsenal,Chelsea,2,1
4045,Premier League,2003/2004,Fulham,Wolves,0,0
4046,Premier League,2003/2004,Leeds,Man United,0,1
4047,Premier League,2003/2004,Man City,Bolton,6,2
4048,Premier League,2003/2004,Middlesbrough,Newcastle,0,1
4049,Premier League,2003/2004,Portsmouth,Liverpool,1,0
4050,Premier League,2003/2004,Birmingham,Aston Villa,0,0
4051,Premier League,2003/2004,Everton,Southampton,0,0
4052,Premier League,2003/2004,Leicester,Tottenham,1,2
4053,Premier League,2003/2004,Blackburn,Charlton,0,1
4054,Premier League,2003/2004,Fulham,Newcastle,2,3
4055,Premier League,2003/2004,Aston Villa,Everton,0,0
4056,Premier League,2003/2004,Bolton,Birmingham,0,1
4057,Premier League,2003/2004,Chelsea,Man City,1,0
4058,Premier League,2003/2004,Liverpool,Leeds,3,1
4059,Premier League,2003/2004,Man United,Fulham,1,3
4060,Premier League,2003/2004,Newcastle,Portsmouth,3,0
4061,Premier League,2003/2004,Southampton,Blackburn,2,0
4062,Premier League,2003/2004,Wolves,Leicester,4,3
4063,Premier League,2003/2004,Charlton,Arsenal,1,1
4064,Premier League,2003/2004,Tottenham,Middlesbrough,0,0
4065,Premier League,2003/2004,Everton,Chelsea,0,1
4066,Premier League,2003/2004,Leeds,Arsenal,1,4
4067,Premier League,2003/2004,Man United,Portsmouth,3,0
4068,Premier League,2003/2004,Middlesbrough,Wolves,2,0
4069,Premier League,2003/2004,Newcastle,Aston Villa,1,1
4070,Premier League,2003/2004,Southampton,Man City,0,2
4071,Premier League,2003/2004,Tottenham,Bolton,0,1
4072,Premier League,2003/2004,Fulham,Liverpool,1,2
4073,Premier League,2003/2004,Leicester,Blackburn,2,0
4074,Premier League,2003/2004,Birmingham,Charlton,1,2
4075,Premier League,2003/2004,Arsenal,Tottenham,2,1
4076,Premier League,2003/2004,Aston Villa,Middlesbrough,0,2
4077,Premier League,2003/2004,Bolton,Southampton,0,0
4078,Premier League,2003/2004,Charlton,Fulham,3,1
4079,Premier League,2003/2004,Portsmouth,Leeds,6,1
4080,Premier League,2003/2004,Wolves,Birmingham,1,1
4081,Premier League,2003/2004,Chelsea,Newcastle,5,0
4082,Premier League,2003/2004,Liverpool,Man United,1,2
4083,Premier League,2003/2004,Man City,Leicester,0,3
4084,Premier League,2003/2004,Blackburn,Everton,2,1
4085,Premier League,2003/2004,Birmingham,Arsenal,0,3
4086,Premier League,2003/2004,Everton,Wolves,2,0
4087,Premier League,2003/2004,Leeds,Bolton,0,2
4088,Premier League,2003/2004,Leicester,Charlton,1,1
4089,Premier League,2003/2004,Man United,Blackburn,2,1
4090,Premier League,2003/2004,Middlesbrough,Liverpool,0,0
4091,Premier League,2003/2004,Newcastle,Man City,3,0
4092,Premier League,2003/2004,Southampton,Chelsea,0,1
4093,Premier League,2003/2004,Tottenham,Aston Villa,2,1
4094,Premier League,2003/2004,Fulham,Portsmouth,2,0
4095,Premier League,2003/2004,Aston Villa,Southampton,1,0
4096,Premier League,2003/2004,Blackburn,Tottenham,1,0
4097,Premier League,2003/2004,Bolton,Everton,2,0
4098,Premier League,2003/2004,Charlton,Leeds,0,1
4099,Premier League,2003/2004,Portsmouth,Leicester,0,2
4100,Premier League,2003/2004,Wolves,Newcastle,1,1
4101,Premier League,2003/2004,Arsenal,Fulham,0,0
4102,Premier League,2003/2004,Chelsea,Man United,1,0
4103,Premier League,2003/2004,Liverpool,Birmingham,3,1
4104,Premier League,2003/2004,Man City,Middlesbrough,0,1
4105,Premier League,2003/2004,Birmingham,Blackburn,0,4
4106,Premier League,2003/2004,Fulham,Bolton,2,1
4107,Premier League,2003/2004,Leeds,Chelsea,1,1
4108,Premier League,2003/2004,Leicester,Arsenal,1,1
4109,Premier League,2003/2004,Man United,Aston Villa,4,0
4110,Premier League,2003/2004,Middlesbrough,Portsmouth,0,0
4111,Premier League,2003/2004,Newcastle,Liverpool,1,1
4112,Premier League,2003/2004,Tottenham,Wolves,5,2
4113,Premier League,2003/2004,Everton,Man City,0,0
4114,Premier League,2003/2004,Southampton,Charlton,3,2
4115,Premier League,2003/2004,Chelsea,Bolton,1,2
4116,Premier League,2003/2004,Leicester,Birmingham,0,2
4117,Premier League,2003/2004,Liverpool,Southampton,1,2
4118,Premier League,2003/2004,Man United,Man City,3,1
4119,Premier League,2003/2004,Middlesbrough,Charlton,0,0
4120,Premier League,2003/2004,Newcastle,Tottenham,4,0
4121,Premier League,2003/2004,Portsmouth,Everton,1,2
4122,Premier League,2003/2004,Arsenal,Blackburn,1,0
4123,Premier League,2003/2004,Aston Villa,Wolves,3,2
4124,Premier League,2003/2004,Leeds,Fulham,3,2
4125,Premier League,2003/2004,Blackburn,Aston Villa,0,2
4126,Premier League,2003/2004,Bolton,Arsenal,1,1
4127,Premier League,2003/2004,Charlton,Newcastle,0,0
4128,Premier League,2003/2004,Everton,Leicester,3,2
4129,Premier League,2003/2004,Fulham,Chelsea,0,1
4130,Premier League,2003/2004,Southampton,Portsmouth,3,0
4131,Premier League,2003/2004,Tottenham,Man United,1,2
4132,Premier League,2003/2004,Man City,Leeds,1,1
4133,Premier League,2003/2004,Arsenal,Wolves,3,0
4134,Premier League,2003/2004,Birmingham,Man City,2,1
4135,Premier League,2003/2004,Blackburn,Middlesbrough,2,2
4136,Premier League,2003/2004,Charlton,Chelsea,4,2
4137,Premier League,2003/2004,Fulham,Southampton,2,0
4138,Premier League,2003/2004,Leeds,Aston Villa,0,0
4139,Premier League,2003/2004,Leicester,Newcastle,1,1
4140,Premier League,2003/2004,Liverpool,Bolton,3,1
4141,Premier League,2003/2004,Man United,Everton,3,2
4142,Premier League,2003/2004,Portsmouth,Tottenham,2,0
4143,Premier League,2003/2004,Aston Villa,Fulham,3,0
4144,Premier League,2003/2004,Bolton,Leicester,2,2
4145,Premier League,2003/2004,Chelsea,Portsmouth,3,0
4146,Premier League,2003/2004,Everton,Birmingham,1,0
4147,Premier League,2003/2004,Man City,Liverpool,2,2
4148,Premier League,2003/2004,Middlesbrough,Man United,0,1
4149,Premier League,2003/2004,Newcastle,Blackburn,0,1
4150,Premier League,2003/2004,Tottenham,Charlton,0,1
4151,Premier League,2003/2004,Wolves,Leeds,3,1
4152,Premier League,2003/2004,Southampton,Arsenal,0,1
4153,Premier League,2003/2004,Aston Villa,Portsmouth,2,1
4154,Premier League,2003/2004,Bolton,Man United,1,2
4155,Premier League,2003/2004,Chelsea,Liverpool,0,1
4156,Premier League,2003/2004,Everton,Arsenal,1,1
4157,Premier League,2003/2004,Man City,Charlton,1,1
4158,Premier League,2003/2004,Middlesbrough,Fulham,2,1
4159,Premier League,2003/2004,Newcastle,Leeds,1,0
4160,Premier League,2003/2004,Southampton,Leicester,0,0
4161,Premier League,2003/2004,Tottenham,Birmingham,4,1
4162,Premier League,2003/2004,Wolves,Blackburn,2,2
4163,Premier League,2003/2004,Arsenal,Middlesbrough,4,1
4164,Premier League,2003/2004,Birmingham,Southampton,2,1
4165,Premier League,2003/2004,Blackburn,Bolton,3,4
4166,Premier League,2003/2004,Charlton,Wolves,2,0
4167,Premier League,2003/2004,Fulham,Everton,2,1
4168,Premier League,2003/2004,Leeds,Tottenham,0,1
4169,Premier League,2003/2004,Liverpool,Aston Villa,1,0
4170,Premier League,2003/2004,Portsmouth,Man City,4,2
4171,Premier League,2003/2004,Leicester,Chelsea,0,4
4172,Premier League,2003/2004,Man United,Newcastle,0,0
4173,Premier League,2003/2004,Bolton,Portsmouth,1,0
4174,Premier League,2003/2004,Everton,Charlton,0,1
4175,Premier League,2003/2004,Man City,Blackburn,1,1
4176,Premier League,2003/2004,Middlesbrough,Leicester,3,3
4177,Premier League,2003/2004,Southampton,Leeds,2,1
4178,Premier League,2003/2004,Tottenham,Liverpool,2,1
4179,Premier League,2003/2004,Wolves,Man United,1,0
4180,Premier League,2003/2004,Aston Villa,Arsenal,0,2
4181,Premier League,2003/2004,Chelsea,Birmingham,0,0
4182,Premier League,2003/2004,Newcastle,Fulham,3,1
4183,Premier League,2003/2004,Wolves,Liverpool,1,1
4184,Premier League,2003/2004,Birmingham,Newcastle,1,1
4185,Premier League,2003/2004,Charlton,Bolton,1,2
4186,Premier League,2003/2004,Fulham,Tottenham,2,1
4187,Premier League,2003/2004,Leeds,Middlesbrough,0,3
4188,Premier League,2003/2004,Leicester,Aston Villa,0,5
4189,Premier League,2003/2004,Liverpool,Everton,0,0
4190,Premier League,2003/2004,Man United,Southampton,3,2
4191,Premier League,2003/2004,Portsmouth,Wolves,0,0
4192,Premier League,2003/2004,Arsenal,Man City,2,1
4193,Premier League,2003/2004,Blackburn,Chelsea,2,3
4194,Premier League,2003/2004,Aston Villa,Leeds,2,0
4195,Premier League,2003/2004,Bolton,Liverpool,2,2
4196,Premier League,2003/2004,Everton,Man United,3,4
4197,Premier League,2003/2004,Middlesbrough,Blackburn,0,1
4198,Premier League,2003/2004,Newcastle,Leicester,3,1
4199,Premier League,2003/2004,Southampton,Fulham,0,0
4200,Premier League,2003/2004,Tottenham,Portsmouth,4,3
4201,Premier League,2003/2004,Wolves,Arsenal,1,3
4202,Premier League,2003/2004,Chelsea,Charlton,1,0
4203,Premier League,2003/2004,Man City,Birmingham,0,0
4204,Premier League,2003/2004,Arsenal,Southampton,2,0
4205,Premier League,2003/2004,Leeds,Wolves,4,1
4206,Premier League,2003/2004,Leicester,Bolton,1,1
4207,Premier League,2003/2004,Birmingham,Everton,3,0
4208,Premier League,2003/2004,Blackburn,Newcastle,1,1
4209,Premier League,2003/2004,Charlton,Tottenham,2,4
4210,Premier League,2003/2004,Fulham,Aston Villa,1,2
4211,Premier League,2003/2004,Liverpool,Man City,2,1
4212,Premier League,2003/2004,Man United,Middlesbrough,2,3
4213,Premier League,2003/2004,Portsmouth,Chelsea,0,2
4214,Premier League,2003/2004,Bolton,Man City,1,3
4215,Premier League,2003/2004,Charlton,Blackburn,3,2
4216,Premier League,2003/2004,Chelsea,Arsenal,1,2
4217,Premier League,2003/2004,Man United,Leeds,1,1
4218,Premier League,2003/2004,Newcastle,Middlesbrough,2,1
4219,Premier League,2003/2004,Southampton,Everton,3,3
4220,Premier League,2003/2004,Wolves,Fulham,2,1
4221,Premier League,2003/2004,Aston Villa,Birmingham,2,2
4222,Premier League,2003/2004,Tottenham,Leicester,4,4
4223,Premier League,2003/2004,Arsenal,Charlton,2,1
4224,Premier League,2003/2004,Blackburn,Southampton,1,1
4225,Premier League,2003/2004,Everton,Aston Villa,2,0
4226,Premier League,2003/2004,Fulham,Man United,1,1
4227,Premier League,2003/2004,Leicester,Wolves,0,0
4228,Premier League,2003/2004,Man City,Chelsea,0,1
4229,Premier League,2003/2004,Leeds,Liverpool,2,2
4230,Premier League,2003/2004,Portsmouth,Newcastle,1,1
4231,Premier League,2003/2004,Birmingham,Middlesbrough,3,1
4232,Premier League,2003/2004,Birmingham,Bolton,2,0
4233,Premier League,2003/2004,Middlesbrough,Tottenham,1,0
4234,Premier League,2003/2004,Birmingham,Leicester,0,1
4235,Premier League,2003/2004,Blackburn,Arsenal,0,2
4236,Premier League,2003/2004,Bolton,Chelsea,0,2
4237,Premier League,2003/2004,Charlton,Middlesbrough,1,0
4238,Premier League,2003/2004,Everton,Portsmouth,1,0
4239,Premier League,2003/2004,Fulham,Leeds,2,0
4240,Premier League,2003/2004,Man City,Man United,4,1
4241,Premier League,2003/2004,Southampton,Liverpool,2,0
4242,Premier League,2003/2004,Tottenham,Newcastle,1,0
4243,Premier League,2003/2004,Wolves,Aston Villa,0,4
4244,Premier League,2003/2004,Liverpool,Portsmouth,3,0
4245,Premier League,2003/2004,Arsenal,Bolton,2,1
4246,Premier League,2003/2004,Aston Villa,Blackburn,0,2
4247,Premier League,2003/2004,Chelsea,Fulham,2,1
4248,Premier League,2003/2004,Leicester,Everton,1,1
4249,Premier League,2003/2004,Liverpool,Wolves,1,0
4250,Premier League,2003/2004,Man United,Tottenham,3,0
4251,Premier League,2003/2004,Middlesbrough,Birmingham,5,3
4252,Premier League,2003/2004,Newcastle,Charlton,3,1
4253,Premier League,2003/2004,Portsmouth,Southampton,1,0
4254,Premier League,2003/2004,Leeds,Man City,2,1
4255,Premier League,2003/2004,Birmingham,Leeds,4,1
4256,Premier League,2003/2004,Blackburn,Portsmouth,1,2
4257,Premier League,2003/2004,Charlton,Aston Villa,1,2
4258,Premier League,2003/2004,Chelsea,Wolves,5,2
4259,Premier League,2003/2004,Everton,Middlesbrough,1,1
4260,Premier League,2003/2004,Man City,Fulham,0,0
4261,Premier League,2003/2004,Southampton,Tottenham,1,0
4262,Premier League,2003/2004,Arsenal,Man United,1,1
4263,Premier League,2003/2004,Bolton,Newcastle,1,0
4264,Premier League,2003/2004,Leicester,Liverpool,0,0
4265,Premier League,2003/2004,Fulham,Birmingham,0,0
4266,Premier League,2003/2004,Middlesbrough,Bolton,2,0
4267,Premier League,2003/2004,Newcastle,Everton,4,2
4268,Premier League,2003/2004,Tottenham,Chelsea,0,1
4269,Premier League,2003/2004,Wolves,Southampton,1,4
4270,Premier League,2003/2004,Aston Villa,Man City,1,1
4271,Premier League,2003/2004,Liverpool,Blackburn,4,0
4272,Premier League,2003/2004,Leeds,Leicester,3,2
4273,Premier League,2003/2004,Arsenal,Liverpool,4,2
4274,Premier League,2003/2004,Everton,Tottenham,3,1
4275,Premier League,2003/2004,Birmingham,Man United,1,2
4276,Premier League,2003/2004,Blackburn,Leeds,1,2
4277,Premier League,2003/2004,Bolton,Aston Villa,2,2
4278,Premier League,2003/2004,Charlton,Portsmouth,1,1
4279,Premier League,2003/2004,Chelsea,Middlesbrough,0,0
4280,Premier League,2003/2004,Leicester,Fulham,0,2
4281,Premier League,2003/2004,Man City,Wolves,3,3
4282,Premier League,2003/2004,Newcastle,Arsenal,0,0
4283,Premier League,2003/2004,Aston Villa,Chelsea,3,2
4284,Premier League,2003/2004,Fulham,Blackburn,3,4
4285,Premier League,2003/2004,Liverpool,Charlton,0,1
4286,Premier League,2003/2004,Middlesbrough,Southampton,3,1
4287,Premier League,2003/2004,Portsmouth,Birmingham,3,1
4288,Premier League,2003/2004,Tottenham,Man City,1,1
4289,Premier League,2003/2004,Wolves,Bolton,1,2
4290,Premier League,2003/2004,Leeds,Everton,1,1
4291,Premier League,2003/2004,Man United,Leicester,1,0
4292,Premier League,2003/2004,Arsenal,Leeds,5,0
4293,Premier League,2003/2004,Blackburn,Leicester,1,0
4294,Premier League,2003/2004,Bolton,Tottenham,2,0
4295,Premier League,2003/2004,Charlton,Birmingham,1,1
4296,Premier League,2003/2004,Chelsea,Everton,0,0
4297,Premier League,2003/2004,Liverpool,Fulham,0,0
4298,Premier League,2003/2004,Man City,Southampton,1,3
4299,Premier League,2003/2004,Portsmouth,Man United,1,0
4300,Premier League,2003/2004,Wolves,Middlesbrough,2,0
4301,Premier League,2003/2004,Aston Villa,Newcastle,0,0
4302,Premier League,2003/2004,Man United,Charlton,2,0
4303,Premier League,2003/2004,Everton,Blackburn,0,1
4304,Premier League,2003/2004,Fulham,Charlton,2,0
4305,Premier League,2003/2004,Leicester,Man City,1,1
4306,Premier League,2003/2004,Man United,Liverpool,0,1
4307,Premier League,2003/2004,Middlesbrough,Aston Villa,1,2
4308,Premier League,2003/2004,Southampton,Bolton,1,2
4309,Premier League,2003/2004,Birmingham,Wolves,2,2
4310,Premier League,2003/2004,Leeds,Portsmouth,1,2
4311,Premier League,2003/2004,Newcastle,Chelsea,2,1
4312,Premier League,2003/2004,Tottenham,Arsenal,2,2
4313,Premier League,2003/2004,Arsenal,Birmingham,0,0
4314,Premier League,2003/2004,Blackburn,Man United,1,0
4315,Premier League,2003/2004,Charlton,Leicester,2,2
4316,Premier League,2003/2004,Chelsea,Southampton,4,0
4317,Premier League,2003/2004,Man City,Newcastle,1,0
4318,Premier League,2003/2004,Portsmouth,Fulham,1,1
4319,Premier League,2003/2004,Wolves,Everton,2,1
4320,Premier League,2003/2004,Aston Villa,Tottenham,1,0
4321,Premier League,2003/2004,Bolton,Leeds,4,1
4322,Premier League,2003/2004,Liverpool,Middlesbrough,2,0
4323,Premier League,2003/2004,Portsmouth,Arsenal,1,1
4324,Premier League,2003/2004,Birmingham,Liverpool,0,3
4325,Premier League,2003/2004,Everton,Bolton,1,2
4326,Premier League,2003/2004,Leeds,Charlton,3,3
4327,Premier League,2003/2004,Leicester,Portsmouth,3,1
4328,Premier League,2003/2004,Man United,Chelsea,1,1
4329,Premier League,2003/2004,Middlesbrough,Man City,2,1
4330,Premier League,2003/2004,Southampton,Aston Villa,1,1
4331,Premier League,2003/2004,Tottenham,Blackburn,1,0
4332,Premier League,2003/2004,Fulham,Arsenal,0,1
4333,Premier League,2003/2004,Newcastle,Wolves,1,1
4334,Premier League,2003/2004,Southampton,Newcastle,3,3
4335,Premier League,2003/2004,Arsenal,Leicester,2,1
4336,Premier League,2003/2004,Aston Villa,Man United,0,2
4337,Premier League,2003/2004,Blackburn,Birmingham,1,1
4338,Premier League,2003/2004,Bolton,Fulham,0,2
4339,Premier League,2003/2004,Charlton,Southampton,2,1
4340,Premier League,2003/2004,Chelsea,Leeds,1,0
4341,Premier League,2003/2004,Liverpool,Newcastle,1,1
4342,Premier League,2003/2004,Man City,Everton,5,1
4343,Premier League,2003/2004,Portsmouth,Middlesbrough,5,1
4344,Premier League,2003/2004,Wolves,Tottenham,0,2
4345,Premier League,2004/2005,Aston Villa,Southampton,2,0
4346,Premier League,2004/2005,Blackburn,West Brom,1,1
4347,Premier League,2004/2005,Bolton,Charlton,4,1
4348,Premier League,2004/2005,Man City,Fulham,1,1
4349,Premier League,2004/2005,Middlesbrough,Newcastle,2,2
4350,Premier League,2004/2005,Norwich,Crystal Palace,1,1
4351,Premier League,2004/2005,Portsmouth,Birmingham,1,1
4352,Premier League,2004/2005,Tottenham,Liverpool,1,1
4353,Premier League,2004/2005,Chelsea,Man United,1,0
4354,Premier League,2004/2005,Everton,Arsenal,1,4
4355,Premier League,2004/2005,Birmingham,Chelsea,0,1
4356,Premier League,2004/2005,Charlton,Portsmouth,2,1
4357,Premier League,2004/2005,Crystal Palace,Everton,1,3
4358,Premier League,2004/2005,Fulham,Bolton,2,0
4359,Premier League,2004/2005,Liverpool,Man City,2,1
4360,Premier League,2004/2005,Man United,Norwich,2,1
4361,Premier League,2004/2005,Newcastle,Tottenham,0,1
4362,Premier League,2004/2005,Southampton,Blackburn,3,2
4363,Premier League,2004/2005,Arsenal,Middlesbrough,5,3
4364,Premier League,2004/2005,West Brom,Aston Villa,1,1
4365,Premier League,2004/2005,Birmingham,Man City,1,0
4366,Premier League,2004/2005,Crystal Palace,Chelsea,0,2
4367,Premier League,2004/2005,Arsenal,Blackburn,3,0
4368,Premier League,2004/2005,Charlton,Aston Villa,3,0
4369,Premier League,2004/2005,Fulham,Middlesbrough,0,2
4370,Premier League,2004/2005,Newcastle,Norwich,2,2
4371,Premier League,2004/2005,Southampton,Bolton,1,2
4372,Premier League,2004/2005,West Brom,Tottenham,1,1
4373,Premier League,2004/2005,Aston Villa,Newcastle,4,2
4374,Premier League,2004/2005,Blackburn,Man United,1,1
4375,Premier League,2004/2005,Chelsea,Southampton,2,1
4376,Premier League,2004/2005,Everton,West Brom,2,1
4377,Premier League,2004/2005,Man City,Charlton,4,0
4378,Premier League,2004/2005,Middlesbrough,Crystal Palace,2,1
4379,Premier League,2004/2005,Norwich,Arsenal,1,4
4380,Premier League,2004/2005,Tottenham,Birmingham,1,0
4381,Premier League,2004/2005,Bolton,Liverpool,1,0
4382,Premier League,2004/2005,Man United,Everton,0,0
4383,Premier League,2004/2005,Portsmouth,Fulham,4,3
4384,Premier League,2004/2005,Aston Villa,Chelsea,0,0
4385,Premier League,2004/2005,Bolton,Man United,2,2
4386,Premier League,2004/2005,Fulham,Arsenal,0,3
4387,Premier League,2004/2005,Liverpool,West Brom,3,0
4388,Premier League,2004/2005,Man City,Everton,0,1
4389,Premier League,2004/2005,Middlesbrough,Birmingham,2,1
4390,Premier League,2004/2005,Newcastle,Blackburn,3,0
4391,Premier League,2004/2005,Portsmouth,Crystal Palace,3,1
4392,Premier League,2004/2005,Tottenham,Norwich,0,0
4393,Premier League,2004/2005,Charlton,Southampton,0,0
4394,Premier League,2004/2005,Arsenal,Bolton,2,2
4395,Premier League,2004/2005,Birmingham,Charlton,1,1
4396,Premier League,2004/2005,Blackburn,Portsmouth,1,0
4397,Premier League,2004/2005,Crystal Palace,Man City,1,2
4398,Premier League,2004/2005,Norwich,Aston Villa,0,0
4399,Premier League,2004/2005,West Brom,Fulham,1,1
4400,Premier League,2004/2005,Chelsea,Tottenham,0,0
4401,Premier League,2004/2005,Everton,Middlesbrough,1,0
4402,Premier League,2004/2005,Southampton,Newcastle,1,2
4403,Premier League,2004/2005,Man United,Liverpool,2,1
4404,Premier League,2004/2005,Aston Villa,Crystal Palace,1,1
4405,Premier League,2004/2005,Bolton,Birmingham,1,1
4406,Premier League,2004/2005,Fulham,Southampton,1,0
4407,Premier League,2004/2005,Liverpool,Norwich,3,0
4408,Premier League,2004/2005,Man City,Arsenal,0,1
4409,Premier League,2004/2005,Middlesbrough,Chelsea,0,1
4410,Premier League,2004/2005,Newcastle,West Brom,3,1
4411,Premier League,2004/2005,Tottenham,Man United,0,1
4412,Premier League,2004/2005,Portsmouth,Everton,0,1
4413,Premier League,2004/2005,Charlton,Blackburn,1,0
4414,Premier League,2004/2005,Arsenal,Charlton,4,0
4415,Premier League,2004/2005,Blackburn,Aston Villa,2,2
4416,Premier League,2004/2005,Everton,Tottenham,0,1
4417,Premier League,2004/2005,Norwich,Portsmouth,2,2
4418,Premier League,2004/2005,Southampton,Man City,0,0
4419,Premier League,2004/2005,West Brom,Bolton,2,1
4420,Premier League,2004/2005,Birmingham,Newcastle,2,2
4421,Premier League,2004/2005,Chelsea,Liverpool,1,0
4422,Premier League,2004/2005,Man United,Middlesbrough,1,1
4423,Premier League,2004/2005,Crystal Palace,Fulham,2,0
4424,Premier League,2004/2005,Arsenal,Aston Villa,3,1
4425,Premier League,2004/2005,Birmingham,Man United,0,0
4426,Premier League,2004/2005,Blackburn,Middlesbrough,0,4
4427,Premier League,2004/2005,Bolton,Crystal Palace,1,0
4428,Premier League,2004/2005,Everton,Southampton,1,0
4429,Premier League,2004/2005,Fulham,Liverpool,2,4
4430,Premier League,2004/2005,Man City,Chelsea,1,0
4431,Premier League,2004/2005,West Brom,Norwich,0,0
4432,Premier League,2004/2005,Charlton,Newcastle,1,1
4433,Premier League,2004/2005,Portsmouth,Tottenham,1,0
4434,Premier League,2004/2005,Aston Villa,Fulham,2,0
4435,Premier League,2004/2005,Chelsea,Blackburn,4,0
4436,Premier League,2004/2005,Crystal Palace,West Brom,3,0
4437,Premier League,2004/2005,Liverpool,Charlton,2,0
4438,Premier League,2004/2005,Norwich,Everton,2,3
4439,Premier League,2004/2005,Tottenham,Bolton,1,2
4440,Premier League,2004/2005,Man United,Arsenal,2,0
4441,Premier League,2004/2005,Middlesbrough,Portsmouth,1,1
4442,Premier League,2004/2005,Newcastle,Man City,4,3
4443,Premier League,2004/2005,Southampton,Birmingham,0,0
4444,Premier League,2004/2005,Arsenal,Southampton,2,2
4445,Premier League,2004/2005,Birmingham,Crystal Palace,0,1
4446,Premier League,2004/2005,Blackburn,Liverpool,2,2
4447,Premier League,2004/2005,Charlton,Middlesbrough,1,2
4448,Premier League,2004/2005,Everton,Aston Villa,1,1
4449,Premier League,2004/2005,Fulham,Tottenham,2,0
4450,Premier League,2004/2005,Portsmouth,Man United,2,0
4451,Premier League,2004/2005,West Brom,Chelsea,1,4
4452,Premier League,2004/2005,Bolton,Newcastle,2,1
4453,Premier League,2004/2005,Man City,Norwich,1,1
4454,Premier League,2004/2005,Aston Villa,Portsmouth,3,0
4455,Premier League,2004/2005,Chelsea,Everton,1,0
4456,Premier League,2004/2005,Crystal Palace,Arsenal,1,1
4457,Premier League,2004/2005,Liverpool,Birmingham,0,1
4458,Premier League,2004/2005,Norwich,Blackburn,1,1
4459,Premier League,2004/2005,Southampton,West Brom,2,2
4460,Premier League,2004/2005,Tottenham,Charlton,2,3
4461,Premier League,2004/2005,Man United,Man City,0,0
4462,Premier League,2004/2005,Middlesbrough,Bolton,1,1
4463,Premier League,2004/2005,Newcastle,Fulham,1,4
4464,Premier League,2004/2005,Birmingham,Everton,0,1
4465,Premier League,2004/2005,Bolton,Aston Villa,1,2
4466,Premier League,2004/2005,Charlton,Norwich,4,0
4467,Premier League,2004/2005,Fulham,Chelsea,1,4
4468,Premier League,2004/2005,Liverpool,Crystal Palace,3,2
4469,Premier League,2004/2005,Man City,Blackburn,1,1
4470,Premier League,2004/2005,Southampton,Portsmouth,2,1
4471,Premier League,2004/2005,Tottenham,Arsenal,4,5
4472,Premier League,2004/2005,Newcastle,Man United,1,3
4473,Premier League,2004/2005,West Brom,Middlesbrough,1,2
4474,Premier League,2004/2005,Arsenal,West Brom,1,1
4475,Premier League,2004/2005,Chelsea,Bolton,2,2
4476,Premier League,2004/2005,Crystal Palace,Newcastle,0,2
4477,Premier League,2004/2005,Everton,Fulham,1,0
4478,Premier League,2004/2005,Man United,Charlton,2,0
4479,Premier League,2004/2005,Middlesbrough,Liverpool,2,0
4480,Premier League,2004/2005,Norwich,Southampton,2,1
4481,Premier League,2004/2005,Portsmouth,Man City,1,3
4482,Premier League,2004/2005,Blackburn,Birmingham,3,3
4483,Premier League,2004/2005,Aston Villa,Tottenham,1,0
4484,Premier League,2004/2005,Birmingham,Norwich,1,1
4485,Premier League,2004/2005,Bolton,Portsmouth,0,1
4486,Premier League,2004/2005,Charlton,Chelsea,0,4
4487,Premier League,2004/2005,Fulham,Blackburn,0,2
4488,Premier League,2004/2005,Man City,Aston Villa,2,0
4489,Premier League,2004/2005,Southampton,Crystal Palace,2,2
4490,Premier League,2004/2005,West Brom,Man United,0,3
4491,Premier League,2004/2005,Liverpool,Arsenal,2,1
4492,Premier League,2004/2005,Newcastle,Everton,1,1
4493,Premier League,2004/2005,Tottenham,Middlesbrough,2,0
4494,Premier League,2004/2005,Arsenal,Birmingham,3,0
4495,Premier League,2004/2005,Aston Villa,Liverpool,1,1
4496,Premier League,2004/2005,Blackburn,Tottenham,0,1
4497,Premier League,2004/2005,Chelsea,Newcastle,4,0
4498,Premier League,2004/2005,Everton,Bolton,3,2
4499,Premier League,2004/2005,Man United,Southampton,3,0
4500,Premier League,2004/2005,Norwich,Fulham,0,1
4501,Premier League,2004/2005,Portsmouth,West Brom,3,2
4502,Premier League,2004/2005,Crystal Palace,Charlton,0,1
4503,Premier League,2004/2005,Middlesbrough,Man City,3,2
4504,Premier League,2004/2005,Crystal Palace,Blackburn,0,0
4505,Premier League,2004/2005,Everton,Liverpool,1,0
4506,Premier League,2004/2005,Man City,Tottenham,0,1
4507,Premier League,2004/2005,Newcastle,Portsmouth,1,1
4508,Premier League,2004/2005,Norwich,Bolton,3,2
4509,Premier League,2004/2005,Southampton,Middlesbrough,2,2
4510,Premier League,2004/2005,West Brom,Charlton,0,1
4511,Premier League,2004/2005,Arsenal,Chelsea,2,2
4512,Premier League,2004/2005,Aston Villa,Birmingham,1,2
4513,Premier League,2004/2005,Fulham,Man United,1,1
4514,Premier League,2004/2005,Liverpool,Portsmouth,1,1
4515,Premier League,2004/2005,Birmingham,West Brom,4,0
4516,Premier League,2004/2005,Blackburn,Everton,0,0
4517,Premier League,2004/2005,Bolton,Man City,0,1
4518,Premier League,2004/2005,Chelsea,Norwich,4,0
4519,Premier League,2004/2005,Man United,Crystal Palace,5,2
4520,Premier League,2004/2005,Middlesbrough,Aston Villa,3,0
4521,Premier League,2004/2005,Tottenham,Southampton,5,1
4522,Premier League,2004/2005,Liverpool,Newcastle,3,1
4523,Premier League,2004/2005,Portsmouth,Arsenal,0,1
4524,Premier League,2004/2005,Charlton,Fulham,2,1
4525,Premier League,2004/2005,Arsenal,Fulham,2,0
4526,Premier League,2004/2005,Birmingham,Middlesbrough,2,0
4527,Premier League,2004/2005,Blackburn,Newcastle,2,2
4528,Premier League,2004/2005,Chelsea,Aston Villa,1,0
4529,Premier League,2004/2005,Crystal Palace,Portsmouth,0,1
4530,Premier League,2004/2005,Everton,Man City,2,1
4531,Premier League,2004/2005,Man United,Bolton,2,0
4532,Premier League,2004/2005,Norwich,Tottenham,0,2
4533,Premier League,2004/2005,Southampton,Charlton,0,0
4534,Premier League,2004/2005,West Brom,Liverpool,0,5
4535,Premier League,2004/2005,Aston Villa,Man United,0,1
4536,Premier League,2004/2005,Bolton,Blackburn,0,1
4537,Premier League,2004/2005,Charlton,Everton,2,0
4538,Premier League,2004/2005,Fulham,Birmingham,2,3
4539,Premier League,2004/2005,Liverpool,Southampton,1,0
4540,Premier League,2004/2005,Man City,West Brom,1,1
4541,Premier League,2004/2005,Middlesbrough,Norwich,2,0
4542,Premier League,2004/2005,Portsmouth,Chelsea,0,2
4543,Premier League,2004/2005,Tottenham,Crystal Palace,1,1
4544,Premier League,2004/2005,Newcastle,Arsenal,0,1
4545,Premier League,2004/2005,Aston Villa,Blackburn,1,0
4546,Premier League,2004/2005,Bolton,West Brom,1,1
4547,Premier League,2004/2005,Charlton,Arsenal,1,3
4548,Premier League,2004/2005,Fulham,Crystal Palace,3,1
4549,Premier League,2004/2005,Liverpool,Chelsea,0,1
4550,Premier League,2004/2005,Man City,Southampton,2,1
4551,Premier League,2004/2005,Middlesbrough,Man United,0,2
4552,Premier League,2004/2005,Newcastle,Birmingham,2,1
4553,Premier League,2004/2005,Portsmouth,Norwich,1,1
4554,Premier League,2004/2005,Tottenham,Everton,5,2
4555,Premier League,2004/2005,Blackburn,Charlton,1,0
4556,Premier League,2004/2005,Crystal Palace,Aston Villa,2,0
4557,Premier League,2004/2005,Norwich,Liverpool,1,2
4558,Premier League,2004/2005,West Brom,Newcastle,0,0
4559,Premier League,2004/2005,Arsenal,Man City,1,1
4560,Premier League,2004/2005,Birmingham,Bolton,1,2
4561,Premier League,2004/2005,Chelsea,Middlesbrough,2,0
4562,Premier League,2004/2005,Everton,Portsmouth,2,1
4563,Premier League,2004/2005,Man United,Tottenham,0,0
4564,Premier League,2004/2005,Southampton,Fulham,3,3
4565,Premier League,2004/2005,Aston Villa,Norwich,3,0
4566,Premier League,2004/2005,Bolton,Arsenal,1,0
4567,Premier League,2004/2005,Charlton,Birmingham,3,1
4568,Premier League,2004/2005,Liverpool,Man United,0,1
4569,Premier League,2004/2005,Man City,Crystal Palace,3,1
4570,Premier League,2004/2005,Newcastle,Southampton,2,1
4571,Premier League,2004/2005,Portsmouth,Blackburn,0,1
4572,Premier League,2004/2005,Tottenham,Chelsea,0,2
4573,Premier League,2004/2005,Fulham,West Brom,1,0
4574,Premier League,2004/2005,Middlesbrough,Everton,1,1
4575,Premier League,2004/2005,Birmingham,Fulham,1,2
4576,Premier League,2004/2005,Chelsea,Portsmouth,3,0
4577,Premier League,2004/2005,Crystal Palace,Tottenham,3,0
4578,Premier League,2004/2005,Everton,Charlton,0,1
4579,Premier League,2004/2005,Man United,Aston Villa,3,1
4580,Premier League,2004/2005,Norwich,Middlesbrough,4,4
4581,Premier League,2004/2005,Southampton,Liverpool,2,0
4582,Premier League,2004/2005,West Brom,Man City,2,0
4583,Premier League,2004/2005,Arsenal,Newcastle,1,0
4584,Premier League,2004/2005,Blackburn,Bolton,0,1
4585,Premier League,2004/2005,Arsenal,Man United,2,4
4586,Premier League,2004/2005,Bolton,Tottenham,3,1
4587,Premier League,2004/2005,Charlton,Liverpool,1,2
4588,Premier League,2004/2005,Portsmouth,Middlesbrough,2,1
4589,Premier League,2004/2005,West Brom,Crystal Palace,2,2
4590,Premier League,2004/2005,Birmingham,Southampton,2,1
4591,Premier League,2004/2005,Blackburn,Chelsea,0,1
4592,Premier League,2004/2005,Everton,Norwich,1,0
4593,Premier League,2004/2005,Fulham,Aston Villa,1,1
4594,Premier League,2004/2005,Man City,Newcastle,1,1
4595,Premier League,2004/2005,Aston Villa,Arsenal,1,3
4596,Premier League,2004/2005,Crystal Palace,Bolton,0,1
4597,Premier League,2004/2005,Liverpool,Fulham,3,1
4598,Premier League,2004/2005,Man United,Birmingham,2,0
4599,Premier League,2004/2005,Middlesbrough,Blackburn,1,0
4600,Premier League,2004/2005,Newcastle,Charlton,1,1
4601,Premier League,2004/2005,Norwich,West Brom,3,2
4602,Premier League,2004/2005,Tottenham,Portsmouth,3,1
4603,Premier League,2004/2005,Chelsea,Man City,0,0
4604,Premier League,2004/2005,Southampton,Everton,2,2
4605,Premier League,2004/2005,Birmingham,Liverpool,2,0
4606,Premier League,2004/2005,Blackburn,Norwich,3,0
4607,Premier League,2004/2005,Bolton,Middlesbrough,0,0
4608,Premier League,2004/2005,Everton,Chelsea,0,1
4609,Premier League,2004/2005,Portsmouth,Aston Villa,1,2
4610,Premier League,2004/2005,Man City,Man United,0,2
4611,Premier League,2004/2005,Arsenal,Crystal Palace,5,1
4612,Premier League,2004/2005,West Brom,Southampton,0,0
4613,Premier League,2004/2005,Aston Villa,Everton,1,3
4614,Premier League,2004/2005,Crystal Palace,Birmingham,2,0
4615,Premier League,2004/2005,Man United,Portsmouth,2,1
4616,Premier League,2004/2005,Southampton,Arsenal,1,1
4617,Premier League,2004/2005,Tottenham,Fulham,2,0
4618,Premier League,2004/2005,Middlesbrough,Charlton,2,2
4619,Premier League,2004/2005,Newcastle,Bolton,2,1
4620,Premier League,2004/2005,Norwich,Man City,2,3
4621,Premier League,2004/2005,Arsenal,Portsmouth,3,0
4622,Premier League,2004/2005,Aston Villa,Middlesbrough,2,0
4623,Premier League,2004/2005,Crystal Palace,Man United,0,0
4624,Premier League,2004/2005,Fulham,Charlton,0,0
4625,Premier League,2004/2005,Newcastle,Liverpool,1,0
4626,Premier League,2004/2005,Norwich,Chelsea,1,3
4627,Premier League,2004/2005,Southampton,Tottenham,1,0
4628,Premier League,2004/2005,Everton,Blackburn,0,1
4629,Premier League,2004/2005,West Brom,Birmingham,2,0
4630,Premier League,2004/2005,Man City,Bolton,0,1
4631,Premier League,2004/2005,Chelsea,West Brom,1,0
4632,Premier League,2004/2005,Charlton,Tottenham,2,0
4633,Premier League,2004/2005,Liverpool,Blackburn,0,0
4634,Premier League,2004/2005,Blackburn,Arsenal,0,1
4635,Premier League,2004/2005,Bolton,Norwich,1,0
4636,Premier League,2004/2005,Charlton,West Brom,1,4
4637,Premier League,2004/2005,Chelsea,Crystal Palace,4,1
4638,Premier League,2004/2005,Man United,Fulham,1,0
4639,Premier League,2004/2005,Portsmouth,Newcastle,1,1
4640,Premier League,2004/2005,Tottenham,Man City,2,1
4641,Premier League,2004/2005,Birmingham,Aston Villa,2,0
4642,Premier League,2004/2005,Liverpool,Everton,2,1
4643,Premier League,2004/2005,Middlesbrough,Southampton,1,3
4644,Premier League,2004/2005,Arsenal,Norwich,4,1
4645,Premier League,2004/2005,Birmingham,Tottenham,1,1
4646,Premier League,2004/2005,Charlton,Man City,2,2
4647,Premier League,2004/2005,Crystal Palace,Middlesbrough,0,1
4648,Premier League,2004/2005,Liverpool,Bolton,1,0
4649,Premier League,2004/2005,Man United,Blackburn,0,0
4650,Premier League,2004/2005,Newcastle,Aston Villa,0,3
4651,Premier League,2004/2005,Southampton,Chelsea,1,3
4652,Premier League,2004/2005,Fulham,Portsmouth,3,1
4653,Premier League,2004/2005,West Brom,Everton,1,0
4654,Premier League,2004/2005,Blackburn,Southampton,3,0
4655,Premier League,2004/2005,Bolton,Fulham,3,1
4656,Premier League,2004/2005,Chelsea,Birmingham,1,1
4657,Premier League,2004/2005,Man City,Liverpool,1,0
4658,Premier League,2004/2005,Middlesbrough,Arsenal,0,1
4659,Premier League,2004/2005,Norwich,Man United,2,0
4660,Premier League,2004/2005,Portsmouth,Charlton,4,2
4661,Premier League,2004/2005,Aston Villa,West Brom,1,1
4662,Premier League,2004/2005,Everton,Crystal Palace,4,0
4663,Premier League,2004/2005,Tottenham,Newcastle,1,0
4664,Premier League,2004/2005,Birmingham,Portsmouth,0,0
4665,Premier League,2004/2005,Charlton,Bolton,1,2
4666,Premier League,2004/2005,Crystal Palace,Norwich,3,3
4667,Premier League,2004/2005,Fulham,Man City,1,1
4668,Premier League,2004/2005,Liverpool,Tottenham,2,2
4669,Premier League,2004/2005,Southampton,Aston Villa,2,3
4670,Premier League,2004/2005,Bolton,Southampton,1,1
4671,Premier League,2004/2005,Middlesbrough,Fulham,1,1
4672,Premier League,2004/2005,Aston Villa,Charlton,0,0
4673,Premier League,2004/2005,Blackburn,Crystal Palace,1,0
4674,Premier League,2004/2005,Chelsea,Arsenal,0,0
4675,Premier League,2004/2005,Everton,Man United,1,0
4676,Premier League,2004/2005,Man City,Birmingham,3,0
4677,Premier League,2004/2005,Norwich,Newcastle,2,1
4678,Premier League,2004/2005,Portsmouth,Liverpool,1,2
4679,Premier League,2004/2005,Tottenham,West Brom,1,1
4680,Premier League,2004/2005,Aston Villa,Bolton,1,1
4681,Premier League,2004/2005,Blackburn,Man City,0,0
4682,Premier League,2004/2005,Chelsea,Fulham,3,1
4683,Premier League,2004/2005,Crystal Palace,Liverpool,1,0
4684,Premier League,2004/2005,Everton,Birmingham,1,1
4685,Premier League,2004/2005,Middlesbrough,West Brom,4,0
4686,Premier League,2004/2005,Norwich,Charlton,1,0
4687,Premier League,2004/2005,Man United,Newcastle,2,1
4688,Premier League,2004/2005,Portsmouth,Southampton,4,1
4689,Premier League,2004/2005,Arsenal,Tottenham,1,0
4690,Premier League,2004/2005,West Brom,Blackburn,1,1
4691,Premier League,2004/2005,Newcastle,Middlesbrough,0,0
4692,Premier League,2004/2005,Birmingham,Blackburn,2,1
4693,Premier League,2004/2005,Bolton,Chelsea,0,2
4694,Premier League,2004/2005,Fulham,Everton,2,0
4695,Premier League,2004/2005,Liverpool,Middlesbrough,1,1
4696,Premier League,2004/2005,Man City,Portsmouth,2,0
4697,Premier League,2004/2005,Newcastle,Crystal Palace,0,0
4698,Premier League,2004/2005,Southampton,Norwich,4,3
4699,Premier League,2004/2005,Charlton,Man United,0,4
4700,Premier League,2004/2005,Tottenham,Aston Villa,5,1
4701,Premier League,2004/2005,West Brom,Arsenal,0,2
4702,Premier League,2004/2005,Fulham,Newcastle,1,3
4703,Premier League,2004/2005,Aston Villa,Man City,1,2
4704,Premier League,2004/2005,Blackburn,Fulham,1,3
4705,Premier League,2004/2005,Chelsea,Charlton,1,0
4706,Premier League,2004/2005,Crystal Palace,Southampton,2,2
4707,Premier League,2004/2005,Everton,Newcastle,2,0
4708,Premier League,2004/2005,Man United,West Brom,1,1
4709,Premier League,2004/2005,Middlesbrough,Tottenham,1,0
4710,Premier League,2004/2005,Norwich,Birmingham,1,0
4711,Premier League,2004/2005,Portsmouth,Bolton,1,1
4712,Premier League,2004/2005,Arsenal,Liverpool,3,1
4713,Premier League,2004/2005,Man United,Chelsea,1,3
4714,Premier League,2004/2005,Arsenal,Everton,7,0
4715,Premier League,2004/2005,Birmingham,Arsenal,2,1
4716,Premier League,2004/2005,Bolton,Everton,3,2
4717,Premier League,2004/2005,Charlton,Crystal Palace,2,2
4718,Premier League,2004/2005,Fulham,Norwich,6,0
4719,Premier League,2004/2005,Liverpool,Aston Villa,2,1
4720,Premier League,2004/2005,Man City,Middlesbrough,1,1
4721,Premier League,2004/2005,Newcastle,Chelsea,1,1
4722,Premier League,2004/2005,Southampton,Man United,1,2
4723,Premier League,2004/2005,Tottenham,Blackburn,0,0
4724,Premier League,2004/2005,West Brom,Portsmouth,2,0
4725,Premier League,2005/2006,Aston Villa,Bolton,2,2
4726,Premier League,2005/2006,Everton,Man United,0,2
4727,Premier League,2005/2006,Fulham,Birmingham,0,0
4728,Premier League,2005/2006,Man City,West Brom,0,0
4729,Premier League,2005/2006,Middlesbrough,Liverpool,0,0
4730,Premier League,2005/2006,Portsmouth,Tottenham,0,2
4731,Premier League,2005/2006,Sunderland,Charlton,1,3
4732,Premier League,2005/2006,West Ham,Blackburn,3,1
4733,Premier League,2005/2006,Arsenal,Newcastle,2,0
4734,Premier League,2005/2006,Wigan,Chelsea,0,1
4735,Premier League,2005/2006,Birmingham,Man City,1,2
4736,Premier League,2005/2006,Blackburn,Fulham,2,1
4737,Premier League,2005/2006,Charlton,Wigan,1,0
4738,Premier League,2005/2006,Liverpool,Sunderland,1,0
4739,Premier League,2005/2006,Man United,Aston Villa,1,0
4740,Premier League,2005/2006,Newcastle,West Ham,0,0
4741,Premier League,2005/2006,Tottenham,Middlesbrough,2,0
4742,Premier League,2005/2006,West Brom,Portsmouth,2,1
4743,Premier League,2005/2006,Bolton,Everton,0,1
4744,Premier League,2005/2006,Chelsea,Arsenal,1,0
4745,Premier League,2005/2006,Birmingham,Middlesbrough,0,3
4746,Premier League,2005/2006,Portsmouth,Aston Villa,1,1
4747,Premier League,2005/2006,Sunderland,Man City,1,2
4748,Premier League,2005/2006,Arsenal,Fulham,4,1
4749,Premier League,2005/2006,Blackburn,Tottenham,0,0
4750,Premier League,2005/2006,Bolton,Newcastle,2,0
4751,Premier League,2005/2006,Chelsea,West Brom,4,0
4752,Premier League,2005/2006,Aston Villa,Blackburn,1,0
4753,Premier League,2005/2006,Fulham,Everton,1,0
4754,Premier League,2005/2006,Man City,Portsmouth,2,1
4755,Premier League,2005/2006,Tottenham,Chelsea,0,2
4756,Premier League,2005/2006,West Brom,Birmingham,2,3
4757,Premier League,2005/2006,West Ham,Bolton,1,2
4758,Premier League,2005/2006,Wigan,Sunderland,1,0
4759,Premier League,2005/2006,Middlesbrough,Charlton,0,3
4760,Premier League,2005/2006,Newcastle,Man United,0,2
4761,Premier League,2005/2006,Birmingham,Charlton,0,1
4762,Premier League,2005/2006,Chelsea,Sunderland,2,0
4763,Premier League,2005/2006,Everton,Portsmouth,0,1
4764,Premier League,2005/2006,Man United,Man City,1,1
4765,Premier League,2005/2006,Middlesbrough,Arsenal,2,1
4766,Premier League,2005/2006,Newcastle,Fulham,1,1
4767,Premier League,2005/2006,Tottenham,Liverpool,0,0
4768,Premier League,2005/2006,West Brom,Wigan,1,2
4769,Premier League,2005/2006,Bolton,Blackburn,0,0
4770,Premier League,2005/2006,West Ham,Aston Villa,4,0
4771,Premier League,2005/2006,Aston Villa,Tottenham,1,1
4772,Premier League,2005/2006,Charlton,Chelsea,0,2
4773,Premier League,2005/2006,Fulham,West Ham,1,2
4774,Premier League,2005/2006,Portsmouth,Birmingham,1,1
4775,Premier League,2005/2006,Sunderland,West Brom,1,1
4776,Premier League,2005/2006,Blackburn,Newcastle,0,3
4777,Premier League,2005/2006,Liverpool,Man United,0,0
4778,Premier League,2005/2006,Man City,Bolton,0,1
4779,Premier League,2005/2006,Wigan,Middlesbrough,1,1
4780,Premier League,2005/2006,Arsenal,Everton,2,0
4781,Premier League,2005/2006,Birmingham,Liverpool,2,2
4782,Premier League,2005/2006,Bolton,Portsmouth,1,0
4783,Premier League,2005/2006,Chelsea,Aston Villa,2,1
4784,Premier League,2005/2006,Everton,Wigan,0,1
4785,Premier League,2005/2006,Man United,Blackburn,1,2
4786,Premier League,2005/2006,Newcastle,Man City,1,0
4787,Premier League,2005/2006,West Brom,Charlton,1,2
4788,Premier League,2005/2006,West Ham,Arsenal,0,0
4789,Premier League,2005/2006,Middlesbrough,Sunderland,0,2
4790,Premier League,2005/2006,Tottenham,Fulham,1,0
4791,Premier League,2005/2006,Blackburn,West Brom,2,0
4792,Premier League,2005/2006,Charlton,Tottenham,2,3
4793,Premier League,2005/2006,Fulham,Man United,2,3
4794,Premier League,2005/2006,Portsmouth,Newcastle,0,0
4795,Premier League,2005/2006,Sunderland,West Ham,1,1
4796,Premier League,2005/2006,Arsenal,Birmingham,1,0
4797,Premier League,2005/2006,Aston Villa,Middlesbrough,2,3
4798,Premier League,2005/2006,Liverpool,Chelsea,1,4
4799,Premier League,2005/2006,Man City,Everton,2,0
4800,Premier League,2005/2006,Wigan,Bolton,2,1
4801,Premier League,2005/2006,Chelsea,Bolton,5,1
4802,Premier League,2005/2006,Liverpool,Blackburn,1,0
4803,Premier League,2005/2006,Middlesbrough,Portsmouth,1,1
4804,Premier League,2005/2006,Sunderland,Man United,1,3
4805,Premier League,2005/2006,Tottenham,Everton,2,0
4806,Premier League,2005/2006,West Brom,Arsenal,2,1
4807,Premier League,2005/2006,Wigan,Newcastle,1,0
4808,Premier League,2005/2006,Birmingham,Aston Villa,0,1
4809,Premier League,2005/2006,Man City,West Ham,2,1
4810,Premier League,2005/2006,Charlton,Fulham,1,1
4811,Premier League,2005/2006,Arsenal,Man City,1,0
4812,Premier League,2005/2006,Aston Villa,Wigan,0,2
4813,Premier League,2005/2006,Blackburn,Birmingham,2,0
4814,Premier League,2005/2006,Fulham,Liverpool,2,0
4815,Premier League,2005/2006,Man United,Tottenham,1,1
4816,Premier League,2005/2006,Portsmouth,Charlton,1,2
4817,Premier League,2005/2006,Bolton,West Brom,2,0
4818,Premier League,2005/2006,Everton,Chelsea,1,1
4819,Premier League,2005/2006,Newcastle,Sunderland,3,2
4820,Premier League,2005/2006,West Ham,Middlesbrough,2,1
4821,Premier League,2005/2006,Birmingham,Everton,0,1
4822,Premier League,2005/2006,Charlton,Bolton,0,1
4823,Premier League,2005/2006,Chelsea,Blackburn,4,2
4824,Premier League,2005/2006,Liverpool,West Ham,2,0
4825,Premier League,2005/2006,Middlesbrough,Man United,4,1
4826,Premier League,2005/2006,Sunderland,Portsmouth,1,4
4827,Premier League,2005/2006,Tottenham,Arsenal,1,1
4828,Premier League,2005/2006,Wigan,Fulham,1,0
4829,Premier League,2005/2006,West Brom,Newcastle,0,3
4830,Premier League,2005/2006,Man City,Aston Villa,3,1
4831,Premier League,2005/2006,Arsenal,Sunderland,3,1
4832,Premier League,2005/2006,Aston Villa,Liverpool,0,2
4833,Premier League,2005/2006,Blackburn,Charlton,4,1
4834,Premier League,2005/2006,Fulham,Man City,2,1
4835,Premier League,2005/2006,Newcastle,Birmingham,1,0
4836,Premier League,2005/2006,Portsmouth,Wigan,0,2
4837,Premier League,2005/2006,West Ham,West Brom,1,0
4838,Premier League,2005/2006,Everton,Middlesbrough,1,0
4839,Premier League,2005/2006,Man United,Chelsea,1,0
4840,Premier League,2005/2006,Bolton,Tottenham,1,0
4841,Premier League,2005/2006,Charlton,Man United,1,3
4842,Premier League,2005/2006,Chelsea,Newcastle,3,0
4843,Premier League,2005/2006,Liverpool,Portsmouth,3,0
4844,Premier League,2005/2006,Man City,Blackburn,0,0
4845,Premier League,2005/2006,Sunderland,Aston Villa,1,3
4846,Premier League,2005/2006,West Brom,Everton,4,0
4847,Premier League,2005/2006,Wigan,Arsenal,2,3
4848,Premier League,2005/2006,Middlesbrough,Fulham,3,2
4849,Premier League,2005/2006,Tottenham,West Ham,1,1
4850,Premier League,2005/2006,Arsenal,Blackburn,3,0
4851,Premier League,2005/2006,Aston Villa,Charlton,1,0
4852,Premier League,2005/2006,Man City,Liverpool,0,1
4853,Premier League,2005/2006,Portsmouth,Chelsea,0,2
4854,Premier League,2005/2006,Sunderland,Birmingham,0,1
4855,Premier League,2005/2006,Wigan,Tottenham,1,2
4856,Premier League,2005/2006,Everton,Newcastle,1,0
4857,Premier League,2005/2006,Fulham,Bolton,2,1
4858,Premier League,2005/2006,Middlesbrough,West Brom,2,2
4859,Premier League,2005/2006,West Ham,Man United,1,2
4860,Premier League,2005/2006,Sunderland,Liverpool,0,2
4861,Premier League,2005/2006,Blackburn,Everton,0,2
4862,Premier League,2005/2006,Bolton,Arsenal,2,0
4863,Premier League,2005/2006,Chelsea,Middlesbrough,1,0
4864,Premier League,2005/2006,Liverpool,Wigan,3,0
4865,Premier League,2005/2006,Man United,Portsmouth,3,0
4866,Premier League,2005/2006,Newcastle,Aston Villa,1,1
4867,Premier League,2005/2006,Tottenham,Sunderland,3,2
4868,Premier League,2005/2006,West Brom,Fulham,0,0
4869,Premier League,2005/2006,Charlton,Man City,2,5
4870,Premier League,2005/2006,Birmingham,West Ham,1,2
4871,Premier League,2005/2006,Birmingham,Fulham,1,0
4872,Premier League,2005/2006,Blackburn,West Ham,3,2
4873,Premier League,2005/2006,Bolton,Aston Villa,1,1
4874,Premier League,2005/2006,Charlton,Sunderland,2,0
4875,Premier League,2005/2006,Chelsea,Wigan,1,0
4876,Premier League,2005/2006,Liverpool,Middlesbrough,2,0
4877,Premier League,2005/2006,Newcastle,Arsenal,1,0
4878,Premier League,2005/2006,West Brom,Man City,2,0
4879,Premier League,2005/2006,Man United,Everton,1,1
4880,Premier League,2005/2006,Tottenham,Portsmouth,3,1
4881,Premier League,2005/2006,Everton,West Ham,1,2
4882,Premier League,2005/2006,Man United,Wigan,4,0
4883,Premier League,2005/2006,Aston Villa,Man United,0,2
4884,Premier League,2005/2006,Everton,Bolton,0,4
4885,Premier League,2005/2006,Fulham,Blackburn,2,1
4886,Premier League,2005/2006,Man City,Birmingham,4,1
4887,Premier League,2005/2006,Portsmouth,West Brom,1,0
4888,Premier League,2005/2006,West Ham,Newcastle,2,4
4889,Premier League,2005/2006,Wigan,Charlton,3,0
4890,Premier League,2005/2006,Arsenal,Chelsea,0,2
4891,Premier League,2005/2006,Middlesbrough,Tottenham,3,3
4892,Premier League,2005/2006,Aston Villa,Everton,4,0
4893,Premier League,2005/2006,Charlton,Arsenal,0,1
4894,Premier League,2005/2006,Chelsea,Fulham,3,2
4895,Premier League,2005/2006,Liverpool,Newcastle,2,0
4896,Premier League,2005/2006,Man United,West Brom,3,0
4897,Premier League,2005/2006,Middlesbrough,Blackburn,0,2
4898,Premier League,2005/2006,Portsmouth,West Ham,1,1
4899,Premier League,2005/2006,Sunderland,Bolton,0,0
4900,Premier League,2005/2006,Tottenham,Birmingham,2,0
4901,Premier League,2005/2006,Wigan,Man City,4,3
4902,Premier League,2005/2006,Arsenal,Portsmouth,4,0
4903,Premier League,2005/2006,Birmingham,Man United,2,2
4904,Premier League,2005/2006,Everton,Liverpool,1,3
4905,Premier League,2005/2006,Fulham,Aston Villa,3,3
4906,Premier League,2005/2006,Man City,Chelsea,0,1
4907,Premier League,2005/2006,West Brom,Tottenham,2,0
4908,Premier League,2005/2006,West Ham,Wigan,0,2
4909,Premier League,2005/2006,Aston Villa,Arsenal,0,0
4910,Premier League,2005/2006,Charlton,West Ham,2,0
4911,Premier League,2005/2006,Chelsea,Birmingham,2,0
4912,Premier League,2005/2006,Liverpool,West Brom,1,0
4913,Premier League,2005/2006,Man United,Bolton,4,1
4914,Premier League,2005/2006,Middlesbrough,Man City,0,0
4915,Premier League,2005/2006,Portsmouth,Fulham,1,0
4916,Premier League,2005/2006,Sunderland,Everton,0,1
4917,Premier League,2005/2006,Tottenham,Newcastle,2,0
4918,Premier League,2005/2006,Wigan,Blackburn,0,3
4919,Premier League,2005/2006,Birmingham,Wigan,2,0
4920,Premier League,2005/2006,Blackburn,Portsmouth,2,1
4921,Premier League,2005/2006,Bolton,Liverpool,2,2
4922,Premier League,2005/2006,Everton,Charlton,3,1
4923,Premier League,2005/2006,Fulham,Sunderland,2,1
4924,Premier League,2005/2006,Newcastle,Middlesbrough,2,2
4925,Premier League,2005/2006,West Brom,Aston Villa,1,2
4926,Premier League,2005/2006,West Ham,Chelsea,1,3
4927,Premier League,2005/2006,Arsenal,Man United,0,0
4928,Premier League,2005/2006,Man City,Tottenham,0,2
4929,Premier League,2005/2006,Arsenal,Middlesbrough,7,0
4930,Premier League,2005/2006,Aston Villa,West Ham,1,2
4931,Premier League,2005/2006,Blackburn,Bolton,0,0
4932,Premier League,2005/2006,Charlton,Birmingham,2,0
4933,Premier League,2005/2006,Fulham,Newcastle,1,0
4934,Premier League,2005/2006,Liverpool,Tottenham,1,0
4935,Premier League,2005/2006,Man City,Man United,3,1
4936,Premier League,2005/2006,Portsmouth,Everton,0,1
4937,Premier League,2005/2006,Sunderland,Chelsea,1,2
4938,Premier League,2005/2006,Wigan,West Brom,0,1
4939,Premier League,2005/2006,Birmingham,Portsmouth,5,0
4940,Premier League,2005/2006,Bolton,Man City,2,0
4941,Premier League,2005/2006,Everton,Arsenal,1,0
4942,Premier League,2005/2006,Middlesbrough,Wigan,2,3
4943,Premier League,2005/2006,Newcastle,Blackburn,0,1
4944,Premier League,2005/2006,Tottenham,Aston Villa,0,0
4945,Premier League,2005/2006,West Brom,Sunderland,0,1
4946,Premier League,2005/2006,Chelsea,Charlton,1,1
4947,Premier League,2005/2006,Man United,Liverpool,1,0
4948,Premier League,2005/2006,West Ham,Fulham,2,1
4949,Premier League,2005/2006,Charlton,West Brom,0,0
4950,Premier League,2005/2006,Fulham,Tottenham,1,0
4951,Premier League,2005/2006,Sunderland,Middlesbrough,0,3
4952,Premier League,2005/2006,Wigan,Everton,1,1
4953,Premier League,2005/2006,Arsenal,West Ham,2,3
4954,Premier League,2005/2006,Aston Villa,Chelsea,1,1
4955,Premier League,2005/2006,Blackburn,Man United,4,3
4956,Premier League,2005/2006,Liverpool,Birmingham,1,1
4957,Premier League,2005/2006,Man City,Newcastle,3,0
4958,Premier League,2005/2006,Portsmouth,Bolton,1,1
4959,Premier League,2005/2006,Birmingham,Arsenal,0,2
4960,Premier League,2005/2006,Bolton,Wigan,1,1
4961,Premier League,2005/2006,Everton,Man City,1,0
4962,Premier League,2005/2006,Man United,Fulham,4,2
4963,Premier League,2005/2006,Middlesbrough,Aston Villa,0,4
4964,Premier League,2005/2006,Newcastle,Portsmouth,2,0
4965,Premier League,2005/2006,West Brom,Blackburn,2,0
4966,Premier League,2005/2006,West Ham,Sunderland,2,0
4967,Premier League,2005/2006,Chelsea,Liverpool,2,0
4968,Premier League,2005/2006,Tottenham,Charlton,3,1
4969,Premier League,2005/2006,Charlton,Liverpool,2,0
4970,Premier League,2005/2006,Arsenal,Bolton,1,1
4971,Premier League,2005/2006,Aston Villa,Newcastle,1,2
4972,Premier League,2005/2006,Everton,Blackburn,1,0
4973,Premier League,2005/2006,Fulham,West Brom,6,1
4974,Premier League,2005/2006,Middlesbrough,Chelsea,3,0
4975,Premier League,2005/2006,Portsmouth,Man United,1,3
4976,Premier League,2005/2006,Wigan,Liverpool,0,1
4977,Premier League,2005/2006,Man City,Charlton,3,2
4978,Premier League,2005/2006,Sunderland,Tottenham,1,1
4979,Premier League,2005/2006,West Ham,Birmingham,3,0
4980,Premier League,2005/2006,Liverpool,Arsenal,1,0
4981,Premier League,2005/2006,Blackburn,Sunderland,2,0
4982,Premier League,2005/2006,Tottenham,Wigan,2,2
4983,Premier League,2005/2006,Newcastle,Charlton,0,0
4984,Premier League,2005/2006,Birmingham,Sunderland,1,0
4985,Premier League,2005/2006,Blackburn,Arsenal,1,0
4986,Premier League,2005/2006,Charlton,Aston Villa,0,0
4987,Premier League,2005/2006,Chelsea,Portsmouth,2,0
4988,Premier League,2005/2006,Newcastle,Everton,2,0
4989,Premier League,2005/2006,Bolton,Fulham,2,1
4990,Premier League,2005/2006,Liverpool,Man City,1,0
4991,Premier League,2005/2006,West Brom,Middlesbrough,0,2
4992,Premier League,2005/2006,Aston Villa,Portsmouth,1,0
4993,Premier League,2005/2006,Fulham,Arsenal,0,4
4994,Premier League,2005/2006,Liverpool,Charlton,0,0
4995,Premier League,2005/2006,Middlesbrough,Birmingham,1,0
4996,Premier League,2005/2006,Newcastle,Bolton,3,1
4997,Premier League,2005/2006,West Brom,Chelsea,1,2
4998,Premier League,2005/2006,West Ham,Everton,2,2
4999,Premier League,2005/2006,Man City,Sunderland,2,1
5000,Premier League,2005/2006,Tottenham,Blackburn,3,2
5001,Premier League,2005/2006,Wigan,Man United,1,2
5002,Premier League,2005/2006,Birmingham,West Brom,1,1
5003,Premier League,2005/2006,Blackburn,Aston Villa,2,0
5004,Premier League,2005/2006,Bolton,West Ham,4,1
5005,Premier League,2005/2006,Chelsea,Tottenham,2,1
5006,Premier League,2005/2006,Everton,Fulham,3,1
5007,Premier League,2005/2006,Portsmouth,Man City,2,1
5008,Premier League,2005/2006,Sunderland,Wigan,0,1
5009,Premier League,2005/2006,Arsenal,Liverpool,2,1
5010,Premier League,2005/2006,Charlton,Middlesbrough,2,1
5011,Premier League,2005/2006,Man United,Newcastle,2,0
5012,Premier League,2005/2006,Liverpool,Fulham,5,1
5013,Premier League,2005/2006,Arsenal,Charlton,3,0
5014,Premier League,2005/2006,Birmingham,Tottenham,0,2
5015,Premier League,2005/2006,Blackburn,Middlesbrough,3,2
5016,Premier League,2005/2006,Bolton,Sunderland,2,0
5017,Premier League,2005/2006,Everton,Aston Villa,4,1
5018,Premier League,2005/2006,Man City,Wigan,0,1
5019,Premier League,2005/2006,West Brom,Man United,1,2
5020,Premier League,2005/2006,West Ham,Portsmouth,2,4
5021,Premier League,2005/2006,Fulham,Chelsea,1,0
5022,Premier League,2005/2006,Newcastle,Liverpool,1,3
5023,Premier League,2005/2006,Aston Villa,Fulham,0,0
5024,Premier League,2005/2006,Chelsea,Man City,2,0
5025,Premier League,2005/2006,Liverpool,Everton,3,1
5026,Premier League,2005/2006,Sunderland,Blackburn,0,1
5027,Premier League,2005/2006,Wigan,West Ham,1,2
5028,Premier League,2005/2006,Charlton,Newcastle,3,1
5029,Premier League,2005/2006,Man United,Birmingham,3,0
5030,Premier League,2005/2006,Middlesbrough,Bolton,4,3
5031,Premier League,2005/2006,Tottenham,West Brom,2,1
5032,Premier League,2005/2006,Man United,West Ham,1,0
5033,Premier League,2005/2006,Arsenal,Aston Villa,5,0
5034,Premier League,2005/2006,Birmingham,Chelsea,0,0
5035,Premier League,2005/2006,Bolton,Man United,1,2
5036,Premier League,2005/2006,Everton,Sunderland,2,2
5037,Premier League,2005/2006,Fulham,Portsmouth,1,3
5038,Premier League,2005/2006,Newcastle,Tottenham,3,1
5039,Premier League,2005/2006,West Brom,Liverpool,0,2
5040,Premier League,2005/2006,Man City,Middlesbrough,0,1
5041,Premier League,2005/2006,West Ham,Charlton,0,0
5042,Premier League,2005/2006,Blackburn,Wigan,1,1
5043,Premier League,2005/2006,Birmingham,Bolton,1,0
5044,Premier League,2005/2006,Charlton,Everton,0,0
5045,Premier League,2005/2006,Portsmouth,Blackburn,2,2
5046,Premier League,2005/2006,Tottenham,Man City,2,1
5047,Premier League,2005/2006,Wigan,Birmingham,1,1
5048,Premier League,2005/2006,Aston Villa,West Brom,0,0
5049,Premier League,2005/2006,Chelsea,West Ham,4,1
5050,Premier League,2005/2006,Liverpool,Bolton,1,0
5051,Premier League,2005/2006,Man United,Arsenal,2,0
5052,Premier League,2005/2006,Middlesbrough,Newcastle,1,2
5053,Premier League,2005/2006,Portsmouth,Arsenal,1,1
5054,Premier League,2005/2006,Man United,Sunderland,0,0
5055,Premier League,2005/2006,Arsenal,West Brom,3,1
5056,Premier League,2005/2006,Bolton,Chelsea,0,2
5057,Premier League,2005/2006,Everton,Tottenham,0,1
5058,Premier League,2005/2006,Fulham,Charlton,2,1
5059,Premier League,2005/2006,Newcastle,Wigan,3,1
5060,Premier League,2005/2006,Portsmouth,Middlesbrough,1,0
5061,Premier League,2005/2006,West Ham,Man City,1,0
5062,Premier League,2005/2006,Aston Villa,Birmingham,3,1
5063,Premier League,2005/2006,Blackburn,Liverpool,0,1
5064,Premier League,2005/2006,Charlton,Portsmouth,2,1
5065,Premier League,2005/2006,Chelsea,Everton,3,0
5066,Premier League,2005/2006,Middlesbrough,West Ham,2,0
5067,Premier League,2005/2006,Sunderland,Newcastle,1,4
5068,Premier League,2005/2006,Tottenham,Man United,1,2
5069,Premier League,2005/2006,West Brom,Bolton,0,0
5070,Premier League,2005/2006,Wigan,Aston Villa,3,2
5071,Premier League,2005/2006,Birmingham,Blackburn,2,1
5072,Premier League,2005/2006,Arsenal,Tottenham,1,1
5073,Premier League,2005/2006,Bolton,Charlton,4,1
5074,Premier League,2005/2006,Everton,Birmingham,0,0
5075,Premier League,2005/2006,Newcastle,West Brom,3,0
5076,Premier League,2005/2006,Portsmouth,Sunderland,2,1
5077,Premier League,2005/2006,Fulham,Wigan,1,0
5078,Premier League,2005/2006,Aston Villa,Man City,0,1
5079,Premier League,2005/2006,West Ham,Liverpool,1,2
5080,Premier League,2005/2006,Birmingham,Newcastle,0,0
5081,Premier League,2005/2006,Charlton,Blackburn,0,2
5082,Premier League,2005/2006,Chelsea,Man United,3,0
5083,Premier League,2005/2006,Liverpool,Aston Villa,3,1
5084,Premier League,2005/2006,Man City,Fulham,1,2
5085,Premier League,2005/2006,Middlesbrough,Everton,0,1
5086,Premier League,2005/2006,Wigan,Portsmouth,1,2
5087,Premier League,2005/2006,Tottenham,Bolton,1,0
5088,Premier League,2005/2006,Man United,Middlesbrough,0,0
5089,Premier League,2005/2006,Sunderland,Arsenal,0,3
5090,Premier League,2005/2006,West Brom,West Ham,0,1
5091,Premier League,2005/2006,Blackburn,Chelsea,1,0
5092,Premier League,2005/2006,Bolton,Middlesbrough,1,1
5093,Premier League,2005/2006,Man City,Arsenal,1,3
5094,Premier League,2005/2006,Sunderland,Fulham,2,1
5095,Premier League,2005/2006,Arsenal,Wigan,4,2
5096,Premier League,2005/2006,Aston Villa,Sunderland,2,1
5097,Premier League,2005/2006,Blackburn,Man City,2,0
5098,Premier League,2005/2006,Bolton,Birmingham,1,0
5099,Premier League,2005/2006,Everton,West Brom,2,2
5100,Premier League,2005/2006,Fulham,Middlesbrough,1,0
5101,Premier League,2005/2006,Man United,Charlton,4,0
5102,Premier League,2005/2006,Newcastle,Chelsea,1,0
5103,Premier League,2005/2006,Portsmouth,Liverpool,1,3
5104,Premier League,2005/2006,West Ham,Tottenham,2,1
5105,Premier League,2006/2007,Arsenal,Aston Villa,1,1
5106,Premier League,2006/2007,Bolton,Tottenham,2,0
5107,Premier League,2006/2007,Everton,Watford,2,1
5108,Premier League,2006/2007,Newcastle,Wigan,2,1
5109,Premier League,2006/2007,Portsmouth,Blackburn,3,0
5110,Premier League,2006/2007,Reading,Middlesbrough,3,2
5111,Premier League,2006/2007,Sheffield United,Liverpool,1,1
5112,Premier League,2006/2007,West Ham,Charlton,3,1
5113,Premier League,2006/2007,Chelsea,Man City,3,0
5114,Premier League,2006/2007,Man United,Fulham,5,1
5115,Premier League,2006/2007,Tottenham,Sheffield United,2,0
5116,Premier League,2006/2007,Watford,West Ham,1,1
5117,Premier League,2006/2007,Aston Villa,Reading,2,1
5118,Premier League,2006/2007,Blackburn,Everton,1,1
5119,Premier League,2006/2007,Charlton,Man United,0,3
5120,Premier League,2006/2007,Fulham,Bolton,1,1
5121,Premier League,2006/2007,Man City,Portsmouth,0,0
5122,Premier League,2006/2007,Middlesbrough,Chelsea,2,1
5123,Premier League,2006/2007,Charlton,Bolton,2,0
5124,Premier League,2006/2007,Fulham,Sheffield United,1,0
5125,Premier League,2006/2007,Liverpool,West Ham,2,1
5126,Premier League,2006/2007,Man City,Arsenal,1,0
5127,Premier League,2006/2007,Tottenham,Everton,0,2
5128,Premier League,2006/2007,Watford,Man United,1,2
5129,Premier League,2006/2007,Wigan,Reading,1,0
5130,Premier League,2006/2007,Aston Villa,Newcastle,2,0
5131,Premier League,2006/2007,Blackburn,Chelsea,0,2
5132,Premier League,2006/2007,Middlesbrough,Portsmouth,0,4
5133,Premier League,2006/2007,Arsenal,Middlesbrough,1,1
5134,Premier League,2006/2007,Bolton,Watford,1,0
5135,Premier League,2006/2007,Chelsea,Charlton,2,1
5136,Premier League,2006/2007,Everton,Liverpool,3,0
5137,Premier League,2006/2007,Man United,Tottenham,1,0
5138,Premier League,2006/2007,Newcastle,Fulham,1,2
5139,Premier League,2006/2007,Portsmouth,Wigan,1,0
5140,Premier League,2006/2007,Sheffield United,Blackburn,0,0
5141,Premier League,2006/2007,West Ham,Aston Villa,1,1
5142,Premier League,2006/2007,Reading,Man City,1,0
5143,Premier League,2006/2007,Bolton,Middlesbrough,0,0
5144,Premier League,2006/2007,Charlton,Portsmouth,0,1
5145,Premier League,2006/2007,Everton,Wigan,2,2
5146,Premier League,2006/2007,Sheffield United,Reading,1,2
5147,Premier League,2006/2007,Watford,Aston Villa,0,0
5148,Premier League,2006/2007,Blackburn,Man City,4,2
5149,Premier League,2006/2007,Chelsea,Liverpool,1,0
5150,Premier League,2006/2007,Man United,Arsenal,0,1
5151,Premier League,2006/2007,Tottenham,Fulham,0,0
5152,Premier League,2006/2007,West Ham,Newcastle,0,2
5153,Premier League,2006/2007,Liverpool,Newcastle,2,0
5154,Premier League,2006/2007,Arsenal,Sheffield United,3,0
5155,Premier League,2006/2007,Aston Villa,Charlton,2,0
5156,Premier League,2006/2007,Fulham,Chelsea,0,2
5157,Premier League,2006/2007,Liverpool,Tottenham,3,0
5158,Premier League,2006/2007,Man City,West Ham,2,0
5159,Premier League,2006/2007,Middlesbrough,Blackburn,0,1
5160,Premier League,2006/2007,Reading,Man United,1,1
5161,Premier League,2006/2007,Wigan,Watford,1,1
5162,Premier League,2006/2007,Newcastle,Everton,1,1
5163,Premier League,2006/2007,Portsmouth,Bolton,0,1
5164,Premier League,2006/2007,Bolton,Liverpool,2,0
5165,Premier League,2006/2007,Charlton,Arsenal,1,2
5166,Premier League,2006/2007,Chelsea,Aston Villa,1,1
5167,Premier League,2006/2007,Everton,Man City,1,1
5168,Premier League,2006/2007,Sheffield United,Middlesbrough,2,1
5169,Premier League,2006/2007,Blackburn,Wigan,2,1
5170,Premier League,2006/2007,Man United,Newcastle,2,0
5171,Premier League,2006/2007,Tottenham,Portsmouth,2,1
5172,Premier League,2006/2007,West Ham,Reading,0,1
5173,Premier League,2006/2007,Watford,Fulham,3,3
5174,Premier League,2006/2007,Arsenal,Watford,3,0
5175,Premier League,2006/2007,Aston Villa,Tottenham,1,1
5176,Premier League,2006/2007,Liverpool,Blackburn,1,1
5177,Premier League,2006/2007,Man City,Sheffield United,0,0
5178,Premier League,2006/2007,Middlesbrough,Everton,2,1
5179,Premier League,2006/2007,Portsmouth,West Ham,2,0
5180,Premier League,2006/2007,Reading,Chelsea,0,1
5181,Premier League,2006/2007,Wigan,Man United,1,3
5182,Premier League,2006/2007,Newcastle,Bolton,1,2
5183,Premier League,2006/2007,Fulham,Charlton,2,1
5184,Premier League,2006/2007,Aston Villa,Fulham,1,1
5185,Premier League,2006/2007,Charlton,Watford,0,0
5186,Premier League,2006/2007,Chelsea,Portsmouth,2,1
5187,Premier League,2006/2007,Everton,Sheffield United,2,0
5188,Premier League,2006/2007,Wigan,Man City,4,0
5189,Premier League,2006/2007,Blackburn,Bolton,0,1
5190,Premier League,2006/2007,Man United,Liverpool,2,0
5191,Premier League,2006/2007,Middlesbrough,Newcastle,1,0
5192,Premier League,2006/2007,Reading,Arsenal,0,4
5193,Premier League,2006/2007,Tottenham,West Ham,1,0
5194,Premier League,2006/2007,Arsenal,Everton,1,1
5195,Premier League,2006/2007,Bolton,Man United,0,4
5196,Premier League,2006/2007,Fulham,Wigan,0,1
5197,Premier League,2006/2007,Liverpool,Aston Villa,3,1
5198,Premier League,2006/2007,Newcastle,Charlton,0,0
5199,Premier League,2006/2007,Portsmouth,Reading,3,1
5200,Premier League,2006/2007,Sheffield United,Chelsea,0,2
5201,Premier League,2006/2007,Watford,Tottenham,0,0
5202,Premier League,2006/2007,West Ham,Blackburn,2,1
5203,Premier League,2006/2007,Man City,Middlesbrough,1,0
5204,Premier League,2006/2007,Bolton,Wigan,0,1
5205,Premier League,2006/2007,Charlton,Man City,1,0
5206,Premier League,2006/2007,Fulham,Everton,1,0
5207,Premier League,2006/2007,Liverpool,Reading,2,0
5208,Premier League,2006/2007,Man United,Portsmouth,3,0
5209,Premier League,2006/2007,Newcastle,Sheffield United,0,1
5210,Premier League,2006/2007,Watford,Middlesbrough,2,0
5211,Premier League,2006/2007,Aston Villa,Blackburn,2,0
5212,Premier League,2006/2007,Tottenham,Chelsea,2,1
5213,Premier League,2006/2007,West Ham,Arsenal,1,0
5214,Premier League,2006/2007,Blackburn,Man United,0,1
5215,Premier League,2006/2007,Chelsea,Watford,4,0
5216,Premier League,2006/2007,Everton,Aston Villa,0,1
5217,Premier League,2006/2007,Man City,Newcastle,0,0
5218,Premier League,2006/2007,Middlesbrough,West Ham,1,0
5219,Premier League,2006/2007,Portsmouth,Fulham,1,1
5220,Premier League,2006/2007,Sheffield United,Bolton,2,2
5221,Premier League,2006/2007,Wigan,Charlton,3,2
5222,Premier League,2006/2007,Arsenal,Liverpool,3,0
5223,Premier League,2006/2007,Reading,Tottenham,3,1
5224,Premier League,2006/2007,Arsenal,Newcastle,1,1
5225,Premier League,2006/2007,Chelsea,West Ham,1,0
5226,Premier League,2006/2007,Everton,Bolton,1,0
5227,Premier League,2006/2007,Man City,Fulham,3,1
5228,Premier League,2006/2007,Middlesbrough,Liverpool,0,0
5229,Premier League,2006/2007,Portsmouth,Watford,2,1
5230,Premier League,2006/2007,Reading,Charlton,2,0
5231,Premier League,2006/2007,Sheffield United,Man United,1,2
5232,Premier League,2006/2007,Blackburn,Tottenham,1,1
5233,Premier League,2006/2007,Wigan,Aston Villa,0,0
5234,Premier League,2006/2007,Aston Villa,Middlesbrough,1,1
5235,Premier League,2006/2007,Bolton,Arsenal,3,1
5236,Premier League,2006/2007,Charlton,Everton,1,1
5237,Premier League,2006/2007,Fulham,Reading,0,1
5238,Premier League,2006/2007,Liverpool,Man City,1,0
5239,Premier League,2006/2007,West Ham,Sheffield United,1,0
5240,Premier League,2006/2007,Man United,Chelsea,1,1
5241,Premier League,2006/2007,Newcastle,Portsmouth,1,0
5242,Premier League,2006/2007,Tottenham,Wigan,3,1
5243,Premier League,2006/2007,Watford,Sheffield United,0,1
5244,Premier League,2006/2007,Aston Villa,Man City,1,3
5245,Premier League,2006/2007,Bolton,Chelsea,0,1
5246,Premier League,2006/2007,Fulham,Arsenal,2,1
5247,Premier League,2006/2007,Liverpool,Portsmouth,0,0
5248,Premier League,2006/2007,Man United,Everton,3,0
5249,Premier League,2006/2007,Arsenal,Tottenham,3,0
5250,Premier League,2006/2007,Blackburn,Fulham,2,0
5251,Premier League,2006/2007,Middlesbrough,Man United,1,2
5252,Premier League,2006/2007,Portsmouth,Aston Villa,2,2
5253,Premier League,2006/2007,Reading,Bolton,1,0
5254,Premier League,2006/2007,Sheffield United,Charlton,2,1
5255,Premier League,2006/2007,Wigan,Liverpool,0,4
5256,Premier League,2006/2007,Everton,West Ham,2,0
5257,Premier League,2006/2007,Man City,Watford,0,0
5258,Premier League,2006/2007,Charlton,Blackburn,1,0
5259,Premier League,2006/2007,Tottenham,Middlesbrough,2,1
5260,Premier League,2006/2007,Newcastle,Reading,3,2
5261,Premier League,2006/2007,West Ham,Wigan,0,2
5262,Premier League,2006/2007,Blackburn,Newcastle,1,3
5263,Premier League,2006/2007,Bolton,West Ham,4,0
5264,Premier League,2006/2007,Liverpool,Fulham,4,0
5265,Premier League,2006/2007,Man United,Man City,3,1
5266,Premier League,2006/2007,Middlesbrough,Wigan,1,1
5267,Premier League,2006/2007,Portsmouth,Everton,2,0
5268,Premier League,2006/2007,Tottenham,Charlton,5,1
5269,Premier League,2006/2007,Watford,Reading,0,0
5270,Premier League,2006/2007,Chelsea,Arsenal,1,1
5271,Premier League,2006/2007,Sheffield United,Aston Villa,2,2
5272,Premier League,2006/2007,Chelsea,Newcastle,1,0
5273,Premier League,2006/2007,Wigan,Arsenal,0,1
5274,Premier League,2006/2007,Arsenal,Portsmouth,2,2
5275,Premier League,2006/2007,Aston Villa,Bolton,0,1
5276,Premier League,2006/2007,Charlton,Liverpool,0,3
5277,Premier League,2006/2007,Newcastle,Watford,2,1
5278,Premier League,2006/2007,Reading,Blackburn,1,2
5279,Premier League,2006/2007,Wigan,Sheffield United,0,1
5280,Premier League,2006/2007,Everton,Chelsea,2,3
5281,Premier League,2006/2007,Man City,Tottenham,1,2
5282,Premier League,2006/2007,West Ham,Man United,1,0
5283,Premier League,2006/2007,Fulham,Middlesbrough,2,1
5284,Premier League,2006/2007,Arsenal,Blackburn,6,2
5285,Premier League,2006/2007,Aston Villa,Man United,0,3
5286,Premier League,2006/2007,Fulham,West Ham,0,0
5287,Premier League,2006/2007,Liverpool,Watford,2,0
5288,Premier League,2006/2007,Man City,Bolton,0,2
5289,Premier League,2006/2007,Middlesbrough,Charlton,2,0
5290,Premier League,2006/2007,Newcastle,Tottenham,3,1
5291,Premier League,2006/2007,Portsmouth,Sheffield United,3,1
5292,Premier League,2006/2007,Reading,Everton,0,2
5293,Premier League,2006/2007,Wigan,Chelsea,2,3
5294,Premier League,2006/2007,Blackburn,Liverpool,1,0
5295,Premier League,2006/2007,Bolton,Newcastle,2,1
5296,Premier League,2006/2007,Chelsea,Reading,2,2
5297,Premier League,2006/2007,Everton,Middlesbrough,0,0
5298,Premier League,2006/2007,Man United,Wigan,3,1
5299,Premier League,2006/2007,Sheffield United,Man City,0,1
5300,Premier League,2006/2007,Tottenham,Aston Villa,2,1
5301,Premier League,2006/2007,Watford,Arsenal,1,2
5302,Premier League,2006/2007,West Ham,Portsmouth,1,2
5303,Premier League,2006/2007,Charlton,Fulham,2,2
5304,Premier League,2006/2007,Blackburn,Middlesbrough,2,1
5305,Premier League,2006/2007,Bolton,Portsmouth,3,2
5306,Premier League,2006/2007,Charlton,Aston Villa,2,1
5307,Premier League,2006/2007,Chelsea,Fulham,2,2
5308,Premier League,2006/2007,Everton,Newcastle,3,0
5309,Premier League,2006/2007,Man United,Reading,3,2
5310,Premier League,2006/2007,Sheffield United,Arsenal,1,0
5311,Premier League,2006/2007,Tottenham,Liverpool,0,1
5312,Premier League,2006/2007,West Ham,Man City,0,1
5313,Premier League,2006/2007,Fulham,Watford,0,0
5314,Premier League,2006/2007,Liverpool,Bolton,3,0
5315,Premier League,2006/2007,Man City,Everton,2,1
5316,Premier League,2006/2007,Middlesbrough,Sheffield United,3,1
5317,Premier League,2006/2007,Newcastle,Man United,2,2
5318,Premier League,2006/2007,Portsmouth,Tottenham,1,1
5319,Premier League,2006/2007,Reading,West Ham,6,0
5320,Premier League,2006/2007,Wigan,Blackburn,0,3
5321,Premier League,2006/2007,Arsenal,Charlton,4,0
5322,Premier League,2006/2007,Aston Villa,Chelsea,0,0
5323,Premier League,2006/2007,Blackburn,Arsenal,0,2
5324,Premier League,2006/2007,Bolton,Man City,0,0
5325,Premier League,2006/2007,Charlton,Middlesbrough,1,3
5326,Premier League,2006/2007,Chelsea,Wigan,4,0
5327,Premier League,2006/2007,Man United,Aston Villa,3,1
5328,Premier League,2006/2007,Sheffield United,Portsmouth,1,1
5329,Premier League,2006/2007,Watford,Liverpool,0,3
5330,Premier League,2006/2007,West Ham,Fulham,3,3
5331,Premier League,2006/2007,Everton,Reading,1,1
5332,Premier League,2006/2007,Tottenham,Newcastle,2,3
5333,Premier League,2006/2007,Aston Villa,Watford,2,0
5334,Premier League,2006/2007,Fulham,Tottenham,1,1
5335,Premier League,2006/2007,Liverpool,Chelsea,2,0
5336,Premier League,2006/2007,Man City,Blackburn,0,3
5337,Premier League,2006/2007,Middlesbrough,Bolton,5,1
5338,Premier League,2006/2007,Newcastle,West Ham,2,2
5339,Premier League,2006/2007,Portsmouth,Charlton,0,1
5340,Premier League,2006/2007,Reading,Sheffield United,3,1
5341,Premier League,2006/2007,Arsenal,Man United,2,1
5342,Premier League,2006/2007,Wigan,Everton,0,2
5343,Premier League,2006/2007,Watford,Blackburn,2,1
5344,Premier League,2006/2007,Portsmouth,Middlesbrough,0,0
5345,Premier League,2006/2007,Reading,Wigan,3,2
5346,Premier League,2006/2007,Sheffield United,Fulham,2,0
5347,Premier League,2006/2007,West Ham,Liverpool,1,2
5348,Premier League,2006/2007,Bolton,Charlton,1,1
5349,Premier League,2006/2007,Chelsea,Blackburn,3,0
5350,Premier League,2006/2007,Man United,Watford,4,0
5351,Premier League,2006/2007,Newcastle,Aston Villa,3,1
5352,Premier League,2006/2007,Aston Villa,West Ham,1,0
5353,Premier League,2006/2007,Blackburn,Sheffield United,2,1
5354,Premier League,2006/2007,Charlton,Chelsea,0,1
5355,Premier League,2006/2007,Fulham,Newcastle,2,1
5356,Premier League,2006/2007,Liverpool,Everton,0,0
5357,Premier League,2006/2007,Man City,Reading,0,2
5358,Premier League,2006/2007,Middlesbrough,Arsenal,1,1
5359,Premier League,2006/2007,Watford,Bolton,0,1
5360,Premier League,2006/2007,Wigan,Portsmouth,1,0
5361,Premier League,2006/2007,Tottenham,Man United,0,4
5362,Premier League,2006/2007,Chelsea,Middlesbrough,3,0
5363,Premier League,2006/2007,Everton,Blackburn,1,0
5364,Premier League,2006/2007,Man United,Charlton,2,0
5365,Premier League,2006/2007,Newcastle,Liverpool,2,1
5366,Premier League,2006/2007,Portsmouth,Man City,2,1
5367,Premier League,2006/2007,Reading,Aston Villa,2,0
5368,Premier League,2006/2007,Sheffield United,Tottenham,2,1
5369,Premier League,2006/2007,West Ham,Watford,0,1
5370,Premier League,2006/2007,Arsenal,Wigan,2,1
5371,Premier League,2006/2007,Bolton,Fulham,2,1
5372,Premier League,2006/2007,Everton,Tottenham,1,2
5373,Premier League,2006/2007,Watford,Wigan,1,1
5374,Premier League,2006/2007,Charlton,West Ham,4,0
5375,Premier League,2006/2007,Fulham,Man United,1,2
5376,Premier League,2006/2007,Liverpool,Sheffield United,4,0
5377,Premier League,2006/2007,Middlesbrough,Reading,2,1
5378,Premier League,2006/2007,Watford,Everton,0,3
5379,Premier League,2006/2007,Blackburn,Portsmouth,3,0
5380,Premier League,2006/2007,Tottenham,Bolton,4,1
5381,Premier League,2006/2007,Wigan,Newcastle,1,0
5382,Premier League,2006/2007,Arsenal,Reading,2,1
5383,Premier League,2006/2007,Fulham,Aston Villa,1,1
5384,Premier League,2006/2007,Liverpool,Man United,0,1
5385,Premier League,2006/2007,Man City,Wigan,0,1
5386,Premier League,2006/2007,Newcastle,Middlesbrough,0,0
5387,Premier League,2006/2007,Portsmouth,Chelsea,0,2
5388,Premier League,2006/2007,Sheffield United,Everton,1,1
5389,Premier League,2006/2007,Watford,Charlton,2,2
5390,Premier League,2006/2007,Bolton,Blackburn,1,2
5391,Premier League,2006/2007,West Ham,Tottenham,3,4
5392,Premier League,2006/2007,Aston Villa,Arsenal,0,1
5393,Premier League,2006/2007,Man City,Chelsea,0,1
5394,Premier League,2006/2007,Blackburn,West Ham,1,2
5395,Premier League,2006/2007,Chelsea,Sheffield United,3,0
5396,Premier League,2006/2007,Man United,Bolton,4,1
5397,Premier League,2006/2007,Middlesbrough,Man City,0,2
5398,Premier League,2006/2007,Reading,Portsmouth,0,0
5399,Premier League,2006/2007,Tottenham,Watford,3,1
5400,Premier League,2006/2007,Wigan,Fulham,0,0
5401,Premier League,2006/2007,Aston Villa,Liverpool,0,0
5402,Premier League,2006/2007,Charlton,Newcastle,2,0
5403,Premier League,2006/2007,Everton,Arsenal,1,0
5404,Premier League,2006/2007,Bolton,Sheffield United,1,0
5405,Premier League,2006/2007,Charlton,Wigan,1,0
5406,Premier League,2006/2007,Fulham,Portsmouth,1,1
5407,Premier League,2006/2007,Liverpool,Arsenal,4,1
5408,Premier League,2006/2007,Man United,Blackburn,4,1
5409,Premier League,2006/2007,Newcastle,Man City,0,1
5410,Premier League,2006/2007,Watford,Chelsea,0,1
5411,Premier League,2006/2007,West Ham,Middlesbrough,2,0
5412,Premier League,2006/2007,Tottenham,Reading,1,0
5413,Premier League,2006/2007,Aston Villa,Everton,1,1
5414,Premier League,2006/2007,Everton,Fulham,4,1
5415,Premier League,2006/2007,Man City,Charlton,0,0
5416,Premier League,2006/2007,Arsenal,West Ham,0,1
5417,Premier League,2006/2007,Blackburn,Aston Villa,1,2
5418,Premier League,2006/2007,Chelsea,Tottenham,1,0
5419,Premier League,2006/2007,Middlesbrough,Watford,4,1
5420,Premier League,2006/2007,Portsmouth,Man United,2,1
5421,Premier League,2006/2007,Reading,Liverpool,1,2
5422,Premier League,2006/2007,Sheffield United,Newcastle,1,2
5423,Premier League,2006/2007,Wigan,Bolton,1,3
5424,Premier League,2006/2007,Aston Villa,Wigan,1,1
5425,Premier League,2006/2007,Bolton,Everton,1,1
5426,Premier League,2006/2007,Charlton,Reading,0,0
5427,Premier League,2006/2007,Fulham,Man City,1,3
5428,Premier League,2006/2007,Newcastle,Arsenal,0,0
5429,Premier League,2006/2007,Watford,Portsmouth,4,2
5430,Premier League,2006/2007,Arsenal,Bolton,2,1
5431,Premier League,2006/2007,Man City,Liverpool,0,0
5432,Premier League,2006/2007,Middlesbrough,Aston Villa,1,3
5433,Premier League,2006/2007,Portsmouth,Newcastle,2,1
5434,Premier League,2006/2007,Reading,Fulham,1,0
5435,Premier League,2006/2007,Sheffield United,West Ham,3,0
5436,Premier League,2006/2007,Everton,Charlton,2,1
5437,Premier League,2006/2007,Wigan,Tottenham,3,3
5438,Premier League,2006/2007,Arsenal,Man City,3,1
5439,Premier League,2006/2007,Man United,Sheffield United,2,0
5440,Premier League,2006/2007,Blackburn,Watford,3,1
5441,Premier League,2006/2007,Liverpool,Middlesbrough,2,0
5442,Premier League,2006/2007,West Ham,Chelsea,1,4
5443,Premier League,2006/2007,Bolton,Reading,1,3
5444,Premier League,2006/2007,Charlton,Sheffield United,1,1
5445,Premier League,2006/2007,Fulham,Blackburn,1,1
5446,Premier League,2006/2007,Liverpool,Wigan,2,0
5447,Premier League,2006/2007,Man United,Middlesbrough,1,1
5448,Premier League,2006/2007,Tottenham,Arsenal,2,2
5449,Premier League,2006/2007,Watford,Man City,1,1
5450,Premier League,2006/2007,West Ham,Everton,1,0
5451,Premier League,2006/2007,Aston Villa,Portsmouth,0,0
5452,Premier League,2006/2007,Newcastle,Chelsea,0,0
5453,Premier League,2006/2007,Blackburn,Charlton,4,1
5454,Premier League,2006/2007,Chelsea,Bolton,2,2
5455,Premier League,2006/2007,Everton,Man United,2,4
5456,Premier League,2006/2007,Man City,Aston Villa,0,2
5457,Premier League,2006/2007,Middlesbrough,Tottenham,2,3
5458,Premier League,2006/2007,Portsmouth,Liverpool,2,1
5459,Premier League,2006/2007,Sheffield United,Watford,1,0
5460,Premier League,2006/2007,Wigan,West Ham,0,3
5461,Premier League,2006/2007,Arsenal,Fulham,3,1
5462,Premier League,2006/2007,Reading,Newcastle,1,0
5463,Premier League,2006/2007,Aston Villa,Sheffield United,3,0
5464,Premier League,2006/2007,Everton,Portsmouth,3,0
5465,Premier League,2006/2007,Fulham,Liverpool,1,0
5466,Premier League,2006/2007,Man City,Man United,0,1
5467,Premier League,2006/2007,Newcastle,Blackburn,0,2
5468,Premier League,2006/2007,Reading,Watford,0,2
5469,Premier League,2006/2007,West Ham,Bolton,3,1
5470,Premier League,2006/2007,Wigan,Middlesbrough,0,1
5471,Premier League,2006/2007,Arsenal,Chelsea,1,1
5472,Premier League,2006/2007,Charlton,Tottenham,0,2
5473,Premier League,2006/2007,Chelsea,Man United,0,0
5474,Premier League,2006/2007,Tottenham,Blackburn,1,1
5475,Premier League,2006/2007,Blackburn,Reading,3,3
5476,Premier League,2006/2007,Bolton,Aston Villa,2,2
5477,Premier League,2006/2007,Chelsea,Everton,1,1
5478,Premier League,2006/2007,Liverpool,Charlton,2,2
5479,Premier League,2006/2007,Man United,West Ham,0,1
5480,Premier League,2006/2007,Middlesbrough,Fulham,3,1
5481,Premier League,2006/2007,Portsmouth,Arsenal,0,0
5482,Premier League,2006/2007,Sheffield United,Wigan,1,2
5483,Premier League,2006/2007,Tottenham,Man City,2,1
5484,Premier League,2006/2007,Watford,Newcastle,1,1
5485,Premier League,2007/2008,Aston Villa,Liverpool,1,2
5486,Premier League,2007/2008,Bolton,Newcastle,1,3
5487,Premier League,2007/2008,Derby,Portsmouth,2,2
5488,Premier League,2007/2008,Everton,Wigan,2,1
5489,Premier League,2007/2008,Middlesbrough,Blackburn,1,2
5490,Premier League,2007/2008,Sunderland,Tottenham,1,0
5491,Premier League,2007/2008,West Ham,Man City,0,2
5492,Premier League,2007/2008,Arsenal,Fulham,2,1
5493,Premier League,2007/2008,Chelsea,Birmingham,3,2
5494,Premier League,2007/2008,Man United,Reading,0,0
5495,Premier League,2007/2008,Tottenham,Everton,1,3
5496,Premier League,2007/2008,Birmingham,Sunderland,2,2
5497,Premier League,2007/2008,Fulham,Bolton,2,1
5498,Premier League,2007/2008,Man City,Derby,1,0
5499,Premier League,2007/2008,Portsmouth,Man United,1,1
5500,Premier League,2007/2008,Reading,Chelsea,1,2
5501,Premier League,2007/2008,Wigan,Middlesbrough,1,0
5502,Premier League,2007/2008,Birmingham,West Ham,0,1
5503,Premier League,2007/2008,Fulham,Middlesbrough,1,2
5504,Premier League,2007/2008,Newcastle,Aston Villa,0,0
5505,Premier League,2007/2008,Portsmouth,Bolton,3,1
5506,Premier League,2007/2008,Reading,Everton,1,0
5507,Premier League,2007/2008,Tottenham,Derby,4,0
5508,Premier League,2007/2008,Wigan,Sunderland,3,0
5509,Premier League,2007/2008,Blackburn,Arsenal,1,1
5510,Premier League,2007/2008,Liverpool,Chelsea,1,1
5511,Premier League,2007/2008,Man City,Man United,1,0
5512,Premier League,2007/2008,Arsenal,Man City,1,0
5513,Premier League,2007/2008,Aston Villa,Fulham,2,1
5514,Premier League,2007/2008,Bolton,Reading,3,0
5515,Premier League,2007/2008,Chelsea,Portsmouth,1,0
5516,Premier League,2007/2008,Derby,Birmingham,1,2
5517,Premier League,2007/2008,Everton,Blackburn,1,1
5518,Premier League,2007/2008,Sunderland,Liverpool,0,2
5519,Premier League,2007/2008,West Ham,Wigan,1,1
5520,Premier League,2007/2008,Man United,Tottenham,1,0
5521,Premier League,2007/2008,Middlesbrough,Newcastle,2,2
5522,Premier League,2007/2008,Bolton,Everton,1,2
5523,Premier League,2007/2008,Fulham,Tottenham,3,3
5524,Premier League,2007/2008,Liverpool,Derby,6,0
5525,Premier League,2007/2008,Man United,Sunderland,1,0
5526,Premier League,2007/2008,Middlesbrough,Birmingham,2,0
5527,Premier League,2007/2008,Newcastle,Wigan,1,0
5528,Premier League,2007/2008,Reading,West Ham,0,3
5529,Premier League,2007/2008,Arsenal,Portsmouth,3,1
5530,Premier League,2007/2008,Aston Villa,Chelsea,2,0
5531,Premier League,2007/2008,Blackburn,Man City,1,0
5532,Premier League,2007/2008,Birmingham,Bolton,1,0
5533,Premier League,2007/2008,Chelsea,Blackburn,0,0
5534,Premier League,2007/2008,Everton,Man United,0,1
5535,Premier League,2007/2008,Portsmouth,Liverpool,0,0
5536,Premier League,2007/2008,Sunderland,Reading,2,1
5537,Premier League,2007/2008,Tottenham,Arsenal,1,3
5538,Premier League,2007/2008,West Ham,Middlesbrough,3,0
5539,Premier League,2007/2008,Wigan,Fulham,1,1
5540,Premier League,2007/2008,Man City,Aston Villa,1,0
5541,Premier League,2007/2008,Derby,Newcastle,1,0
5542,Premier League,2007/2008,Arsenal,Derby,5,0
5543,Premier League,2007/2008,Fulham,Man City,3,3
5544,Premier League,2007/2008,Liverpool,Birmingham,0,0
5545,Premier League,2007/2008,Middlesbrough,Sunderland,2,2
5546,Premier League,2007/2008,Reading,Wigan,2,1
5547,Premier League,2007/2008,Aston Villa,Everton,2,0
5548,Premier League,2007/2008,Blackburn,Portsmouth,0,1
5549,Premier League,2007/2008,Bolton,Tottenham,1,1
5550,Premier League,2007/2008,Man United,Chelsea,2,0
5551,Premier League,2007/2008,Newcastle,West Ham,3,1
5552,Premier League,2007/2008,Birmingham,Man United,0,1
5553,Premier League,2007/2008,Chelsea,Fulham,0,0
5554,Premier League,2007/2008,Derby,Bolton,1,1
5555,Premier League,2007/2008,Man City,Newcastle,3,1
5556,Premier League,2007/2008,Portsmouth,Reading,7,4
5557,Premier League,2007/2008,Sunderland,Blackburn,1,2
5558,Premier League,2007/2008,West Ham,Arsenal,0,1
5559,Premier League,2007/2008,Wigan,Liverpool,0,1
5560,Premier League,2007/2008,Everton,Middlesbrough,2,0
5561,Premier League,2007/2008,Tottenham,Aston Villa,4,4
5562,Premier League,2007/2008,Aston Villa,West Ham,1,0
5563,Premier League,2007/2008,Man United,Wigan,4,0
5564,Premier League,2007/2008,Arsenal,Sunderland,3,2
5565,Premier League,2007/2008,Blackburn,Birmingham,2,1
5566,Premier League,2007/2008,Bolton,Chelsea,0,1
5567,Premier League,2007/2008,Fulham,Portsmouth,0,2
5568,Premier League,2007/2008,Liverpool,Tottenham,2,2
5569,Premier League,2007/2008,Man City,Middlesbrough,3,1
5570,Premier League,2007/2008,Newcastle,Everton,3,2
5571,Premier League,2007/2008,Reading,Derby,1,0
5572,Premier League,2007/2008,Arsenal,Bolton,2,0
5573,Premier League,2007/2008,Aston Villa,Man United,1,4
5574,Premier League,2007/2008,Blackburn,Reading,4,2
5575,Premier League,2007/2008,Everton,Liverpool,1,2
5576,Premier League,2007/2008,Fulham,Derby,0,0
5577,Premier League,2007/2008,Man City,Birmingham,1,0
5578,Premier League,2007/2008,Middlesbrough,Chelsea,0,2
5579,Premier League,2007/2008,Wigan,Portsmouth,0,2
5580,Premier League,2007/2008,West Ham,Sunderland,3,1
5581,Premier League,2007/2008,Newcastle,Tottenham,3,1
5582,Premier League,2007/2008,Birmingham,Wigan,3,2
5583,Premier League,2007/2008,Chelsea,Man City,6,0
5584,Premier League,2007/2008,Man United,Middlesbrough,4,1
5585,Premier League,2007/2008,Portsmouth,West Ham,0,0
5586,Premier League,2007/2008,Reading,Newcastle,2,1
5587,Premier League,2007/2008,Sunderland,Fulham,1,1
5588,Premier League,2007/2008,Bolton,Aston Villa,1,1
5589,Premier League,2007/2008,Derby,Everton,0,2
5590,Premier League,2007/2008,Liverpool,Arsenal,1,1
5591,Premier League,2007/2008,Tottenham,Blackburn,1,2
5592,Premier League,2007/2008,Arsenal,Man United,2,2
5593,Premier League,2007/2008,Aston Villa,Derby,2,0
5594,Premier League,2007/2008,Blackburn,Liverpool,0,0
5595,Premier League,2007/2008,Everton,Birmingham,3,1
5596,Premier League,2007/2008,Fulham,Reading,3,1
5597,Premier League,2007/2008,Middlesbrough,Tottenham,1,1
5598,Premier League,2007/2008,Newcastle,Portsmouth,1,4
5599,Premier League,2007/2008,Wigan,Chelsea,0,2
5600,Premier League,2007/2008,West Ham,Bolton,1,1
5601,Premier League,2007/2008,Man City,Sunderland,1,0
5602,Premier League,2007/2008,Derby,West Ham,0,5
5603,Premier League,2007/2008,Liverpool,Fulham,2,0
5604,Premier League,2007/2008,Sunderland,Newcastle,1,1
5605,Premier League,2007/2008,Birmingham,Aston Villa,1,2
5606,Premier League,2007/2008,Bolton,Middlesbrough,0,0
5607,Premier League,2007/2008,Chelsea,Everton,1,1
5608,Premier League,2007/2008,Man United,Blackburn,2,0
5609,Premier League,2007/2008,Portsmouth,Man City,0,0
5610,Premier League,2007/2008,Tottenham,Wigan,4,0
5611,Premier League,2007/2008,Reading,Arsenal,1,3
5612,Premier League,2007/2008,Arsenal,Wigan,2,0
5613,Premier League,2007/2008,Birmingham,Portsmouth,0,2
5614,Premier League,2007/2008,Bolton,Man United,1,0
5615,Premier League,2007/2008,Derby,Chelsea,0,2
5616,Premier League,2007/2008,Everton,Sunderland,7,1
5617,Premier League,2007/2008,Man City,Reading,2,1
5618,Premier League,2007/2008,Middlesbrough,Aston Villa,0,3
5619,Premier League,2007/2008,Newcastle,Liverpool,0,3
5620,Premier League,2007/2008,Fulham,Blackburn,2,2
5621,Premier League,2007/2008,West Ham,Tottenham,1,1
5622,Premier League,2007/2008,Blackburn,Aston Villa,0,4
5623,Premier League,2007/2008,Aston Villa,Arsenal,1,2
5624,Premier League,2007/2008,Blackburn,Newcastle,3,1
5625,Premier League,2007/2008,Chelsea,West Ham,1,0
5626,Premier League,2007/2008,Portsmouth,Everton,0,0
5627,Premier League,2007/2008,Reading,Middlesbrough,1,1
5628,Premier League,2007/2008,Sunderland,Derby,1,0
5629,Premier League,2007/2008,Wigan,Man City,1,1
5630,Premier League,2007/2008,Liverpool,Bolton,4,0
5631,Premier League,2007/2008,Tottenham,Birmingham,2,3
5632,Premier League,2007/2008,Man United,Fulham,2,0
5633,Premier League,2007/2008,Newcastle,Arsenal,1,1
5634,Premier League,2007/2008,Aston Villa,Portsmouth,1,3
5635,Premier League,2007/2008,Chelsea,Sunderland,2,0
5636,Premier League,2007/2008,Everton,Fulham,3,0
5637,Premier League,2007/2008,Man United,Derby,4,1
5638,Premier League,2007/2008,Newcastle,Birmingham,2,1
5639,Premier League,2007/2008,Reading,Liverpool,3,1
5640,Premier League,2007/2008,Blackburn,West Ham,0,1
5641,Premier League,2007/2008,Bolton,Wigan,4,1
5642,Premier League,2007/2008,Middlesbrough,Arsenal,2,1
5643,Premier League,2007/2008,Tottenham,Man City,2,1
5644,Premier League,2007/2008,Birmingham,Reading,1,1
5645,Premier League,2007/2008,Derby,Middlesbrough,0,1
5646,Premier League,2007/2008,Fulham,Newcastle,0,1
5647,Premier League,2007/2008,Man City,Bolton,4,2
5648,Premier League,2007/2008,Portsmouth,Tottenham,0,1
5649,Premier League,2007/2008,Sunderland,Aston Villa,1,1
5650,Premier League,2007/2008,West Ham,Everton,0,2
5651,Premier League,2007/2008,Wigan,Blackburn,5,3
5652,Premier League,2007/2008,Arsenal,Chelsea,1,0
5653,Premier League,2007/2008,Liverpool,Man United,0,1
5654,Premier League,2007/2008,Arsenal,Tottenham,2,1
5655,Premier League,2007/2008,Aston Villa,Man City,1,1
5656,Premier League,2007/2008,Bolton,Birmingham,3,0
5657,Premier League,2007/2008,Fulham,Wigan,1,1
5658,Premier League,2007/2008,Liverpool,Portsmouth,4,1
5659,Premier League,2007/2008,Middlesbrough,West Ham,1,2
5660,Premier League,2007/2008,Reading,Sunderland,2,1
5661,Premier League,2007/2008,Blackburn,Chelsea,0,1
5662,Premier League,2007/2008,Man United,Everton,2,1
5663,Premier League,2007/2008,Newcastle,Derby,2,2
5664,Premier League,2007/2008,Birmingham,Middlesbrough,3,0
5665,Premier League,2007/2008,Chelsea,Aston Villa,4,4
5666,Premier League,2007/2008,Derby,Liverpool,1,2
5667,Premier League,2007/2008,Everton,Bolton,2,0
5668,Premier League,2007/2008,Portsmouth,Arsenal,0,0
5669,Premier League,2007/2008,Sunderland,Man United,0,4
5670,Premier League,2007/2008,Tottenham,Fulham,5,1
5671,Premier League,2007/2008,West Ham,Reading,1,1
5672,Premier League,2007/2008,Wigan,Newcastle,1,0
5673,Premier League,2007/2008,Man City,Blackburn,2,2
5674,Premier League,2007/2008,Birmingham,Fulham,1,1
5675,Premier League,2007/2008,Chelsea,Newcastle,2,1
5676,Premier League,2007/2008,Everton,Arsenal,1,4
5677,Premier League,2007/2008,Portsmouth,Middlesbrough,0,1
5678,Premier League,2007/2008,Sunderland,Bolton,3,1
5679,Premier League,2007/2008,Tottenham,Reading,6,4
5680,Premier League,2007/2008,West Ham,Man United,2,1
5681,Premier League,2007/2008,Wigan,Aston Villa,1,2
5682,Premier League,2007/2008,Derby,Blackburn,1,2
5683,Premier League,2007/2008,Man City,Liverpool,0,0
5684,Premier League,2007/2008,Arsenal,West Ham,2,0
5685,Premier League,2007/2008,Aston Villa,Tottenham,2,1
5686,Premier League,2007/2008,Fulham,Chelsea,1,2
5687,Premier League,2007/2008,Man United,Birmingham,1,0
5688,Premier League,2007/2008,Middlesbrough,Everton,0,2
5689,Premier League,2007/2008,Reading,Portsmouth,0,2
5690,Premier League,2007/2008,Blackburn,Sunderland,1,0
5691,Premier League,2007/2008,Bolton,Derby,1,0
5692,Premier League,2007/2008,Liverpool,Wigan,1,1
5693,Premier League,2007/2008,Newcastle,Man City,0,2
5694,Premier League,2007/2008,Arsenal,Birmingham,1,1
5695,Premier League,2007/2008,Aston Villa,Reading,3,1
5696,Premier League,2007/2008,Chelsea,Tottenham,2,0
5697,Premier League,2007/2008,Derby,Wigan,0,1
5698,Premier League,2007/2008,Everton,Man City,1,0
5699,Premier League,2007/2008,Man United,Newcastle,6,0
5700,Premier League,2007/2008,Middlesbrough,Liverpool,1,1
5701,Premier League,2007/2008,West Ham,Fulham,2,1
5702,Premier League,2007/2008,Bolton,Blackburn,1,2
5703,Premier League,2007/2008,Sunderland,Portsmouth,2,0
5704,Premier League,2007/2008,Birmingham,Chelsea,0,1
5705,Premier League,2007/2008,Blackburn,Middlesbrough,1,1
5706,Premier League,2007/2008,Fulham,Arsenal,0,3
5707,Premier League,2007/2008,Newcastle,Bolton,0,0
5708,Premier League,2007/2008,Portsmouth,Derby,3,1
5709,Premier League,2007/2008,Reading,Man United,0,2
5710,Premier League,2007/2008,Tottenham,Sunderland,2,0
5711,Premier League,2007/2008,Man City,West Ham,1,1
5712,Premier League,2007/2008,Wigan,Everton,1,2
5713,Premier League,2007/2008,Liverpool,Aston Villa,2,2
5714,Premier League,2007/2008,Aston Villa,Blackburn,1,1
5715,Premier League,2007/2008,Arsenal,Newcastle,3,0
5716,Premier League,2007/2008,Bolton,Fulham,0,0
5717,Premier League,2007/2008,Middlesbrough,Wigan,1,0
5718,Premier League,2007/2008,Sunderland,Birmingham,2,0
5719,Premier League,2007/2008,Chelsea,Reading,1,0
5720,Premier League,2007/2008,Derby,Man City,1,1
5721,Premier League,2007/2008,Everton,Tottenham,0,0
5722,Premier League,2007/2008,Man United,Portsmouth,2,0
5723,Premier League,2007/2008,West Ham,Liverpool,1,0
5724,Premier League,2007/2008,Birmingham,Derby,1,1
5725,Premier League,2007/2008,Blackburn,Everton,0,0
5726,Premier League,2007/2008,Liverpool,Sunderland,3,0
5727,Premier League,2007/2008,Man City,Arsenal,1,3
5728,Premier League,2007/2008,Portsmouth,Chelsea,1,1
5729,Premier League,2007/2008,Reading,Bolton,0,2
5730,Premier League,2007/2008,Tottenham,Man United,1,1
5731,Premier League,2007/2008,Wigan,West Ham,1,0
5732,Premier League,2007/2008,Fulham,Aston Villa,2,1
5733,Premier League,2007/2008,Newcastle,Middlesbrough,1,1
5734,Premier League,2007/2008,Aston Villa,Newcastle,4,1
5735,Premier League,2007/2008,Bolton,Portsmouth,0,1
5736,Premier League,2007/2008,Derby,Tottenham,0,3
5737,Premier League,2007/2008,Everton,Reading,1,0
5738,Premier League,2007/2008,Middlesbrough,Fulham,1,0
5739,Premier League,2007/2008,Sunderland,Wigan,2,0
5740,Premier League,2007/2008,West Ham,Birmingham,1,1
5741,Premier League,2007/2008,Chelsea,Liverpool,0,0
5742,Premier League,2007/2008,Man United,Man City,1,2
5743,Premier League,2007/2008,Arsenal,Blackburn,2,0
5744,Premier League,2007/2008,Birmingham,Arsenal,2,2
5745,Premier League,2007/2008,Fulham,West Ham,0,1
5746,Premier League,2007/2008,Liverpool,Middlesbrough,3,2
5747,Premier League,2007/2008,Newcastle,Man United,1,5
5748,Premier League,2007/2008,Portsmouth,Sunderland,1,0
5749,Premier League,2007/2008,Wigan,Derby,2,0
5750,Premier League,2007/2008,Blackburn,Bolton,4,1
5751,Premier League,2007/2008,Reading,Aston Villa,1,2
5752,Premier League,2007/2008,Man City,Everton,0,2
5753,Premier League,2007/2008,Arsenal,Aston Villa,1,1
5754,Premier League,2007/2008,Birmingham,Tottenham,4,1
5755,Premier League,2007/2008,Derby,Sunderland,0,0
5756,Premier League,2007/2008,Fulham,Man United,0,3
5757,Premier League,2007/2008,Man City,Wigan,0,0
5758,Premier League,2007/2008,Middlesbrough,Reading,0,1
5759,Premier League,2007/2008,Newcastle,Blackburn,0,1
5760,Premier League,2007/2008,West Ham,Chelsea,0,4
5761,Premier League,2007/2008,Bolton,Liverpool,1,3
5762,Premier League,2007/2008,Everton,Portsmouth,3,1
5763,Premier League,2007/2008,Liverpool,West Ham,4,0
5764,Premier League,2007/2008,Blackburn,Fulham,1,1
5765,Premier League,2007/2008,Liverpool,Newcastle,3,0
5766,Premier League,2007/2008,Reading,Man City,2,0
5767,Premier League,2007/2008,Sunderland,Everton,0,1
5768,Premier League,2007/2008,Tottenham,West Ham,4,0
5769,Premier League,2007/2008,Wigan,Arsenal,0,0
5770,Premier League,2007/2008,Aston Villa,Middlesbrough,1,1
5771,Premier League,2007/2008,Chelsea,Derby,6,1
5772,Premier League,2007/2008,Portsmouth,Birmingham,4,2
5773,Premier League,2007/2008,Arsenal,Middlesbrough,1,1
5774,Premier League,2007/2008,Derby,Man United,0,1
5775,Premier League,2007/2008,Liverpool,Reading,2,1
5776,Premier League,2007/2008,Portsmouth,Aston Villa,2,0
5777,Premier League,2007/2008,Sunderland,Chelsea,0,1
5778,Premier League,2007/2008,West Ham,Blackburn,2,1
5779,Premier League,2007/2008,Fulham,Everton,1,0
5780,Premier League,2007/2008,Man City,Tottenham,2,1
5781,Premier League,2007/2008,Wigan,Bolton,1,0
5782,Premier League,2007/2008,Birmingham,Newcastle,1,1
5783,Premier League,2007/2008,Man United,Bolton,2,0
5784,Premier League,2007/2008,Tottenham,Chelsea,4,4
5785,Premier League,2007/2008,Aston Villa,Sunderland,0,1
5786,Premier League,2007/2008,Blackburn,Wigan,3,1
5787,Premier League,2007/2008,Bolton,Man City,0,0
5788,Premier League,2007/2008,Everton,West Ham,1,1
5789,Premier League,2007/2008,Middlesbrough,Derby,1,0
5790,Premier League,2007/2008,Newcastle,Fulham,2,0
5791,Premier League,2007/2008,Reading,Birmingham,2,1
5792,Premier League,2007/2008,Tottenham,Portsmouth,2,0
5793,Premier League,2007/2008,Chelsea,Arsenal,2,1
5794,Premier League,2007/2008,Man United,Liverpool,3,0
5795,Premier League,2007/2008,Birmingham,Man City,3,1
5796,Premier League,2007/2008,Bolton,Arsenal,2,3
5797,Premier League,2007/2008,Derby,Fulham,2,2
5798,Premier League,2007/2008,Man United,Aston Villa,4,0
5799,Premier League,2007/2008,Portsmouth,Wigan,2,0
5800,Premier League,2007/2008,Reading,Blackburn,0,0
5801,Premier League,2007/2008,Sunderland,West Ham,2,1
5802,Premier League,2007/2008,Chelsea,Middlesbrough,1,0
5803,Premier League,2007/2008,Liverpool,Everton,1,0
5804,Premier League,2007/2008,Tottenham,Newcastle,1,4
5805,Premier League,2007/2008,Arsenal,Liverpool,1,1
5806,Premier League,2007/2008,Aston Villa,Bolton,4,0
5807,Premier League,2007/2008,Blackburn,Tottenham,1,1
5808,Premier League,2007/2008,Fulham,Sunderland,1,3
5809,Premier League,2007/2008,Man City,Chelsea,0,2
5810,Premier League,2007/2008,Newcastle,Reading,3,0
5811,Premier League,2007/2008,Wigan,Birmingham,2,0
5812,Premier League,2007/2008,Everton,Derby,1,0
5813,Premier League,2007/2008,Middlesbrough,Man United,2,2
5814,Premier League,2007/2008,West Ham,Portsmouth,0,1
5815,Premier League,2007/2008,Birmingham,Everton,1,1
5816,Premier League,2007/2008,Bolton,West Ham,1,0
5817,Premier League,2007/2008,Derby,Aston Villa,0,6
5818,Premier League,2007/2008,Portsmouth,Newcastle,0,0
5819,Premier League,2007/2008,Reading,Fulham,0,2
5820,Premier League,2007/2008,Sunderland,Man City,1,2
5821,Premier League,2007/2008,Tottenham,Middlesbrough,1,1
5822,Premier League,2007/2008,Liverpool,Blackburn,3,1
5823,Premier League,2007/2008,Man United,Arsenal,2,1
5824,Premier League,2007/2008,Chelsea,Wigan,1,1
5825,Premier League,2007/2008,Everton,Chelsea,0,1
5826,Premier League,2007/2008,Arsenal,Reading,2,0
5827,Premier League,2007/2008,Blackburn,Man United,1,1
5828,Premier League,2007/2008,Fulham,Liverpool,0,2
5829,Premier League,2007/2008,Middlesbrough,Bolton,0,1
5830,Premier League,2007/2008,West Ham,Derby,2,1
5831,Premier League,2007/2008,Wigan,Tottenham,1,1
5832,Premier League,2007/2008,Aston Villa,Birmingham,5,1
5833,Premier League,2007/2008,Man City,Portsmouth,3,1
5834,Premier League,2007/2008,Newcastle,Sunderland,2,0
5835,Premier League,2007/2008,Birmingham,Liverpool,2,2
5836,Premier League,2007/2008,Chelsea,Man United,2,1
5837,Premier League,2007/2008,Man City,Fulham,2,3
5838,Premier League,2007/2008,Sunderland,Middlesbrough,3,2
5839,Premier League,2007/2008,Tottenham,Bolton,1,1
5840,Premier League,2007/2008,West Ham,Newcastle,2,2
5841,Premier League,2007/2008,Wigan,Reading,0,0
5842,Premier League,2007/2008,Everton,Aston Villa,2,2
5843,Premier League,2007/2008,Portsmouth,Blackburn,0,1
5844,Premier League,2007/2008,Derby,Arsenal,2,6
5845,Premier League,2007/2008,Aston Villa,Wigan,0,2
5846,Premier League,2007/2008,Blackburn,Derby,3,1
5847,Premier League,2007/2008,Bolton,Sunderland,2,0
5848,Premier League,2007/2008,Fulham,Birmingham,2,0
5849,Premier League,2007/2008,Man United,West Ham,4,1
5850,Premier League,2007/2008,Middlesbrough,Portsmouth,2,0
5851,Premier League,2007/2008,Reading,Tottenham,0,1
5852,Premier League,2007/2008,Arsenal,Everton,1,0
5853,Premier League,2007/2008,Liverpool,Man City,1,0
5854,Premier League,2007/2008,Newcastle,Chelsea,0,2
5855,Premier League,2007/2008,Birmingham,Blackburn,4,1
5856,Premier League,2007/2008,Chelsea,Bolton,1,1
5857,Premier League,2007/2008,Derby,Reading,0,4
5858,Premier League,2007/2008,Everton,Newcastle,3,1
5859,Premier League,2007/2008,Middlesbrough,Man City,8,1
5860,Premier League,2007/2008,Portsmouth,Fulham,0,1
5861,Premier League,2007/2008,Sunderland,Arsenal,0,1
5862,Premier League,2007/2008,Tottenham,Liverpool,0,2
5863,Premier League,2007/2008,West Ham,Aston Villa,2,2
5864,Premier League,2007/2008,Wigan,Man United,0,2
5865,Premier League,2008/2009,Arsenal,West Brom,1,0
5866,Premier League,2008/2009,Bolton,Stoke,3,1
5867,Premier League,2008/2009,Everton,Blackburn,2,3
5868,Premier League,2008/2009,Hull,Fulham,2,1
5869,Premier League,2008/2009,Middlesbrough,Tottenham,2,1
5870,Premier League,2008/2009,Sunderland,Liverpool,0,1
5871,Premier League,2008/2009,West Ham,Wigan,2,1
5872,Premier League,2008/2009,Aston Villa,Man City,4,2
5873,Premier League,2008/2009,Chelsea,Portsmouth,4,0
5874,Premier League,2008/2009,Man United,Newcastle,1,1
5875,Premier League,2008/2009,Blackburn,Hull,1,1
5876,Premier League,2008/2009,Fulham,Arsenal,1,0
5877,Premier League,2008/2009,Liverpool,Middlesbrough,2,1
5878,Premier League,2008/2009,Newcastle,Bolton,1,0
5879,Premier League,2008/2009,Stoke,Aston Villa,3,2
5880,Premier League,2008/2009,Tottenham,Sunderland,1,2
5881,Premier League,2008/2009,West Brom,Everton,1,2
5882,Premier League,2008/2009,Man City,West Ham,3,0
5883,Premier League,2008/2009,Wigan,Chelsea,0,1
5884,Premier League,2008/2009,Portsmouth,Man United,0,1
5885,Premier League,2008/2009,Arsenal,Newcastle,3,0
5886,Premier League,2008/2009,Bolton,West Brom,0,0
5887,Premier League,2008/2009,Everton,Portsmouth,0,3
5888,Premier League,2008/2009,Hull,Wigan,0,5
5889,Premier League,2008/2009,Middlesbrough,Stoke,2,1
5890,Premier League,2008/2009,West Ham,Blackburn,4,1
5891,Premier League,2008/2009,Aston Villa,Liverpool,0,0
5892,Premier League,2008/2009,Chelsea,Tottenham,1,1
5893,Premier League,2008/2009,Sunderland,Man City,0,3
5894,Premier League,2008/2009,Blackburn,Arsenal,0,4
5895,Premier League,2008/2009,Fulham,Bolton,2,1
5896,Premier League,2008/2009,Liverpool,Man United,2,1
5897,Premier League,2008/2009,Man City,Chelsea,1,3
5898,Premier League,2008/2009,Newcastle,Hull,1,2
5899,Premier League,2008/2009,Portsmouth,Middlesbrough,2,1
5900,Premier League,2008/2009,West Brom,West Ham,3,2
5901,Premier League,2008/2009,Wigan,Sunderland,1,1
5902,Premier League,2008/2009,Stoke,Everton,2,3
5903,Premier League,2008/2009,Tottenham,Aston Villa,1,2
5904,Premier League,2008/2009,Blackburn,Fulham,1,0
5905,Premier League,2008/2009,Bolton,Arsenal,1,3
5906,Premier League,2008/2009,Liverpool,Stoke,0,0
5907,Premier League,2008/2009,Sunderland,Middlesbrough,2,0
5908,Premier League,2008/2009,West Ham,Newcastle,3,1
5909,Premier League,2008/2009,Chelsea,Man United,1,1
5910,Premier League,2008/2009,Hull,Everton,2,2
5911,Premier League,2008/2009,Man City,Portsmouth,6,0
5912,Premier League,2008/2009,Tottenham,Wigan,0,0
5913,Premier League,2008/2009,West Brom,Aston Villa,1,2
5914,Premier League,2008/2009,Arsenal,Hull,1,2
5915,Premier League,2008/2009,Aston Villa,Sunderland,2,1
5916,Premier League,2008/2009,Everton,Liverpool,0,2
5917,Premier League,2008/2009,Fulham,West Ham,1,2
5918,Premier League,2008/2009,Man United,Bolton,2,0
5919,Premier League,2008/2009,Middlesbrough,West Brom,0,1
5920,Premier League,2008/2009,Newcastle,Blackburn,1,2
5921,Premier League,2008/2009,Stoke,Chelsea,0,2
5922,Premier League,2008/2009,Portsmouth,Tottenham,2,0
5923,Premier League,2008/2009,Wigan,Man City,2,1
5924,Premier League,2008/2009,Blackburn,Man United,0,2
5925,Premier League,2008/2009,Sunderland,Arsenal,1,1
5926,Premier League,2008/2009,West Brom,Fulham,1,0
5927,Premier League,2008/2009,Wigan,Middlesbrough,0,1
5928,Premier League,2008/2009,Chelsea,Aston Villa,2,0
5929,Premier League,2008/2009,Everton,Newcastle,2,2
5930,Premier League,2008/2009,Man City,Liverpool,2,3
5931,Premier League,2008/2009,Portsmouth,Stoke,2,1
5932,Premier League,2008/2009,Tottenham,Hull,0,1
5933,Premier League,2008/2009,West Ham,Bolton,1,3
5934,Premier League,2008/2009,Arsenal,Everton,3,1
5935,Premier League,2008/2009,Aston Villa,Portsmouth,0,0
5936,Premier League,2008/2009,Bolton,Blackburn,0,0
5937,Premier League,2008/2009,Fulham,Sunderland,0,0
5938,Premier League,2008/2009,Liverpool,Wigan,3,2
5939,Premier League,2008/2009,Man United,West Brom,4,0
5940,Premier League,2008/2009,Middlesbrough,Chelsea,0,5
5941,Premier League,2008/2009,Hull,West Ham,1,0
5942,Premier League,2008/2009,Stoke,Tottenham,2,1
5943,Premier League,2008/2009,Newcastle,Man City,2,2
5944,Premier League,2008/2009,Blackburn,Middlesbrough,1,1
5945,Premier League,2008/2009,Everton,Man United,1,1
5946,Premier League,2008/2009,Sunderland,Newcastle,2,1
5947,Premier League,2008/2009,West Brom,Hull,0,3
5948,Premier League,2008/2009,Chelsea,Liverpool,0,1
5949,Premier League,2008/2009,Man City,Stoke,3,0
5950,Premier League,2008/2009,Portsmouth,Fulham,1,1
5951,Premier League,2008/2009,Tottenham,Bolton,2,0
5952,Premier League,2008/2009,West Ham,Arsenal,0,2
5953,Premier League,2008/2009,Wigan,Aston Villa,0,4
5954,Premier League,2008/2009,Newcastle,West Brom,2,1
5955,Premier League,2008/2009,Arsenal,Tottenham,4,4
5956,Premier League,2008/2009,Aston Villa,Blackburn,3,2
5957,Premier League,2008/2009,Bolton,Everton,0,1
5958,Premier League,2008/2009,Fulham,Wigan,2,0
5959,Premier League,2008/2009,Hull,Chelsea,0,3
5960,Premier League,2008/2009,Liverpool,Portsmouth,1,0
5961,Premier League,2008/2009,Man United,West Ham,2,0
5962,Premier League,2008/2009,Middlesbrough,Man City,2,0
5963,Premier League,2008/2009,Stoke,Sunderland,1,0
5964,Premier League,2008/2009,Chelsea,Sunderland,5,0
5965,Premier League,2008/2009,Everton,Fulham,1,0
5966,Premier League,2008/2009,Man United,Hull,4,3
5967,Premier League,2008/2009,Middlesbrough,West Ham,1,1
5968,Premier League,2008/2009,Portsmouth,Wigan,1,2
5969,Premier League,2008/2009,Stoke,Arsenal,2,1
5970,Premier League,2008/2009,Tottenham,Liverpool,2,1
5971,Premier League,2008/2009,West Brom,Blackburn,2,2
5972,Premier League,2008/2009,Bolton,Man City,2,0
5973,Premier League,2008/2009,Newcastle,Aston Villa,2,0
5974,Premier League,2008/2009,Arsenal,Man United,2,1
5975,Premier League,2008/2009,Hull,Bolton,0,1
5976,Premier League,2008/2009,Liverpool,West Brom,3,0
5977,Premier League,2008/2009,Sunderland,Portsmouth,1,2
5978,Premier League,2008/2009,West Ham,Everton,1,3
5979,Premier League,2008/2009,Wigan,Stoke,0,0
5980,Premier League,2008/2009,Aston Villa,Middlesbrough,1,2
5981,Premier League,2008/2009,Blackburn,Chelsea,0,2
5982,Premier League,2008/2009,Fulham,Newcastle,2,1
5983,Premier League,2008/2009,Man City,Tottenham,1,2
5984,Premier League,2008/2009,Arsenal,Aston Villa,0,2
5985,Premier League,2008/2009,Blackburn,Sunderland,1,2
5986,Premier League,2008/2009,Bolton,Liverpool,0,2
5987,Premier League,2008/2009,Fulham,Tottenham,2,1
5988,Premier League,2008/2009,Man United,Stoke,5,0
5989,Premier League,2008/2009,Newcastle,Wigan,2,2
5990,Premier League,2008/2009,West Brom,Chelsea,0,3
5991,Premier League,2008/2009,West Ham,Portsmouth,0,0
5992,Premier League,2008/2009,Everton,Middlesbrough,1,1
5993,Premier League,2008/2009,Hull,Man City,2,2
5994,Premier League,2008/2009,Aston Villa,Man United,0,0
5995,Premier League,2008/2009,Chelsea,Newcastle,0,0
5996,Premier League,2008/2009,Liverpool,Fulham,0,0
5997,Premier League,2008/2009,Man City,Arsenal,3,0
5998,Premier League,2008/2009,Middlesbrough,Bolton,1,3
5999,Premier League,2008/2009,Portsmouth,Hull,2,2
6000,Premier League,2008/2009,Stoke,West Brom,1,0
6001,Premier League,2008/2009,Sunderland,West Ham,0,1
6002,Premier League,2008/2009,Tottenham,Blackburn,1,0
6003,Premier League,2008/2009,Wigan,Everton,1,0
6004,Premier League,2008/2009,Aston Villa,Fulham,0,0
6005,Premier League,2008/2009,Middlesbrough,Newcastle,0,0
6006,Premier League,2008/2009,Stoke,Hull,1,1
6007,Premier League,2008/2009,Sunderland,Bolton,1,4
6008,Premier League,2008/2009,Wigan,West Brom,2,1
6009,Premier League,2008/2009,Chelsea,Arsenal,1,2
6010,Premier League,2008/2009,Man City,Man United,0,1
6011,Premier League,2008/2009,Portsmouth,Blackburn,3,2
6012,Premier League,2008/2009,Tottenham,Everton,0,1
6013,Premier League,2008/2009,Liverpool,West Ham,0,0
6014,Premier League,2008/2009,Arsenal,Wigan,1,0
6015,Premier League,2008/2009,Blackburn,Liverpool,1,3
6016,Premier League,2008/2009,Bolton,Chelsea,0,2
6017,Premier League,2008/2009,Fulham,Man City,1,1
6018,Premier League,2008/2009,Hull,Middlesbrough,2,1
6019,Premier League,2008/2009,Man United,Sunderland,1,0
6020,Premier League,2008/2009,Newcastle,Stoke,2,2
6021,Premier League,2008/2009,Everton,Aston Villa,2,3
6022,Premier League,2008/2009,West Brom,Portsmouth,1,1
6023,Premier League,2008/2009,West Ham,Tottenham,0,2
6024,Premier League,2008/2009,Aston Villa,Bolton,4,2
6025,Premier League,2008/2009,Liverpool,Hull,2,2
6026,Premier League,2008/2009,Man City,Everton,0,1
6027,Premier League,2008/2009,Middlesbrough,Arsenal,1,1
6028,Premier League,2008/2009,Stoke,Fulham,0,0
6029,Premier League,2008/2009,Sunderland,West Brom,4,0
6030,Premier League,2008/2009,Tottenham,Man United,0,0
6031,Premier League,2008/2009,Wigan,Blackburn,3,0
6032,Premier League,2008/2009,Chelsea,West Ham,1,1
6033,Premier League,2008/2009,Portsmouth,Newcastle,0,3
6034,Premier League,2008/2009,Blackburn,Stoke,3,0
6035,Premier League,2008/2009,Bolton,Portsmouth,2,1
6036,Premier League,2008/2009,Fulham,Middlesbrough,3,0
6037,Premier League,2008/2009,Hull,Sunderland,1,4
6038,Premier League,2008/2009,West Ham,Aston Villa,0,1
6039,Premier League,2008/2009,Arsenal,Liverpool,1,1
6040,Premier League,2008/2009,Newcastle,Tottenham,2,1
6041,Premier League,2008/2009,West Brom,Man City,2,1
6042,Premier League,2008/2009,Everton,Chelsea,0,0
6043,Premier League,2008/2009,Aston Villa,Arsenal,2,2
6044,Premier League,2008/2009,Chelsea,West Brom,2,0
6045,Premier League,2008/2009,Liverpool,Bolton,3,0
6046,Premier League,2008/2009,Man City,Hull,5,1
6047,Premier League,2008/2009,Middlesbrough,Everton,0,1
6048,Premier League,2008/2009,Portsmouth,West Ham,1,4
6049,Premier League,2008/2009,Stoke,Man United,0,1
6050,Premier League,2008/2009,Sunderland,Blackburn,0,0
6051,Premier League,2008/2009,Tottenham,Fulham,0,0
6052,Premier League,2008/2009,Wigan,Newcastle,2,1
6053,Premier League,2008/2009,Arsenal,Portsmouth,1,0
6054,Premier League,2008/2009,Blackburn,Man City,2,2
6055,Premier League,2008/2009,Bolton,Wigan,0,1
6056,Premier League,2008/2009,Everton,Sunderland,3,0
6057,Premier League,2008/2009,Fulham,Chelsea,2,2
6058,Premier League,2008/2009,Newcastle,Liverpool,1,5
6059,Premier League,2008/2009,West Brom,Tottenham,2,0
6060,Premier League,2008/2009,West Ham,Stoke,2,1
6061,Premier League,2008/2009,Man United,Middlesbrough,1,0
6062,Premier League,2008/2009,Hull,Aston Villa,0,1
6063,Premier League,2008/2009,Arsenal,Bolton,1,0
6064,Premier League,2008/2009,Aston Villa,West Brom,2,1
6065,Premier League,2008/2009,Everton,Hull,2,0
6066,Premier League,2008/2009,Middlesbrough,Sunderland,1,1
6067,Premier League,2008/2009,Newcastle,West Ham,2,2
6068,Premier League,2008/2009,Stoke,Liverpool,0,0
6069,Premier League,2008/2009,Man United,Chelsea,3,0
6070,Premier League,2008/2009,Wigan,Tottenham,1,0
6071,Premier League,2008/2009,Man United,Wigan,1,0
6072,Premier League,2008/2009,Blackburn,Newcastle,3,0
6073,Premier League,2008/2009,Bolton,Man United,0,1
6074,Premier League,2008/2009,Chelsea,Stoke,2,1
6075,Premier League,2008/2009,Hull,Arsenal,1,3
6076,Premier League,2008/2009,Man City,Wigan,1,0
6077,Premier League,2008/2009,Sunderland,Aston Villa,1,2
6078,Premier League,2008/2009,West Brom,Middlesbrough,3,0
6079,Premier League,2008/2009,Tottenham,Portsmouth,1,1
6080,Premier League,2008/2009,West Ham,Fulham,3,1
6081,Premier League,2008/2009,Liverpool,Everton,1,1
6082,Premier League,2008/2009,Portsmouth,Aston Villa,0,1
6083,Premier League,2008/2009,Sunderland,Fulham,1,0
6084,Premier League,2008/2009,Tottenham,Stoke,3,1
6085,Premier League,2008/2009,West Brom,Man United,0,5
6086,Premier League,2008/2009,Blackburn,Bolton,2,2
6087,Premier League,2008/2009,Chelsea,Middlesbrough,2,0
6088,Premier League,2008/2009,Everton,Arsenal,1,1
6089,Premier League,2008/2009,Man City,Newcastle,2,1
6090,Premier League,2008/2009,West Ham,Hull,2,0
6091,Premier League,2008/2009,Wigan,Liverpool,1,1
6092,Premier League,2008/2009,Arsenal,West Ham,0,0
6093,Premier League,2008/2009,Aston Villa,Wigan,0,0
6094,Premier League,2008/2009,Bolton,Tottenham,3,2
6095,Premier League,2008/2009,Fulham,Portsmouth,3,1
6096,Premier League,2008/2009,Hull,West Brom,2,2
6097,Premier League,2008/2009,Man United,Everton,1,0
6098,Premier League,2008/2009,Middlesbrough,Blackburn,0,0
6099,Premier League,2008/2009,Stoke,Man City,1,0
6100,Premier League,2008/2009,Liverpool,Chelsea,2,0
6101,Premier League,2008/2009,Newcastle,Sunderland,1,1
6102,Premier League,2008/2009,Blackburn,Aston Villa,0,2
6103,Premier League,2008/2009,Chelsea,Hull,0,0
6104,Premier League,2008/2009,Everton,Bolton,3,0
6105,Premier League,2008/2009,Man City,Middlesbrough,1,0
6106,Premier League,2008/2009,Portsmouth,Liverpool,2,3
6107,Premier League,2008/2009,Sunderland,Stoke,2,0
6108,Premier League,2008/2009,West Brom,Newcastle,2,3
6109,Premier League,2008/2009,Wigan,Fulham,0,0
6110,Premier League,2008/2009,Tottenham,Arsenal,0,0
6111,Premier League,2008/2009,West Ham,Man United,0,1
6112,Premier League,2008/2009,Portsmouth,Man City,2,0
6113,Premier League,2008/2009,Man United,Fulham,3,0
6114,Premier League,2008/2009,Arsenal,Sunderland,0,0
6115,Premier League,2008/2009,Aston Villa,Chelsea,0,1
6116,Premier League,2008/2009,Bolton,West Ham,2,1
6117,Premier League,2008/2009,Man United,Blackburn,2,1
6118,Premier League,2008/2009,Middlesbrough,Wigan,0,0
6119,Premier League,2008/2009,Stoke,Portsmouth,2,2
6120,Premier League,2008/2009,Fulham,West Brom,2,0
6121,Premier League,2008/2009,Liverpool,Man City,1,1
6122,Premier League,2008/2009,Newcastle,Everton,0,0
6123,Premier League,2008/2009,Hull,Tottenham,1,2
6124,Premier League,2008/2009,Arsenal,Fulham,0,0
6125,Premier League,2008/2009,Chelsea,Wigan,2,1
6126,Premier League,2008/2009,Everton,West Brom,2,0
6127,Premier League,2008/2009,Middlesbrough,Liverpool,2,0
6128,Premier League,2008/2009,Aston Villa,Stoke,2,2
6129,Premier League,2008/2009,Bolton,Newcastle,1,0
6130,Premier League,2008/2009,Hull,Blackburn,1,2
6131,Premier League,2008/2009,West Ham,Man City,1,0
6132,Premier League,2008/2009,Liverpool,Sunderland,2,0
6133,Premier League,2008/2009,Portsmouth,Chelsea,0,1
6134,Premier League,2008/2009,West Brom,Arsenal,1,3
6135,Premier League,2008/2009,Blackburn,Everton,0,0
6136,Premier League,2008/2009,Fulham,Hull,0,1
6137,Premier League,2008/2009,Man City,Aston Villa,2,0
6138,Premier League,2008/2009,Newcastle,Man United,1,2
6139,Premier League,2008/2009,Stoke,Bolton,2,0
6140,Premier League,2008/2009,Tottenham,Middlesbrough,4,0
6141,Premier League,2008/2009,Wigan,West Ham,0,1
6142,Premier League,2008/2009,Sunderland,Tottenham,1,1
6143,Premier League,2008/2009,Fulham,Blackburn,1,2
6144,Premier League,2008/2009,Arsenal,Blackburn,4,0
6145,Premier League,2008/2009,Bolton,Fulham,1,3
6146,Premier League,2008/2009,Everton,Stoke,3,1
6147,Premier League,2008/2009,Hull,Newcastle,1,1
6148,Premier League,2008/2009,Man United,Liverpool,1,4
6149,Premier League,2008/2009,Middlesbrough,Portsmouth,1,1
6150,Premier League,2008/2009,Sunderland,Wigan,1,2
6151,Premier League,2008/2009,Aston Villa,Tottenham,1,2
6152,Premier League,2008/2009,Chelsea,Man City,1,0
6153,Premier League,2008/2009,West Ham,West Brom,0,0
6154,Premier League,2008/2009,Blackburn,West Ham,1,1
6155,Premier League,2008/2009,Fulham,Man United,2,0
6156,Premier League,2008/2009,Newcastle,Arsenal,1,3
6157,Premier League,2008/2009,Portsmouth,Everton,2,1
6158,Premier League,2008/2009,Stoke,Middlesbrough,1,0
6159,Premier League,2008/2009,Tottenham,Chelsea,1,0
6160,Premier League,2008/2009,West Brom,Bolton,1,1
6161,Premier League,2008/2009,Liverpool,Aston Villa,5,0
6162,Premier League,2008/2009,Man City,Sunderland,1,0
6163,Premier League,2008/2009,Wigan,Hull,1,0
6164,Premier League,2008/2009,Arsenal,Man City,2,0
6165,Premier League,2008/2009,Blackburn,Tottenham,2,1
6166,Premier League,2008/2009,Bolton,Middlesbrough,4,1
6167,Premier League,2008/2009,Fulham,Liverpool,0,1
6168,Premier League,2008/2009,Hull,Portsmouth,0,0
6169,Premier League,2008/2009,Newcastle,Chelsea,0,2
6170,Premier League,2008/2009,West Brom,Stoke,0,2
6171,Premier League,2008/2009,West Ham,Sunderland,2,0
6172,Premier League,2008/2009,Everton,Wigan,4,0
6173,Premier League,2008/2009,Man United,Aston Villa,3,2
6174,Premier League,2008/2009,Chelsea,Bolton,4,3
6175,Premier League,2008/2009,Liverpool,Blackburn,4,0
6176,Premier League,2008/2009,Middlesbrough,Hull,3,1
6177,Premier League,2008/2009,Portsmouth,West Brom,2,2
6178,Premier League,2008/2009,Stoke,Newcastle,1,1
6179,Premier League,2008/2009,Sunderland,Man United,1,2
6180,Premier League,2008/2009,Tottenham,West Ham,1,0
6181,Premier League,2008/2009,Wigan,Arsenal,1,4
6182,Premier League,2008/2009,Aston Villa,Everton,3,3
6183,Premier League,2008/2009,Man City,Fulham,1,3
6184,Premier League,2008/2009,Aston Villa,West Ham,1,1
6185,Premier League,2008/2009,Middlesbrough,Fulham,0,0
6186,Premier League,2008/2009,Portsmouth,Bolton,1,0
6187,Premier League,2008/2009,Stoke,Blackburn,1,0
6188,Premier League,2008/2009,Sunderland,Hull,1,0
6189,Premier League,2008/2009,Man City,West Brom,4,2
6190,Premier League,2008/2009,Tottenham,Newcastle,1,0
6191,Premier League,2008/2009,Liverpool,Arsenal,4,4
6192,Premier League,2008/2009,Chelsea,Everton,0,0
6193,Premier League,2008/2009,Man United,Portsmouth,2,0
6194,Premier League,2008/2009,Bolton,Aston Villa,1,1
6195,Premier League,2008/2009,Everton,Man City,1,2
6196,Premier League,2008/2009,Fulham,Stoke,1,0
6197,Premier League,2008/2009,Hull,Liverpool,1,3
6198,Premier League,2008/2009,Man United,Tottenham,5,2
6199,Premier League,2008/2009,West Brom,Sunderland,3,0
6200,Premier League,2008/2009,West Ham,Chelsea,0,1
6201,Premier League,2008/2009,Arsenal,Middlesbrough,2,0
6202,Premier League,2008/2009,Blackburn,Wigan,2,0
6203,Premier League,2008/2009,Newcastle,Portsmouth,0,0
6204,Premier League,2008/2009,Chelsea,Fulham,3,1
6205,Premier League,2008/2009,Man City,Blackburn,3,1
6206,Premier League,2008/2009,Middlesbrough,Man United,0,2
6207,Premier League,2008/2009,Portsmouth,Arsenal,0,3
6208,Premier League,2008/2009,Stoke,West Ham,0,1
6209,Premier League,2008/2009,Tottenham,West Brom,1,0
6210,Premier League,2008/2009,Wigan,Bolton,0,0
6211,Premier League,2008/2009,Liverpool,Newcastle,3,0
6212,Premier League,2008/2009,Sunderland,Everton,0,2
6213,Premier League,2008/2009,Aston Villa,Hull,1,0
6214,Premier League,2008/2009,Blackburn,Portsmouth,2,0
6215,Premier League,2008/2009,Bolton,Sunderland,0,0
6216,Premier League,2008/2009,Everton,Tottenham,0,0
6217,Premier League,2008/2009,Fulham,Aston Villa,3,1
6218,Premier League,2008/2009,Hull,Stoke,1,2
6219,Premier League,2008/2009,West Brom,Wigan,3,1
6220,Premier League,2008/2009,West Ham,Liverpool,0,3
6221,Premier League,2008/2009,Arsenal,Chelsea,1,4
6222,Premier League,2008/2009,Man United,Man City,2,0
6223,Premier League,2008/2009,Newcastle,Middlesbrough,3,1
6224,Premier League,2008/2009,Wigan,Man United,1,2
6225,Premier League,2008/2009,Bolton,Hull,1,1
6226,Premier League,2008/2009,Everton,West Ham,3,1
6227,Premier League,2008/2009,Man United,Arsenal,0,0
6228,Premier League,2008/2009,Middlesbrough,Aston Villa,1,1
6229,Premier League,2008/2009,Newcastle,Fulham,0,1
6230,Premier League,2008/2009,Stoke,Wigan,2,0
6231,Premier League,2008/2009,Tottenham,Man City,2,1
6232,Premier League,2008/2009,Chelsea,Blackburn,2,0
6233,Premier League,2008/2009,West Brom,Liverpool,0,2
6234,Premier League,2008/2009,Portsmouth,Sunderland,3,1
6235,Premier League,2008/2009,Arsenal,Stoke,4,1
6236,Premier League,2008/2009,Aston Villa,Newcastle,1,0
6237,Premier League,2008/2009,Blackburn,West Brom,0,0
6238,Premier League,2008/2009,Fulham,Everton,0,2
6239,Premier League,2008/2009,Hull,Man United,0,1
6240,Premier League,2008/2009,Liverpool,Tottenham,3,1
6241,Premier League,2008/2009,Man City,Bolton,1,0
6242,Premier League,2008/2009,Sunderland,Chelsea,2,3
6243,Premier League,2008/2009,West Ham,Middlesbrough,2,1
6244,Premier League,2008/2009,Wigan,Portsmouth,1,0
6245,Premier League,2009/2010,Aston Villa,Wigan,0,2
6246,Premier League,2009/2010,Blackburn,Man City,0,2
6247,Premier League,2009/2010,Bolton,Sunderland,0,1
6248,Premier League,2009/2010,Chelsea,Hull,2,1
6249,Premier League,2009/2010,Everton,Arsenal,1,6
6250,Premier League,2009/2010,Portsmouth,Fulham,0,1
6251,Premier League,2009/2010,Stoke,Burnley,2,0
6252,Premier League,2009/2010,Wolves,West Ham,0,2
6253,Premier League,2009/2010,Man United,Birmingham,1,0
6254,Premier League,2009/2010,Tottenham,Liverpool,2,1
6255,Premier League,2009/2010,Sunderland,Chelsea,1,3
6256,Premier League,2009/2010,Wigan,Wolves,0,1
6257,Premier League,2009/2010,Birmingham,Portsmouth,1,0
6258,Premier League,2009/2010,Burnley,Man United,1,0
6259,Premier League,2009/2010,Hull,Tottenham,1,5
6260,Premier League,2009/2010,Liverpool,Stoke,4,0
6261,Premier League,2009/2010,Arsenal,Portsmouth,4,1
6262,Premier League,2009/2010,Birmingham,Stoke,0,0
6263,Premier League,2009/2010,Hull,Bolton,1,0
6264,Premier League,2009/2010,Man City,Wolves,1,0
6265,Premier League,2009/2010,Sunderland,Blackburn,2,1
6266,Premier League,2009/2010,Wigan,Man United,0,5
6267,Premier League,2009/2010,Burnley,Everton,1,0
6268,Premier League,2009/2010,Fulham,Chelsea,0,2
6269,Premier League,2009/2010,West Ham,Tottenham,1,2
6270,Premier League,2009/2010,Liverpool,Aston Villa,1,3
6271,Premier League,2009/2010,Blackburn,West Ham,0,0
6272,Premier League,2009/2010,Bolton,Liverpool,2,3
6273,Premier League,2009/2010,Chelsea,Burnley,3,0
6274,Premier League,2009/2010,Man United,Arsenal,2,1
6275,Premier League,2009/2010,Stoke,Sunderland,1,0
6276,Premier League,2009/2010,Tottenham,Birmingham,2,1
6277,Premier League,2009/2010,Wolves,Hull,1,1
6278,Premier League,2009/2010,Aston Villa,Fulham,2,0
6279,Premier League,2009/2010,Everton,Wigan,2,1
6280,Premier League,2009/2010,Portsmouth,Man City,0,1
6281,Premier League,2009/2010,Blackburn,Wolves,3,1
6282,Premier League,2009/2010,Liverpool,Burnley,4,0
6283,Premier League,2009/2010,Man City,Arsenal,4,2
6284,Premier League,2009/2010,Portsmouth,Bolton,2,3
6285,Premier League,2009/2010,Stoke,Chelsea,1,2
6286,Premier League,2009/2010,Sunderland,Hull,4,1
6287,Premier League,2009/2010,Tottenham,Man United,1,3
6288,Premier League,2009/2010,Wigan,West Ham,1,0
6289,Premier League,2009/2010,Birmingham,Aston Villa,0,1
6290,Premier League,2009/2010,Fulham,Everton,2,1
6291,Premier League,2009/2010,Arsenal,Wigan,4,0
6292,Premier League,2009/2010,Aston Villa,Portsmouth,2,0
6293,Premier League,2009/2010,Bolton,Stoke,1,1
6294,Premier League,2009/2010,Burnley,Sunderland,3,1
6295,Premier League,2009/2010,Hull,Birmingham,0,1
6296,Premier League,2009/2010,West Ham,Liverpool,2,3
6297,Premier League,2009/2010,Chelsea,Tottenham,3,0
6298,Premier League,2009/2010,Everton,Blackburn,3,0
6299,Premier League,2009/2010,Man United,Man City,4,3
6300,Premier League,2009/2010,Wolves,Fulham,2,1
6301,Premier League,2009/2010,Birmingham,Bolton,1,2
6302,Premier League,2009/2010,Blackburn,Aston Villa,2,1
6303,Premier League,2009/2010,Fulham,Arsenal,0,1
6304,Premier League,2009/2010,Liverpool,Hull,6,1
6305,Premier League,2009/2010,Portsmouth,Everton,0,1
6306,Premier League,2009/2010,Stoke,Man United,0,2
6307,Premier League,2009/2010,Tottenham,Burnley,5,0
6308,Premier League,2009/2010,Wigan,Chelsea,3,1
6309,Premier League,2009/2010,Sunderland,Wolves,5,2
6310,Premier League,2009/2010,Man City,West Ham,3,1
6311,Premier League,2009/2010,Bolton,Tottenham,2,2
6312,Premier League,2009/2010,Burnley,Birmingham,2,1
6313,Premier League,2009/2010,Hull,Wigan,2,1
6314,Premier League,2009/2010,Man United,Sunderland,2,2
6315,Premier League,2009/2010,Wolves,Portsmouth,0,1
6316,Premier League,2009/2010,Arsenal,Blackburn,6,2
6317,Premier League,2009/2010,Chelsea,Liverpool,2,0
6318,Premier League,2009/2010,Everton,Stoke,1,1
6319,Premier League,2009/2010,West Ham,Fulham,2,2
6320,Premier League,2009/2010,Aston Villa,Man City,1,1
6321,Premier League,2009/2010,Arsenal,Birmingham,3,1
6322,Premier League,2009/2010,Aston Villa,Chelsea,2,1
6323,Premier League,2009/2010,Everton,Wolves,1,1
6324,Premier League,2009/2010,Man United,Bolton,2,1
6325,Premier League,2009/2010,Portsmouth,Tottenham,1,2
6326,Premier League,2009/2010,Stoke,West Ham,2,1
6327,Premier League,2009/2010,Sunderland,Liverpool,1,0
6328,Premier League,2009/2010,Blackburn,Burnley,3,2
6329,Premier League,2009/2010,Wigan,Man City,1,1
6330,Premier League,2009/2010,Fulham,Hull,2,0
6331,Premier League,2009/2010,Birmingham,Sunderland,2,1
6332,Premier League,2009/2010,Burnley,Wigan,1,3
6333,Premier League,2009/2010,Chelsea,Blackburn,5,0
6334,Premier League,2009/2010,Hull,Portsmouth,0,0
6335,Premier League,2009/2010,Tottenham,Stoke,0,1
6336,Premier League,2009/2010,Wolves,Aston Villa,1,1
6337,Premier League,2009/2010,Bolton,Everton,3,2
6338,Premier League,2009/2010,Liverpool,Man United,2,0
6339,Premier League,2009/2010,Man City,Fulham,2,2
6340,Premier League,2009/2010,West Ham,Arsenal,2,2
6341,Premier League,2009/2010,Arsenal,Tottenham,3,0
6342,Premier League,2009/2010,Bolton,Chelsea,0,4
6343,Premier League,2009/2010,Burnley,Hull,2,0
6344,Premier League,2009/2010,Everton,Aston Villa,1,1
6345,Premier League,2009/2010,Fulham,Liverpool,3,1
6346,Premier League,2009/2010,Man United,Blackburn,2,0
6347,Premier League,2009/2010,Portsmouth,Wigan,4,0
6348,Premier League,2009/2010,Stoke,Wolves,2,2
6349,Premier League,2009/2010,Sunderland,West Ham,2,2
6350,Premier League,2009/2010,Birmingham,Man City,0,0
6351,Premier League,2009/2010,West Ham,Aston Villa,2,1
6352,Premier League,2009/2010,Aston Villa,Bolton,5,1
6353,Premier League,2009/2010,Blackburn,Portsmouth,3,1
6354,Premier League,2009/2010,Man City,Burnley,3,3
6355,Premier League,2009/2010,Tottenham,Sunderland,2,0
6356,Premier League,2009/2010,Wolves,Arsenal,1,4
6357,Premier League,2009/2010,Chelsea,Man United,1,0
6358,Premier League,2009/2010,Hull,Stoke,2,1
6359,Premier League,2009/2010,West Ham,Everton,1,2
6360,Premier League,2009/2010,Wigan,Fulham,1,1
6361,Premier League,2009/2010,Liverpool,Birmingham,2,2
6362,Premier League,2009/2010,Birmingham,Fulham,1,0
6363,Premier League,2009/2010,Burnley,Aston Villa,1,1
6364,Premier League,2009/2010,Chelsea,Wolves,4,0
6365,Premier League,2009/2010,Hull,West Ham,3,3
6366,Premier League,2009/2010,Liverpool,Man City,2,2
6367,Premier League,2009/2010,Man United,Everton,3,0
6368,Premier League,2009/2010,Sunderland,Arsenal,1,0
6369,Premier League,2009/2010,Bolton,Blackburn,0,2
6370,Premier League,2009/2010,Stoke,Portsmouth,1,0
6371,Premier League,2009/2010,Tottenham,Wigan,9,1
6372,Premier League,2009/2010,Fulham,Blackburn,3,0
6373,Premier League,2009/2010,Hull,Everton,3,2
6374,Premier League,2009/2010,Aston Villa,Tottenham,1,1
6375,Premier League,2009/2010,Blackburn,Stoke,0,0
6376,Premier League,2009/2010,Fulham,Bolton,1,1
6377,Premier League,2009/2010,Man City,Hull,1,1
6378,Premier League,2009/2010,Portsmouth,Man United,1,4
6379,Premier League,2009/2010,West Ham,Burnley,5,3
6380,Premier League,2009/2010,Wigan,Sunderland,1,0
6381,Premier League,2009/2010,Arsenal,Chelsea,0,3
6382,Premier League,2009/2010,Everton,Liverpool,0,2
6383,Premier League,2009/2010,Wolves,Birmingham,0,1
6384,Premier League,2009/2010,Arsenal,Stoke,2,0
6385,Premier League,2009/2010,Aston Villa,Hull,3,0
6386,Premier League,2009/2010,Blackburn,Liverpool,0,0
6387,Premier League,2009/2010,Man City,Chelsea,2,1
6388,Premier League,2009/2010,Portsmouth,Burnley,2,0
6389,Premier League,2009/2010,West Ham,Man United,0,4
6390,Premier League,2009/2010,Wigan,Birmingham,2,3
6391,Premier League,2009/2010,Wolves,Bolton,2,1
6392,Premier League,2009/2010,Everton,Tottenham,2,2
6393,Premier League,2009/2010,Fulham,Sunderland,1,0
6394,Premier League,2009/2010,Birmingham,West Ham,1,0
6395,Premier League,2009/2010,Bolton,Man City,3,3
6396,Premier League,2009/2010,Burnley,Fulham,1,1
6397,Premier League,2009/2010,Chelsea,Everton,3,3
6398,Premier League,2009/2010,Hull,Blackburn,0,0
6399,Premier League,2009/2010,Man United,Aston Villa,0,1
6400,Premier League,2009/2010,Stoke,Wigan,2,2
6401,Premier League,2009/2010,Sunderland,Portsmouth,1,1
6402,Premier League,2009/2010,Tottenham,Wolves,0,1
6403,Premier League,2009/2010,Liverpool,Arsenal,1,2
6404,Premier League,2009/2010,Birmingham,Blackburn,2,1
6405,Premier League,2009/2010,Bolton,West Ham,3,1
6406,Premier League,2009/2010,Man United,Wolves,3,0
6407,Premier League,2009/2010,Sunderland,Aston Villa,0,2
6408,Premier League,2009/2010,Burnley,Arsenal,1,1
6409,Premier League,2009/2010,Chelsea,Portsmouth,2,1
6410,Premier League,2009/2010,Liverpool,Wigan,2,1
6411,Premier League,2009/2010,Tottenham,Man City,3,0
6412,Premier League,2009/2010,Arsenal,Hull,3,0
6413,Premier League,2009/2010,Aston Villa,Stoke,1,0
6414,Premier League,2009/2010,Blackburn,Tottenham,0,2
6415,Premier League,2009/2010,Fulham,Man United,3,0
6416,Premier League,2009/2010,Man City,Sunderland,4,3
6417,Premier League,2009/2010,Portsmouth,Liverpool,2,0
6418,Premier League,2009/2010,Everton,Birmingham,1,1
6419,Premier League,2009/2010,West Ham,Chelsea,1,1
6420,Premier League,2009/2010,Wolves,Burnley,2,0
6421,Premier League,2009/2010,Birmingham,Chelsea,0,0
6422,Premier League,2009/2010,Burnley,Bolton,1,1
6423,Premier League,2009/2010,Fulham,Tottenham,0,0
6424,Premier League,2009/2010,Liverpool,Wolves,2,0
6425,Premier League,2009/2010,Man City,Stoke,2,0
6426,Premier League,2009/2010,Sunderland,Everton,1,1
6427,Premier League,2009/2010,West Ham,Portsmouth,2,0
6428,Premier League,2009/2010,Wigan,Blackburn,1,1
6429,Premier League,2009/2010,Arsenal,Aston Villa,3,0
6430,Premier League,2009/2010,Hull,Man United,1,3
6431,Premier League,2009/2010,Blackburn,Sunderland,2,2
6432,Premier League,2009/2010,Chelsea,Fulham,2,1
6433,Premier League,2009/2010,Everton,Burnley,2,0
6434,Premier League,2009/2010,Stoke,Birmingham,0,1
6435,Premier League,2009/2010,Tottenham,West Ham,2,0
6436,Premier League,2009/2010,Wolves,Man City,0,3
6437,Premier League,2009/2010,Aston Villa,Liverpool,0,1
6438,Premier League,2009/2010,Bolton,Hull,2,2
6439,Premier League,2009/2010,Man United,Wigan,5,0
6440,Premier League,2009/2010,Portsmouth,Arsenal,1,4
6441,Premier League,2009/2010,Stoke,Fulham,3,2
6442,Premier League,2009/2010,Arsenal,Everton,2,2
6443,Premier League,2009/2010,Birmingham,Man United,1,1
6444,Premier League,2009/2010,Man City,Blackburn,4,1
6445,Premier League,2009/2010,Chelsea,Sunderland,7,2
6446,Premier League,2009/2010,Everton,Man City,2,0
6447,Premier League,2009/2010,Man United,Burnley,3,0
6448,Premier League,2009/2010,Stoke,Liverpool,1,1
6449,Premier League,2009/2010,Tottenham,Hull,0,0
6450,Premier League,2009/2010,Wolves,Wigan,0,2
6451,Premier League,2009/2010,Aston Villa,West Ham,0,0
6452,Premier League,2009/2010,Blackburn,Fulham,2,0
6453,Premier League,2009/2010,Bolton,Arsenal,0,2
6454,Premier League,2009/2010,Arsenal,Bolton,4,2
6455,Premier League,2009/2010,Liverpool,Tottenham,2,0
6456,Premier League,2009/2010,Man United,Hull,4,0
6457,Premier League,2009/2010,Bolton,Burnley,1,0
6458,Premier League,2009/2010,Portsmouth,West Ham,1,1
6459,Premier League,2009/2010,Tottenham,Fulham,2,0
6460,Premier League,2009/2010,Wolves,Liverpool,0,0
6461,Premier League,2009/2010,Aston Villa,Arsenal,0,0
6462,Premier League,2009/2010,Blackburn,Wigan,2,1
6463,Premier League,2009/2010,Chelsea,Birmingham,3,0
6464,Premier League,2009/2010,Everton,Sunderland,2,0
6465,Premier League,2009/2010,Birmingham,Tottenham,1,1
6466,Premier League,2009/2010,Burnley,Chelsea,1,2
6467,Premier League,2009/2010,Fulham,Aston Villa,0,2
6468,Premier League,2009/2010,Hull,Wolves,2,2
6469,Premier League,2009/2010,Liverpool,Bolton,2,0
6470,Premier League,2009/2010,West Ham,Blackburn,0,0
6471,Premier League,2009/2010,Wigan,Everton,0,1
6472,Premier League,2009/2010,Arsenal,Man United,1,3
6473,Premier League,2009/2010,Man City,Portsmouth,2,0
6474,Premier League,2009/2010,Sunderland,Stoke,0,0
6475,Premier League,2009/2010,Hull,Chelsea,1,1
6476,Premier League,2009/2010,Fulham,Portsmouth,1,0
6477,Premier League,2009/2010,Bolton,Fulham,0,0
6478,Premier League,2009/2010,Burnley,West Ham,2,1
6479,Premier League,2009/2010,Hull,Man City,2,1
6480,Premier League,2009/2010,Liverpool,Everton,1,0
6481,Premier League,2009/2010,Man United,Portsmouth,5,0
6482,Premier League,2009/2010,Stoke,Blackburn,3,0
6483,Premier League,2009/2010,Sunderland,Wigan,1,1
6484,Premier League,2009/2010,Tottenham,Aston Villa,0,0
6485,Premier League,2009/2010,Birmingham,Wolves,2,1
6486,Premier League,2009/2010,Chelsea,Arsenal,2,0
6487,Premier League,2009/2010,Fulham,Burnley,3,0
6488,Premier League,2009/2010,Man City,Bolton,2,0
6489,Premier League,2009/2010,Portsmouth,Sunderland,1,1
6490,Premier League,2009/2010,Wigan,Stoke,1,1
6491,Premier League,2009/2010,Arsenal,Liverpool,1,0
6492,Premier League,2009/2010,Aston Villa,Man United,1,1
6493,Premier League,2009/2010,Blackburn,Hull,1,0
6494,Premier League,2009/2010,Everton,Chelsea,2,1
6495,Premier League,2009/2010,West Ham,Birmingham,2,0
6496,Premier League,2009/2010,Wolves,Tottenham,1,0
6497,Premier League,2009/2010,Stoke,Man City,1,1
6498,Premier League,2009/2010,Wigan,Bolton,0,0
6499,Premier League,2009/2010,Arsenal,Sunderland,2,0
6500,Premier League,2009/2010,Everton,Man United,3,1
6501,Premier League,2009/2010,Portsmouth,Stoke,1,2
6502,Premier League,2009/2010,West Ham,Hull,3,0
6503,Premier League,2009/2010,Wolves,Chelsea,0,2
6504,Premier League,2009/2010,Aston Villa,Burnley,5,2
6505,Premier League,2009/2010,Blackburn,Bolton,3,0
6506,Premier League,2009/2010,Fulham,Birmingham,2,1
6507,Premier League,2009/2010,Man City,Liverpool,0,0
6508,Premier League,2009/2010,Wigan,Tottenham,0,3
6509,Premier League,2009/2010,Man United,West Ham,3,0
6510,Premier League,2009/2010,Birmingham,Wigan,1,0
6511,Premier League,2009/2010,Bolton,Wolves,1,0
6512,Premier League,2009/2010,Burnley,Portsmouth,1,2
6513,Premier League,2009/2010,Chelsea,Man City,2,4
6514,Premier League,2009/2010,Stoke,Arsenal,1,3
6515,Premier League,2009/2010,Liverpool,Blackburn,2,1
6516,Premier League,2009/2010,Sunderland,Fulham,0,0
6517,Premier League,2009/2010,Tottenham,Everton,2,1
6518,Premier League,2009/2010,Arsenal,Burnley,3,1
6519,Premier League,2009/2010,West Ham,Bolton,1,2
6520,Premier League,2009/2010,Wolves,Man United,0,1
6521,Premier League,2009/2010,Everton,Hull,5,1
6522,Premier League,2009/2010,Wigan,Liverpool,1,0
6523,Premier League,2009/2010,Portsmouth,Birmingham,1,2
6524,Premier League,2009/2010,Sunderland,Bolton,4,0
6525,Premier League,2009/2010,Burnley,Stoke,1,1
6526,Premier League,2009/2010,Birmingham,Everton,2,2
6527,Premier League,2009/2010,Bolton,Wigan,4,0
6528,Premier League,2009/2010,Burnley,Wolves,1,2
6529,Premier League,2009/2010,Chelsea,West Ham,4,1
6530,Premier League,2009/2010,Hull,Arsenal,1,2
6531,Premier League,2009/2010,Stoke,Aston Villa,0,0
6532,Premier League,2009/2010,Tottenham,Blackburn,3,1
6533,Premier League,2009/2010,Man United,Fulham,3,0
6534,Premier League,2009/2010,Sunderland,Man City,1,1
6535,Premier League,2009/2010,Liverpool,Portsmouth,4,1
6536,Premier League,2009/2010,Wigan,Aston Villa,1,2
6537,Premier League,2009/2010,Arsenal,West Ham,2,0
6538,Premier League,2009/2010,Aston Villa,Wolves,2,2
6539,Premier League,2009/2010,Everton,Bolton,2,0
6540,Premier League,2009/2010,Portsmouth,Hull,3,2
6541,Premier League,2009/2010,Stoke,Tottenham,1,2
6542,Premier League,2009/2010,Sunderland,Birmingham,3,1
6543,Premier League,2009/2010,Wigan,Burnley,1,0
6544,Premier League,2009/2010,Blackburn,Chelsea,1,1
6545,Premier League,2009/2010,Fulham,Man City,1,2
6546,Premier League,2009/2010,Man United,Liverpool,2,1
6547,Premier League,2009/2010,West Ham,Wolves,1,3
6548,Premier League,2009/2010,Aston Villa,Sunderland,1,1
6549,Premier League,2009/2010,Blackburn,Birmingham,2,1
6550,Premier League,2009/2010,Man City,Everton,0,2
6551,Premier League,2009/2010,Portsmouth,Chelsea,0,5
6552,Premier League,2009/2010,Birmingham,Arsenal,1,1
6553,Premier League,2009/2010,Bolton,Man United,0,4
6554,Premier League,2009/2010,Chelsea,Aston Villa,7,1
6555,Premier League,2009/2010,Hull,Fulham,2,0
6556,Premier League,2009/2010,Tottenham,Portsmouth,2,0
6557,Premier League,2009/2010,West Ham,Stoke,0,1
6558,Premier League,2009/2010,Wolves,Everton,0,0
6559,Premier League,2009/2010,Burnley,Blackburn,0,1
6560,Premier League,2009/2010,Liverpool,Sunderland,3,0
6561,Premier League,2009/2010,Man City,Wigan,3,0
6562,Premier League,2009/2010,Arsenal,Wolves,1,0
6563,Premier League,2009/2010,Bolton,Aston Villa,0,1
6564,Premier League,2009/2010,Burnley,Man City,1,6
6565,Premier League,2009/2010,Man United,Chelsea,1,2
6566,Premier League,2009/2010,Portsmouth,Blackburn,0,0
6567,Premier League,2009/2010,Stoke,Hull,2,0
6568,Premier League,2009/2010,Sunderland,Tottenham,3,1
6569,Premier League,2009/2010,Birmingham,Liverpool,1,1
6570,Premier League,2009/2010,Everton,West Ham,2,2
6571,Premier League,2009/2010,Fulham,Wigan,2,1
6572,Premier League,2009/2010,Hull,Burnley,1,4
6573,Premier League,2009/2010,West Ham,Sunderland,1,0
6574,Premier League,2009/2010,Blackburn,Man United,0,0
6575,Premier League,2009/2010,Liverpool,Fulham,0,0
6576,Premier League,2009/2010,Man City,Birmingham,5,1
6577,Premier League,2009/2010,Wolves,Stoke,0,0
6578,Premier League,2009/2010,Chelsea,Bolton,1,0
6579,Premier League,2009/2010,Aston Villa,Everton,2,2
6580,Premier League,2009/2010,Tottenham,Arsenal,2,1
6581,Premier League,2009/2010,Wigan,Portsmouth,0,0
6582,Premier League,2009/2010,Birmingham,Hull,0,0
6583,Premier League,2009/2010,Blackburn,Everton,2,3
6584,Premier League,2009/2010,Fulham,Wolves,0,0
6585,Premier League,2009/2010,Man City,Man United,0,1
6586,Premier League,2009/2010,Stoke,Bolton,1,2
6587,Premier League,2009/2010,Sunderland,Burnley,2,1
6588,Premier League,2009/2010,Tottenham,Chelsea,2,1
6589,Premier League,2009/2010,Portsmouth,Aston Villa,1,2
6590,Premier League,2009/2010,Wigan,Arsenal,3,2
6591,Premier League,2009/2010,Liverpool,West Ham,3,0
6592,Premier League,2009/2010,Hull,Aston Villa,0,2
6593,Premier League,2009/2010,Arsenal,Man City,0,0
6594,Premier League,2009/2010,Bolton,Portsmouth,2,2
6595,Premier League,2009/2010,Hull,Sunderland,0,1
6596,Premier League,2009/2010,Man United,Tottenham,3,1
6597,Premier League,2009/2010,West Ham,Wigan,3,2
6598,Premier League,2009/2010,Wolves,Blackburn,1,1
6599,Premier League,2009/2010,Aston Villa,Birmingham,1,0
6600,Premier League,2009/2010,Burnley,Liverpool,0,4
6601,Premier League,2009/2010,Chelsea,Stoke,7,0
6602,Premier League,2009/2010,Everton,Fulham,2,1
6603,Premier League,2009/2010,Birmingham,Burnley,2,1
6604,Premier League,2009/2010,Man City,Aston Villa,3,1
6605,Premier League,2009/2010,Portsmouth,Wolves,3,1
6606,Premier League,2009/2010,Stoke,Everton,0,0
6607,Premier League,2009/2010,Tottenham,Bolton,1,0
6608,Premier League,2009/2010,Fulham,West Ham,3,2
6609,Premier League,2009/2010,Liverpool,Chelsea,0,2
6610,Premier League,2009/2010,Sunderland,Man United,0,1
6611,Premier League,2009/2010,Blackburn,Arsenal,2,1
6612,Premier League,2009/2010,Wigan,Hull,2,2
6613,Premier League,2009/2010,Fulham,Stoke,0,1
6614,Premier League,2009/2010,Man City,Tottenham,0,1
6615,Premier League,2009/2010,Arsenal,Fulham,4,0
6616,Premier League,2009/2010,Aston Villa,Blackburn,0,1
6617,Premier League,2009/2010,Bolton,Birmingham,2,1
6618,Premier League,2009/2010,Burnley,Tottenham,4,2
6619,Premier League,2009/2010,Chelsea,Wigan,8,0
6620,Premier League,2009/2010,Everton,Portsmouth,1,0
6621,Premier League,2009/2010,Hull,Liverpool,0,0
6622,Premier League,2009/2010,Man United,Stoke,4,0
6623,Premier League,2009/2010,West Ham,Man City,1,1
6624,Premier League,2009/2010,Wolves,Sunderland,2,1
6625,Premier League,2010/2011,Aston Villa,West Ham,3,0
6626,Premier League,2010/2011,Blackburn,Everton,1,0
6627,Premier League,2010/2011,Bolton,Fulham,0,0
6628,Premier League,2010/2011,Chelsea,West Brom,6,0
6629,Premier League,2010/2011,Sunderland,Birmingham,2,2
6630,Premier League,2010/2011,Tottenham,Man City,0,0
6631,Premier League,2010/2011,Wigan,Blackpool,0,4
6632,Premier League,2010/2011,Wolves,Stoke,2,1
6633,Premier League,2010/2011,Liverpool,Arsenal,1,1
6634,Premier League,2010/2011,Man United,Newcastle,3,0
6635,Premier League,2010/2011,Arsenal,Blackpool,6,0
6636,Premier League,2010/2011,Birmingham,Blackburn,2,1
6637,Premier League,2010/2011,Everton,Wolves,1,1
6638,Premier League,2010/2011,Stoke,Tottenham,1,2
6639,Premier League,2010/2011,West Brom,Sunderland,1,0
6640,Premier League,2010/2011,West Ham,Bolton,1,3
6641,Premier League,2010/2011,Wigan,Chelsea,0,6
6642,Premier League,2010/2011,Fulham,Man United,2,2
6643,Premier League,2010/2011,Newcastle,Aston Villa,6,0
6644,Premier League,2010/2011,Man City,Liverpool,3,0
6645,Premier League,2010/2011,Blackburn,Arsenal,1,2
6646,Premier League,2010/2011,Blackpool,Fulham,2,2
6647,Premier League,2010/2011,Chelsea,Stoke,2,0
6648,Premier League,2010/2011,Man United,West Ham,3,0
6649,Premier League,2010/2011,Tottenham,Wigan,0,1
6650,Premier League,2010/2011,Wolves,Newcastle,1,1
6651,Premier League,2010/2011,Aston Villa,Everton,1,0
6652,Premier League,2010/2011,Bolton,Birmingham,2,2
6653,Premier League,2010/2011,Liverpool,West Brom,1,0
6654,Premier League,2010/2011,Sunderland,Man City,1,0
6655,Premier League,2010/2011,Arsenal,Bolton,4,1
6656,Premier League,2010/2011,Everton,Man United,3,3
6657,Premier League,2010/2011,Fulham,Wolves,2,1
6658,Premier League,2010/2011,Man City,Blackburn,1,1
6659,Premier League,2010/2011,Newcastle,Blackpool,0,2
6660,Premier League,2010/2011,West Brom,Tottenham,1,1
6661,Premier League,2010/2011,West Ham,Chelsea,1,3
6662,Premier League,2010/2011,Wigan,Sunderland,1,1
6663,Premier League,2010/2011,Birmingham,Liverpool,0,0
6664,Premier League,2010/2011,Stoke,Aston Villa,2,1
6665,Premier League,2010/2011,Aston Villa,Bolton,1,1
6666,Premier League,2010/2011,Blackburn,Fulham,1,1
6667,Premier League,2010/2011,Everton,Newcastle,0,1
6668,Premier League,2010/2011,Stoke,West Ham,1,1
6669,Premier League,2010/2011,Sunderland,Arsenal,1,1
6670,Premier League,2010/2011,Tottenham,Wolves,3,1
6671,Premier League,2010/2011,West Brom,Birmingham,3,1
6672,Premier League,2010/2011,Chelsea,Blackpool,4,0
6673,Premier League,2010/2011,Man United,Liverpool,3,2
6674,Premier League,2010/2011,Wigan,Man City,0,2
6675,Premier League,2010/2011,Arsenal,West Brom,2,3
6676,Premier League,2010/2011,Birmingham,Wigan,0,0
6677,Premier League,2010/2011,Blackpool,Blackburn,1,2
6678,Premier League,2010/2011,Fulham,Everton,0,0
6679,Premier League,2010/2011,Liverpool,Sunderland,2,2
6680,Premier League,2010/2011,Man City,Chelsea,1,0
6681,Premier League,2010/2011,West Ham,Tottenham,1,0
6682,Premier League,2010/2011,Bolton,Man United,2,2
6683,Premier League,2010/2011,Newcastle,Stoke,1,2
6684,Premier League,2010/2011,Wolves,Aston Villa,1,2
6685,Premier League,2010/2011,Birmingham,Everton,0,2
6686,Premier League,2010/2011,Stoke,Blackburn,1,0
6687,Premier League,2010/2011,Sunderland,Man United,0,0
6688,Premier League,2010/2011,Tottenham,Aston Villa,2,1
6689,Premier League,2010/2011,West Brom,Bolton,1,1
6690,Premier League,2010/2011,West Ham,Fulham,1,1
6691,Premier League,2010/2011,Wigan,Wolves,2,0
6692,Premier League,2010/2011,Chelsea,Arsenal,2,0
6693,Premier League,2010/2011,Liverpool,Blackpool,1,2
6694,Premier League,2010/2011,Man City,Newcastle,2,1
6695,Premier League,2010/2011,Arsenal,Birmingham,2,1
6696,Premier League,2010/2011,Aston Villa,Chelsea,0,0
6697,Premier League,2010/2011,Bolton,Stoke,2,1
6698,Premier League,2010/2011,Fulham,Tottenham,1,2
6699,Premier League,2010/2011,Man United,West Brom,2,2
6700,Premier League,2010/2011,Newcastle,Wigan,2,2
6701,Premier League,2010/2011,Wolves,West Ham,1,1
6702,Premier League,2010/2011,Blackpool,Man City,2,3
6703,Premier League,2010/2011,Everton,Liverpool,2,0
6704,Premier League,2010/2011,Blackburn,Sunderland,0,0
6705,Premier League,2010/2011,Birmingham,Blackpool,2,0
6706,Premier League,2010/2011,Chelsea,Wolves,2,0
6707,Premier League,2010/2011,Sunderland,Aston Villa,1,0
6708,Premier League,2010/2011,Tottenham,Everton,1,1
6709,Premier League,2010/2011,West Brom,Fulham,2,1
6710,Premier League,2010/2011,West Ham,Newcastle,1,2
6711,Premier League,2010/2011,Wigan,Bolton,1,1
6712,Premier League,2010/2011,Liverpool,Blackburn,2,1
6713,Premier League,2010/2011,Man City,Arsenal,0,3
6714,Premier League,2010/2011,Stoke,Man United,1,2
6715,Premier League,2010/2011,Arsenal,West Ham,1,0
6716,Premier League,2010/2011,Blackburn,Chelsea,1,2
6717,Premier League,2010/2011,Everton,Stoke,1,0
6718,Premier League,2010/2011,Fulham,Wigan,2,0
6719,Premier League,2010/2011,Man United,Tottenham,2,0
6720,Premier League,2010/2011,Wolves,Man City,2,1
6721,Premier League,2010/2011,Aston Villa,Birmingham,0,0
6722,Premier League,2010/2011,Bolton,Liverpool,0,1
6723,Premier League,2010/2011,Newcastle,Sunderland,5,1
6724,Premier League,2010/2011,Blackpool,West Brom,2,1
6725,Premier League,2010/2011,Birmingham,West Ham,2,2
6726,Premier League,2010/2011,Blackburn,Wigan,2,1
6727,Premier League,2010/2011,Blackpool,Everton,2,2
6728,Premier League,2010/2011,Bolton,Tottenham,4,2
6729,Premier League,2010/2011,Fulham,Aston Villa,1,1
6730,Premier League,2010/2011,Man United,Wolves,2,1
6731,Premier League,2010/2011,Sunderland,Stoke,2,0
6732,Premier League,2010/2011,Arsenal,Newcastle,0,1
6733,Premier League,2010/2011,Liverpool,Chelsea,2,0
6734,Premier League,2010/2011,West Brom,Man City,0,2
6735,Premier League,2010/2011,Stoke,Birmingham,3,2
6736,Premier League,2010/2011,Tottenham,Sunderland,1,1
6737,Premier League,2010/2011,Aston Villa,Blackpool,3,2
6738,Premier League,2010/2011,Chelsea,Fulham,1,0
6739,Premier League,2010/2011,Everton,Bolton,1,1
6740,Premier League,2010/2011,Man City,Man United,0,0
6741,Premier League,2010/2011,Newcastle,Blackburn,1,2
6742,Premier League,2010/2011,West Ham,West Brom,2,2
6743,Premier League,2010/2011,Wigan,Liverpool,1,1
6744,Premier League,2010/2011,Wolves,Arsenal,0,2
6745,Premier League,2010/2011,Aston Villa,Man United,2,2
6746,Premier League,2010/2011,Man City,Birmingham,0,0
6747,Premier League,2010/2011,Newcastle,Fulham,0,0
6748,Premier League,2010/2011,Stoke,Liverpool,2,0
6749,Premier League,2010/2011,Tottenham,Blackburn,4,2
6750,Premier League,2010/2011,West Ham,Blackpool,0,0
6751,Premier League,2010/2011,Wigan,West Brom,1,0
6752,Premier League,2010/2011,Wolves,Bolton,2,3
6753,Premier League,2010/2011,Chelsea,Sunderland,0,3
6754,Premier League,2010/2011,Everton,Arsenal,1,2
6755,Premier League,2010/2011,Arsenal,Tottenham,2,3
6756,Premier League,2010/2011,Birmingham,Chelsea,1,0
6757,Premier League,2010/2011,Blackpool,Wolves,2,1
6758,Premier League,2010/2011,Bolton,Newcastle,5,1
6759,Premier League,2010/2011,Liverpool,West Ham,3,0
6760,Premier League,2010/2011,Man United,Wigan,2,0
6761,Premier League,2010/2011,West Brom,Stoke,0,3
6762,Premier League,2010/2011,Blackburn,Aston Villa,2,0
6763,Premier League,2010/2011,Fulham,Man City,1,4
6764,Premier League,2010/2011,Sunderland,Everton,2,2
6765,Premier League,2010/2011,Aston Villa,Arsenal,2,4
6766,Premier League,2010/2011,Bolton,Blackpool,2,2
6767,Premier League,2010/2011,Everton,West Brom,1,4
6768,Premier League,2010/2011,Fulham,Birmingham,1,1
6769,Premier League,2010/2011,Man United,Blackburn,7,1
6770,Premier League,2010/2011,Stoke,Man City,1,1
6771,Premier League,2010/2011,West Ham,Wigan,3,1
6772,Premier League,2010/2011,Wolves,Sunderland,3,2
6773,Premier League,2010/2011,Newcastle,Chelsea,1,1
6774,Premier League,2010/2011,Tottenham,Liverpool,2,1
6775,Premier League,2010/2011,Arsenal,Fulham,2,1
6776,Premier League,2010/2011,Birmingham,Tottenham,1,1
6777,Premier League,2010/2011,Blackburn,Wolves,3,0
6778,Premier League,2010/2011,Chelsea,Everton,1,1
6779,Premier League,2010/2011,Man City,Bolton,1,0
6780,Premier League,2010/2011,Wigan,Stoke,2,2
6781,Premier League,2010/2011,Sunderland,West Ham,1,0
6782,Premier League,2010/2011,West Brom,Newcastle,3,1
6783,Premier League,2010/2011,Liverpool,Aston Villa,3,0
6784,Premier League,2010/2011,Aston Villa,West Brom,2,1
6785,Premier League,2010/2011,Everton,Wigan,0,0
6786,Premier League,2010/2011,Fulham,Sunderland,0,0
6787,Premier League,2010/2011,Newcastle,Liverpool,3,1
6788,Premier League,2010/2011,Stoke,Blackpool,0,1
6789,Premier League,2010/2011,West Ham,Man City,1,3
6790,Premier League,2010/2011,Bolton,Blackburn,2,1
6791,Premier League,2010/2011,Tottenham,Chelsea,1,1
6792,Premier League,2010/2011,Wolves,Birmingham,1,0
6793,Premier League,2010/2011,Man United,Arsenal,1,0
6794,Premier League,2010/2011,Blackburn,West Ham,1,1
6795,Premier League,2010/2011,Sunderland,Bolton,1,0
6796,Premier League,2010/2011,Man City,Everton,1,2
6797,Premier League,2010/2011,Aston Villa,Tottenham,1,2
6798,Premier League,2010/2011,Blackburn,Stoke,0,2
6799,Premier League,2010/2011,Bolton,West Brom,2,0
6800,Premier League,2010/2011,Fulham,West Ham,1,3
6801,Premier League,2010/2011,Man United,Sunderland,2,0
6802,Premier League,2010/2011,Newcastle,Man City,1,3
6803,Premier League,2010/2011,Wolves,Wigan,1,2
6804,Premier League,2010/2011,Arsenal,Chelsea,3,1
6805,Premier League,2010/2011,Birmingham,Man United,1,1
6806,Premier League,2010/2011,Man City,Aston Villa,4,0
6807,Premier League,2010/2011,Stoke,Fulham,0,2
6808,Premier League,2010/2011,Sunderland,Blackpool,0,2
6809,Premier League,2010/2011,Tottenham,Newcastle,2,0
6810,Premier League,2010/2011,West Brom,Blackburn,1,3
6811,Premier League,2010/2011,West Ham,Everton,1,1
6812,Premier League,2010/2011,Chelsea,Bolton,1,0
6813,Premier League,2010/2011,Liverpool,Wolves,0,1
6814,Premier League,2010/2011,Wigan,Arsenal,2,2
6815,Premier League,2010/2011,Birmingham,Arsenal,0,3
6816,Premier League,2010/2011,Liverpool,Bolton,2,1
6817,Premier League,2010/2011,Man City,Blackpool,1,0
6818,Premier League,2010/2011,Stoke,Everton,2,0
6819,Premier League,2010/2011,Sunderland,Blackburn,3,0
6820,Premier League,2010/2011,Tottenham,Fulham,1,0
6821,Premier League,2010/2011,West Brom,Man United,1,2
6822,Premier League,2010/2011,West Ham,Wolves,2,0
6823,Premier League,2010/2011,Chelsea,Aston Villa,3,3
6824,Premier League,2010/2011,Wigan,Newcastle,0,1
6825,Premier League,2010/2011,Blackpool,Birmingham,1,2
6826,Premier League,2010/2011,Fulham,West Brom,3,0
6827,Premier League,2010/2011,Man United,Stoke,2,1
6828,Premier League,2010/2011,Arsenal,Man City,0,0
6829,Premier League,2010/2011,Aston Villa,Sunderland,0,1
6830,Premier League,2010/2011,Blackburn,Liverpool,3,1
6831,Premier League,2010/2011,Bolton,Wigan,1,1
6832,Premier League,2010/2011,Everton,Tottenham,2,1
6833,Premier League,2010/2011,Newcastle,West Ham,5,0
6834,Premier League,2010/2011,Wolves,Chelsea,1,0
6835,Premier League,2010/2011,Blackpool,Liverpool,2,1
6836,Premier League,2010/2011,Chelsea,Blackburn,2,0
6837,Premier League,2010/2011,Man City,Wolves,4,3
6838,Premier League,2010/2011,Stoke,Bolton,2,0
6839,Premier League,2010/2011,West Brom,Blackpool,3,2
6840,Premier League,2010/2011,West Ham,Arsenal,0,3
6841,Premier League,2010/2011,Wigan,Fulham,1,1
6842,Premier League,2010/2011,Birmingham,Aston Villa,1,1
6843,Premier League,2010/2011,Liverpool,Everton,2,2
6844,Premier League,2010/2011,Sunderland,Newcastle,1,1
6845,Premier League,2010/2011,Tottenham,Man United,0,0
6846,Premier League,2010/2011,Arsenal,Wigan,3,0
6847,Premier League,2010/2011,Aston Villa,Man City,1,0
6848,Premier League,2010/2011,Blackpool,Sunderland,1,2
6849,Premier League,2010/2011,Everton,West Ham,2,2
6850,Premier League,2010/2011,Fulham,Stoke,2,0
6851,Premier League,2010/2011,Man United,Birmingham,5,0
6852,Premier League,2010/2011,Newcastle,Tottenham,1,1
6853,Premier League,2010/2011,Wolves,Liverpool,0,3
6854,Premier League,2010/2011,Blackburn,West Brom,2,0
6855,Premier League,2010/2011,Bolton,Chelsea,0,4
6856,Premier League,2010/2011,Blackpool,Man United,2,3
6857,Premier League,2010/2011,Wigan,Aston Villa,1,2
6858,Premier League,2010/2011,Liverpool,Fulham,1,0
6859,Premier League,2010/2011,Arsenal,Everton,2,1
6860,Premier League,2010/2011,Man United,Aston Villa,3,1
6861,Premier League,2010/2011,Sunderland,Chelsea,2,4
6862,Premier League,2010/2011,West Brom,Wigan,2,2
6863,Premier League,2010/2011,Birmingham,Man City,2,2
6864,Premier League,2010/2011,Blackburn,Tottenham,0,1
6865,Premier League,2010/2011,Blackpool,West Ham,1,3
6866,Premier League,2010/2011,Bolton,Wolves,1,0
6867,Premier League,2010/2011,Fulham,Newcastle,1,0
6868,Premier League,2010/2011,Liverpool,Stoke,2,0
6869,Premier League,2010/2011,Aston Villa,Fulham,2,2
6870,Premier League,2010/2011,Everton,Blackpool,5,3
6871,Premier League,2010/2011,Man City,West Brom,3,0
6872,Premier League,2010/2011,Newcastle,Arsenal,4,4
6873,Premier League,2010/2011,Stoke,Sunderland,3,2
6874,Premier League,2010/2011,Tottenham,Bolton,2,1
6875,Premier League,2010/2011,Wigan,Blackburn,4,3
6876,Premier League,2010/2011,Wolves,Man United,2,1
6877,Premier League,2010/2011,Chelsea,Liverpool,0,1
6878,Premier League,2010/2011,West Ham,Birmingham,0,1
6879,Premier League,2010/2011,Arsenal,Wolves,2,0
6880,Premier League,2010/2011,Birmingham,Stoke,1,0
6881,Premier League,2010/2011,Blackburn,Newcastle,0,0
6882,Premier League,2010/2011,Blackpool,Aston Villa,1,1
6883,Premier League,2010/2011,Liverpool,Wigan,1,1
6884,Premier League,2010/2011,Man United,Man City,2,1
6885,Premier League,2010/2011,Sunderland,Tottenham,1,2
6886,Premier League,2010/2011,West Brom,West Ham,3,3
6887,Premier League,2010/2011,Bolton,Everton,2,0
6888,Premier League,2010/2011,Fulham,Chelsea,0,0
6889,Premier League,2010/2011,Birmingham,Newcastle,0,2
6890,Premier League,2010/2011,West Brom,Wolves,1,1
6891,Premier League,2010/2011,Blackpool,Tottenham,3,1
6892,Premier League,2010/2011,Arsenal,Stoke,1,0
6893,Premier League,2010/2011,Aston Villa,Blackburn,4,1
6894,Premier League,2010/2011,Everton,Sunderland,2,0
6895,Premier League,2010/2011,Newcastle,Bolton,1,1
6896,Premier League,2010/2011,Wigan,Man United,0,4
6897,Premier League,2010/2011,Wolves,Blackpool,4,0
6898,Premier League,2010/2011,Man City,Fulham,1,1
6899,Premier League,2010/2011,West Ham,Liverpool,3,1
6900,Premier League,2010/2011,Stoke,West Brom,1,1
6901,Premier League,2010/2011,Chelsea,Man United,2,1
6902,Premier League,2010/2011,Arsenal,Sunderland,0,0
6903,Premier League,2010/2011,Birmingham,West Brom,1,3
6904,Premier League,2010/2011,Bolton,Aston Villa,3,2
6905,Premier League,2010/2011,Fulham,Blackburn,3,2
6906,Premier League,2010/2011,Man City,Wigan,1,0
6907,Premier League,2010/2011,Newcastle,Everton,1,2
6908,Premier League,2010/2011,West Ham,Stoke,3,0
6909,Premier League,2010/2011,Liverpool,Man United,3,1
6910,Premier League,2010/2011,Wolves,Tottenham,3,3
6911,Premier League,2010/2011,Blackpool,Chelsea,1,3
6912,Premier League,2010/2011,Everton,Birmingham,1,1
6913,Premier League,2010/2011,Aston Villa,Wolves,0,1
6914,Premier League,2010/2011,Blackburn,Blackpool,2,2
6915,Premier League,2010/2011,Everton,Fulham,2,1
6916,Premier League,2010/2011,Man United,Bolton,1,0
6917,Premier League,2010/2011,Stoke,Newcastle,4,0
6918,Premier League,2010/2011,Tottenham,West Ham,0,0
6919,Premier League,2010/2011,West Brom,Arsenal,2,2
6920,Premier League,2010/2011,Wigan,Birmingham,2,1
6921,Premier League,2010/2011,Chelsea,Man City,2,0
6922,Premier League,2010/2011,Sunderland,Liverpool,0,2
6923,Premier League,2010/2011,Arsenal,Blackburn,0,0
6924,Premier League,2010/2011,Birmingham,Bolton,2,1
6925,Premier League,2010/2011,Everton,Aston Villa,2,2
6926,Premier League,2010/2011,Newcastle,Wolves,4,1
6927,Premier League,2010/2011,Stoke,Chelsea,1,1
6928,Premier League,2010/2011,West Brom,Liverpool,2,1
6929,Premier League,2010/2011,West Ham,Man United,2,4
6930,Premier League,2010/2011,Wigan,Tottenham,0,0
6931,Premier League,2010/2011,Fulham,Blackpool,3,0
6932,Premier League,2010/2011,Man City,Sunderland,5,0
6933,Premier League,2010/2011,Blackburn,Birmingham,1,1
6934,Premier League,2010/2011,Bolton,West Ham,3,0
6935,Premier League,2010/2011,Chelsea,Wigan,1,0
6936,Premier League,2010/2011,Man United,Fulham,2,0
6937,Premier League,2010/2011,Sunderland,West Brom,2,3
6938,Premier League,2010/2011,Tottenham,Stoke,3,2
6939,Premier League,2010/2011,Wolves,Everton,0,3
6940,Premier League,2010/2011,Aston Villa,Newcastle,1,0
6941,Premier League,2010/2011,Blackpool,Arsenal,1,3
6942,Premier League,2010/2011,Liverpool,Man City,3,0
6943,Premier League,2010/2011,Birmingham,Sunderland,2,0
6944,Premier League,2010/2011,Blackpool,Wigan,1,3
6945,Premier League,2010/2011,Everton,Blackburn,2,0
6946,Premier League,2010/2011,West Brom,Chelsea,1,3
6947,Premier League,2010/2011,West Ham,Aston Villa,1,2
6948,Premier League,2010/2011,Arsenal,Liverpool,1,1
6949,Premier League,2010/2011,Newcastle,Man United,0,0
6950,Premier League,2010/2011,Chelsea,Birmingham,3,1
6951,Premier League,2010/2011,Tottenham,Arsenal,3,3
6952,Premier League,2010/2011,Aston Villa,Stoke,1,1
6953,Premier League,2010/2011,Blackpool,Newcastle,1,1
6954,Premier League,2010/2011,Chelsea,West Ham,3,0
6955,Premier League,2010/2011,Liverpool,Birmingham,5,0
6956,Premier League,2010/2011,Man United,Everton,1,0
6957,Premier League,2010/2011,Sunderland,Wigan,4,2
6958,Premier League,2010/2011,Tottenham,West Brom,2,2
6959,Premier League,2010/2011,Wolves,Fulham,1,1
6960,Premier League,2010/2011,Bolton,Arsenal,2,1
6961,Premier League,2010/2011,Blackburn,Man City,0,1
6962,Premier League,2010/2011,Stoke,Wolves,3,0
6963,Premier League,2010/2011,Fulham,Bolton,3,0
6964,Premier League,2010/2011,Blackburn,Bolton,1,0
6965,Premier League,2010/2011,Blackpool,Stoke,0,0
6966,Premier League,2010/2011,Chelsea,Tottenham,2,1
6967,Premier League,2010/2011,Sunderland,Fulham,0,3
6968,Premier League,2010/2011,West Brom,Aston Villa,2,1
6969,Premier League,2010/2011,Wigan,Everton,1,1
6970,Premier League,2010/2011,Arsenal,Man United,1,0
6971,Premier League,2010/2011,Birmingham,Wolves,1,1
6972,Premier League,2010/2011,Liverpool,Newcastle,3,0
6973,Premier League,2010/2011,Man City,West Ham,2,1
6974,Premier League,2010/2011,Aston Villa,Wigan,1,1
6975,Premier League,2010/2011,Bolton,Sunderland,1,2
6976,Premier League,2010/2011,Everton,Man City,2,1
6977,Premier League,2010/2011,Newcastle,Birmingham,2,1
6978,Premier League,2010/2011,Tottenham,Blackpool,1,1
6979,Premier League,2010/2011,West Ham,Blackburn,1,1
6980,Premier League,2010/2011,Man United,Chelsea,2,1
6981,Premier League,2010/2011,Stoke,Arsenal,3,1
6982,Premier League,2010/2011,Wolves,West Brom,3,1
6983,Premier League,2010/2011,Fulham,Liverpool,2,5
6984,Premier League,2010/2011,Man City,Tottenham,1,0
6985,Premier League,2010/2011,Blackburn,Man United,1,1
6986,Premier League,2010/2011,Blackpool,Bolton,4,3
6987,Premier League,2010/2011,Sunderland,Wolves,1,3
6988,Premier League,2010/2011,West Brom,Everton,1,0
6989,Premier League,2010/2011,Arsenal,Aston Villa,1,2
6990,Premier League,2010/2011,Birmingham,Fulham,0,2
6991,Premier League,2010/2011,Chelsea,Newcastle,2,2
6992,Premier League,2010/2011,Liverpool,Tottenham,0,2
6993,Premier League,2010/2011,Wigan,West Ham,3,2
6994,Premier League,2010/2011,Man City,Stoke,3,0
6995,Premier League,2010/2011,Aston Villa,Liverpool,1,0
6996,Premier League,2010/2011,Bolton,Man City,0,2
6997,Premier League,2010/2011,Everton,Chelsea,1,0
6998,Premier League,2010/2011,Fulham,Arsenal,2,2
6999,Premier League,2010/2011,Man United,Blackpool,4,2
7000,Premier League,2010/2011,Newcastle,West Brom,3,3
7001,Premier League,2010/2011,Stoke,Wigan,0,1
7002,Premier League,2010/2011,Tottenham,Birmingham,2,1
7003,Premier League,2010/2011,West Ham,Sunderland,0,3
7004,Premier League,2010/2011,Wolves,Blackburn,2,3
7005,Premier League,2011/2012,Blackburn,Wolves,1,2
7006,Premier League,2011/2012,Fulham,Aston Villa,0,0
7007,Premier League,2011/2012,Liverpool,Sunderland,1,1
7008,Premier League,2011/2012,Newcastle,Arsenal,0,0
7009,Premier League,2011/2012,QPR,Bolton,0,4
7010,Premier League,2011/2012,Wigan,Norwich,1,1
7011,Premier League,2011/2012,Stoke,Chelsea,0,0
7012,Premier League,2011/2012,West Brom,Man United,1,2
7013,Premier League,2011/2012,Man City,Swansea,4,0
7014,Premier League,2011/2012,Arsenal,Liverpool,0,2
7015,Premier League,2011/2012,Aston Villa,Blackburn,3,1
7016,Premier League,2011/2012,Chelsea,West Brom,2,1
7017,Premier League,2011/2012,Everton,QPR,0,1
7018,Premier League,2011/2012,Sunderland,Newcastle,0,1
7019,Premier League,2011/2012,Swansea,Wigan,0,0
7020,Premier League,2011/2012,Bolton,Man City,2,3
7021,Premier League,2011/2012,Norwich,Stoke,1,1
7022,Premier League,2011/2012,Wolves,Fulham,2,0
7023,Premier League,2011/2012,Man United,Tottenham,3,0
7024,Premier League,2011/2012,Aston Villa,Wolves,0,0
7025,Premier League,2011/2012,Blackburn,Everton,0,1
7026,Premier League,2011/2012,Chelsea,Norwich,3,1
7027,Premier League,2011/2012,Liverpool,Bolton,3,1
7028,Premier League,2011/2012,Swansea,Sunderland,0,0
7029,Premier League,2011/2012,Wigan,QPR,2,0
7030,Premier League,2011/2012,Man United,Arsenal,8,2
7031,Premier League,2011/2012,Newcastle,Fulham,2,1
7032,Premier League,2011/2012,Tottenham,Man City,1,5
7033,Premier League,2011/2012,West Brom,Stoke,0,1
7034,Premier League,2011/2012,Arsenal,Swansea,1,0
7035,Premier League,2011/2012,Bolton,Man United,0,5
7036,Premier League,2011/2012,Everton,Aston Villa,2,2
7037,Premier League,2011/2012,Man City,Wigan,3,0
7038,Premier League,2011/2012,Stoke,Liverpool,1,0
7039,Premier League,2011/2012,Sunderland,Chelsea,1,2
7040,Premier League,2011/2012,Wolves,Tottenham,0,2
7041,Premier League,2011/2012,Fulham,Blackburn,1,1
7042,Premier League,2011/2012,Norwich,West Brom,0,1
7043,Premier League,2011/2012,QPR,Newcastle,0,0
7044,Premier League,2011/2012,Aston Villa,Newcastle,1,1
7045,Premier League,2011/2012,Blackburn,Arsenal,4,3
7046,Premier League,2011/2012,Bolton,Norwich,1,2
7047,Premier League,2011/2012,Everton,Wigan,3,1
7048,Premier League,2011/2012,Swansea,West Brom,3,0
7049,Premier League,2011/2012,Wolves,QPR,0,3
7050,Premier League,2011/2012,Fulham,Man City,2,2
7051,Premier League,2011/2012,Man United,Chelsea,3,1
7052,Premier League,2011/2012,Sunderland,Stoke,4,0
7053,Premier League,2011/2012,Tottenham,Liverpool,4,0
7054,Premier League,2011/2012,Arsenal,Bolton,3,0
7055,Premier League,2011/2012,Chelsea,Swansea,4,1
7056,Premier League,2011/2012,Liverpool,Wolves,2,1
7057,Premier League,2011/2012,Man City,Everton,2,0
7058,Premier League,2011/2012,Newcastle,Blackburn,3,1
7059,Premier League,2011/2012,Stoke,Man United,1,1
7060,Premier League,2011/2012,West Brom,Fulham,0,0
7061,Premier League,2011/2012,Wigan,Tottenham,1,2
7062,Premier League,2011/2012,QPR,Aston Villa,1,1
7063,Premier League,2011/2012,Norwich,Sunderland,2,1
7064,Premier League,2011/2012,Aston Villa,Wigan,2,0
7065,Premier League,2011/2012,Blackburn,Man City,0,4
7066,Premier League,2011/2012,Everton,Liverpool,0,2
7067,Premier League,2011/2012,Man United,Norwich,2,0
7068,Premier League,2011/2012,Sunderland,West Brom,2,2
7069,Premier League,2011/2012,Wolves,Newcastle,1,2
7070,Premier League,2011/2012,Bolton,Chelsea,1,5
7071,Premier League,2011/2012,Fulham,QPR,6,0
7072,Premier League,2011/2012,Swansea,Stoke,2,0
7073,Premier League,2011/2012,Tottenham,Arsenal,2,1
7074,Premier League,2011/2012,Chelsea,Everton,3,1
7075,Premier League,2011/2012,Liverpool,Man United,1,1
7076,Premier League,2011/2012,Man City,Aston Villa,4,1
7077,Premier League,2011/2012,Norwich,Swansea,3,1
7078,Premier League,2011/2012,QPR,Blackburn,1,1
7079,Premier League,2011/2012,Stoke,Fulham,2,0
7080,Premier League,2011/2012,Wigan,Bolton,1,3
7081,Premier League,2011/2012,Arsenal,Sunderland,2,1
7082,Premier League,2011/2012,Newcastle,Tottenham,2,2
7083,Premier League,2011/2012,West Brom,Wolves,2,0
7084,Premier League,2011/2012,Aston Villa,West Brom,1,2
7085,Premier League,2011/2012,Bolton,Sunderland,0,2
7086,Premier League,2011/2012,Liverpool,Norwich,1,1
7087,Premier League,2011/2012,Newcastle,Wigan,1,0
7088,Premier League,2011/2012,Wolves,Swansea,2,2
7089,Premier League,2011/2012,Arsenal,Stoke,3,1
7090,Premier League,2011/2012,Blackburn,Tottenham,1,2
7091,Premier League,2011/2012,Fulham,Everton,1,3
7092,Premier League,2011/2012,Man United,Man City,1,6
7093,Premier League,2011/2012,QPR,Chelsea,1,0
7094,Premier League,2011/2012,Chelsea,Arsenal,3,5
7095,Premier League,2011/2012,Everton,Man United,0,1
7096,Premier League,2011/2012,Man City,Wolves,3,1
7097,Premier League,2011/2012,Norwich,Blackburn,3,3
7098,Premier League,2011/2012,Sunderland,Aston Villa,2,2
7099,Premier League,2011/2012,Swansea,Bolton,3,1
7100,Premier League,2011/2012,West Brom,Liverpool,0,2
7101,Premier League,2011/2012,Wigan,Fulham,0,2
7102,Premier League,2011/2012,Tottenham,QPR,3,1
7103,Premier League,2011/2012,Stoke,Newcastle,1,3
7104,Premier League,2011/2012,Arsenal,West Brom,3,0
7105,Premier League,2011/2012,Aston Villa,Norwich,3,2
7106,Premier League,2011/2012,Blackburn,Chelsea,0,1
7107,Premier League,2011/2012,Liverpool,Swansea,0,0
7108,Premier League,2011/2012,Man United,Sunderland,1,0
7109,Premier League,2011/2012,Newcastle,Everton,2,1
7110,Premier League,2011/2012,QPR,Man City,2,3
7111,Premier League,2011/2012,Bolton,Stoke,5,0
7112,Premier League,2011/2012,Fulham,Tottenham,1,3
7113,Premier League,2011/2012,Wolves,Wigan,3,1
7114,Premier League,2011/2012,Everton,Wolves,2,1
7115,Premier League,2011/2012,Man City,Newcastle,3,1
7116,Premier League,2011/2012,Norwich,Arsenal,1,2
7117,Premier League,2011/2012,Stoke,QPR,2,3
7118,Premier League,2011/2012,Sunderland,Fulham,0,0
7119,Premier League,2011/2012,Swansea,Man United,0,1
7120,Premier League,2011/2012,West Brom,Bolton,2,1
7121,Premier League,2011/2012,Wigan,Blackburn,3,3
7122,Premier League,2011/2012,Chelsea,Liverpool,1,2
7123,Premier League,2011/2012,Tottenham,Aston Villa,2,0
7124,Premier League,2011/2012,Arsenal,Fulham,1,1
7125,Premier League,2011/2012,Bolton,Everton,0,2
7126,Premier League,2011/2012,Chelsea,Wolves,3,0
7127,Premier League,2011/2012,Man United,Newcastle,1,1
7128,Premier League,2011/2012,Norwich,QPR,2,1
7129,Premier League,2011/2012,Stoke,Blackburn,3,1
7130,Premier League,2011/2012,Sunderland,Wigan,1,2
7131,Premier League,2011/2012,West Brom,Tottenham,1,3
7132,Premier League,2011/2012,Liverpool,Man City,1,1
7133,Premier League,2011/2012,Swansea,Aston Villa,0,0
7134,Premier League,2011/2012,Aston Villa,Man United,0,1
7135,Premier League,2011/2012,Blackburn,Swansea,4,2
7136,Premier League,2011/2012,Man City,Norwich,5,1
7137,Premier League,2011/2012,Newcastle,Chelsea,0,3
7138,Premier League,2011/2012,QPR,West Brom,1,1
7139,Premier League,2011/2012,Tottenham,Bolton,3,0
7140,Premier League,2011/2012,Wigan,Arsenal,0,4
7141,Premier League,2011/2012,Everton,Stoke,0,1
7142,Premier League,2011/2012,Wolves,Sunderland,2,1
7143,Premier League,2011/2012,Fulham,Liverpool,1,0
7144,Premier League,2011/2012,Arsenal,Everton,1,0
7145,Premier League,2011/2012,Bolton,Aston Villa,1,2
7146,Premier League,2011/2012,Liverpool,QPR,1,0
7147,Premier League,2011/2012,Man United,Wolves,4,1
7148,Premier League,2011/2012,Norwich,Newcastle,4,2
7149,Premier League,2011/2012,Swansea,Fulham,2,0
7150,Premier League,2011/2012,West Brom,Wigan,1,2
7151,Premier League,2011/2012,Stoke,Tottenham,2,1
7152,Premier League,2011/2012,Sunderland,Blackburn,2,1
7153,Premier League,2011/2012,Chelsea,Man City,2,1
7154,Premier League,2011/2012,Blackburn,West Brom,1,2
7155,Premier League,2011/2012,Everton,Norwich,1,1
7156,Premier League,2011/2012,Fulham,Bolton,2,0
7157,Premier League,2011/2012,Newcastle,Swansea,0,0
7158,Premier League,2011/2012,Wigan,Chelsea,1,1
7159,Premier League,2011/2012,Wolves,Stoke,1,2
7160,Premier League,2011/2012,Aston Villa,Liverpool,0,2
7161,Premier League,2011/2012,Man City,Arsenal,1,0
7162,Premier League,2011/2012,QPR,Man United,0,2
7163,Premier League,2011/2012,Tottenham,Sunderland,1,0
7164,Premier League,2011/2012,Blackburn,Bolton,1,2
7165,Premier League,2011/2012,Wolves,Norwich,2,2
7166,Premier League,2011/2012,Aston Villa,Arsenal,1,2
7167,Premier League,2011/2012,Everton,Swansea,1,0
7168,Premier League,2011/2012,Fulham,Man United,0,5
7169,Premier League,2011/2012,Man City,Stoke,3,0
7170,Premier League,2011/2012,Newcastle,West Brom,2,3
7171,Premier League,2011/2012,QPR,Sunderland,2,3
7172,Premier League,2011/2012,Wigan,Liverpool,0,0
7173,Premier League,2011/2012,Tottenham,Chelsea,1,1
7174,Premier League,2011/2012,Bolton,Newcastle,0,2
7175,Premier League,2011/2012,Chelsea,Fulham,1,1
7176,Premier League,2011/2012,Liverpool,Blackburn,1,1
7177,Premier League,2011/2012,Man United,Wigan,5,0
7178,Premier League,2011/2012,Stoke,Aston Villa,0,0
7179,Premier League,2011/2012,Sunderland,Everton,1,1
7180,Premier League,2011/2012,West Brom,Man City,0,0
7181,Premier League,2011/2012,Arsenal,Wolves,1,1
7182,Premier League,2011/2012,Norwich,Tottenham,0,2
7183,Premier League,2011/2012,Swansea,QPR,1,1
7184,Premier League,2011/2012,Liverpool,Newcastle,3,1
7185,Premier League,2011/2012,Arsenal,QPR,1,0
7186,Premier League,2011/2012,Bolton,Wolves,1,1
7187,Premier League,2011/2012,Chelsea,Aston Villa,1,3
7188,Premier League,2011/2012,Man United,Blackburn,2,3
7189,Premier League,2011/2012,Norwich,Fulham,1,1
7190,Premier League,2011/2012,Stoke,Wigan,2,2
7191,Premier League,2011/2012,Swansea,Tottenham,1,1
7192,Premier League,2011/2012,Sunderland,Man City,1,0
7193,Premier League,2011/2012,West Brom,Everton,0,1
7194,Premier League,2011/2012,Aston Villa,Swansea,0,2
7195,Premier League,2011/2012,Blackburn,Stoke,1,2
7196,Premier League,2011/2012,Fulham,Arsenal,2,1
7197,Premier League,2011/2012,QPR,Norwich,1,2
7198,Premier League,2011/2012,Wolves,Chelsea,1,2
7199,Premier League,2011/2012,Man City,Liverpool,3,0
7200,Premier League,2011/2012,Tottenham,West Brom,1,0
7201,Premier League,2011/2012,Wigan,Sunderland,1,4
7202,Premier League,2011/2012,Everton,Bolton,1,2
7203,Premier League,2011/2012,Newcastle,Man United,3,0
7204,Premier League,2011/2012,Tottenham,Everton,2,0
7205,Premier League,2011/2012,Aston Villa,Everton,1,1
7206,Premier League,2011/2012,Blackburn,Fulham,3,1
7207,Premier League,2011/2012,Chelsea,Sunderland,1,0
7208,Premier League,2011/2012,Liverpool,Stoke,0,0
7209,Premier League,2011/2012,Man United,Bolton,3,0
7210,Premier League,2011/2012,Tottenham,Wolves,1,1
7211,Premier League,2011/2012,West Brom,Norwich,1,2
7212,Premier League,2011/2012,Newcastle,QPR,1,0
7213,Premier League,2011/2012,Swansea,Arsenal,3,2
7214,Premier League,2011/2012,Wigan,Man City,0,1
7215,Premier League,2011/2012,Bolton,Liverpool,3,1
7216,Premier League,2011/2012,Everton,Blackburn,1,1
7217,Premier League,2011/2012,Fulham,Newcastle,5,2
7218,Premier League,2011/2012,Norwich,Chelsea,0,0
7219,Premier League,2011/2012,QPR,Wigan,3,1
7220,Premier League,2011/2012,Stoke,West Brom,1,2
7221,Premier League,2011/2012,Sunderland,Swansea,2,0
7222,Premier League,2011/2012,Wolves,Aston Villa,2,3
7223,Premier League,2011/2012,Arsenal,Man United,1,2
7224,Premier League,2011/2012,Man City,Tottenham,3,2
7225,Premier League,2011/2012,Everton,Man City,1,0
7226,Premier League,2011/2012,Man United,Stoke,2,0
7227,Premier League,2011/2012,Swansea,Chelsea,1,1
7228,Premier League,2011/2012,Tottenham,Wigan,3,1
7229,Premier League,2011/2012,Wolves,Liverpool,0,3
7230,Premier League,2011/2012,Aston Villa,QPR,2,2
7231,Premier League,2011/2012,Blackburn,Newcastle,0,2
7232,Premier League,2011/2012,Bolton,Arsenal,0,0
7233,Premier League,2011/2012,Fulham,West Brom,1,1
7234,Premier League,2011/2012,Sunderland,Norwich,3,0
7235,Premier League,2011/2012,Arsenal,Blackburn,7,1
7236,Premier League,2011/2012,Man City,Fulham,3,0
7237,Premier League,2011/2012,Norwich,Bolton,2,0
7238,Premier League,2011/2012,QPR,Wolves,1,2
7239,Premier League,2011/2012,Stoke,Sunderland,0,1
7240,Premier League,2011/2012,West Brom,Swansea,1,2
7241,Premier League,2011/2012,Wigan,Everton,1,1
7242,Premier League,2011/2012,Chelsea,Man United,3,3
7243,Premier League,2011/2012,Newcastle,Aston Villa,2,1
7244,Premier League,2011/2012,Liverpool,Tottenham,0,0
7245,Premier League,2011/2012,Blackburn,QPR,3,2
7246,Premier League,2011/2012,Bolton,Wigan,1,2
7247,Premier League,2011/2012,Everton,Chelsea,2,0
7248,Premier League,2011/2012,Fulham,Stoke,2,1
7249,Premier League,2011/2012,Man United,Liverpool,2,1
7250,Premier League,2011/2012,Sunderland,Arsenal,1,2
7251,Premier League,2011/2012,Swansea,Norwich,2,3
7252,Premier League,2011/2012,Tottenham,Newcastle,5,0
7253,Premier League,2011/2012,Aston Villa,Man City,0,1
7254,Premier League,2011/2012,Wolves,West Brom,1,5
7255,Premier League,2011/2012,Chelsea,Bolton,3,0
7256,Premier League,2011/2012,Man City,Blackburn,3,0
7257,Premier League,2011/2012,Newcastle,Wolves,2,2
7258,Premier League,2011/2012,QPR,Fulham,0,1
7259,Premier League,2011/2012,West Brom,Sunderland,4,0
7260,Premier League,2011/2012,Wigan,Aston Villa,0,0
7261,Premier League,2011/2012,Arsenal,Tottenham,5,2
7262,Premier League,2011/2012,Norwich,Man United,1,2
7263,Premier League,2011/2012,Stoke,Swansea,2,0
7264,Premier League,2011/2012,Blackburn,Aston Villa,1,1
7265,Premier League,2011/2012,Liverpool,Arsenal,1,2
7266,Premier League,2011/2012,Man City,Bolton,2,0
7267,Premier League,2011/2012,QPR,Everton,1,1
7268,Premier League,2011/2012,Stoke,Norwich,1,0
7269,Premier League,2011/2012,West Brom,Chelsea,1,0
7270,Premier League,2011/2012,Wigan,Swansea,0,2
7271,Premier League,2011/2012,Fulham,Wolves,5,0
7272,Premier League,2011/2012,Newcastle,Sunderland,1,1
7273,Premier League,2011/2012,Tottenham,Man United,1,3
7274,Premier League,2011/2012,Aston Villa,Fulham,1,0
7275,Premier League,2011/2012,Bolton,QPR,2,1
7276,Premier League,2011/2012,Chelsea,Stoke,1,0
7277,Premier League,2011/2012,Everton,Tottenham,1,0
7278,Premier League,2011/2012,Sunderland,Liverpool,1,0
7279,Premier League,2011/2012,Wolves,Blackburn,0,2
7280,Premier League,2011/2012,Man United,West Brom,2,0
7281,Premier League,2011/2012,Norwich,Wigan,1,1
7282,Premier League,2011/2012,Swansea,Man City,1,0
7283,Premier League,2011/2012,Arsenal,Newcastle,2,1
7284,Premier League,2011/2012,Liverpool,Everton,3,0
7285,Premier League,2011/2012,Fulham,Swansea,0,3
7286,Premier League,2011/2012,Wigan,West Brom,1,1
7287,Premier League,2011/2012,Newcastle,Norwich,1,0
7288,Premier League,2011/2012,Wolves,Man United,0,5
7289,Premier League,2011/2012,Blackburn,Sunderland,2,0
7290,Premier League,2011/2012,Everton,Arsenal,0,1
7291,Premier League,2011/2012,Man City,Chelsea,2,1
7292,Premier League,2011/2012,QPR,Liverpool,3,2
7293,Premier League,2011/2012,Tottenham,Stoke,1,1
7294,Premier League,2011/2012,Arsenal,Aston Villa,3,0
7295,Premier League,2011/2012,Bolton,Blackburn,2,1
7296,Premier League,2011/2012,Chelsea,Tottenham,0,0
7297,Premier League,2011/2012,Liverpool,Wigan,1,2
7298,Premier League,2011/2012,Norwich,Wolves,2,1
7299,Premier League,2011/2012,Stoke,Man City,1,1
7300,Premier League,2011/2012,Sunderland,QPR,3,1
7301,Premier League,2011/2012,Swansea,Everton,0,2
7302,Premier League,2011/2012,West Brom,Newcastle,1,3
7303,Premier League,2011/2012,Man United,Fulham,1,0
7304,Premier League,2011/2012,Aston Villa,Chelsea,2,4
7305,Premier League,2011/2012,Everton,West Brom,2,0
7306,Premier League,2011/2012,Fulham,Norwich,2,1
7307,Premier League,2011/2012,Man City,Sunderland,3,3
7308,Premier League,2011/2012,QPR,Arsenal,2,1
7309,Premier League,2011/2012,Wigan,Stoke,2,0
7310,Premier League,2011/2012,Wolves,Bolton,2,3
7311,Premier League,2011/2012,Newcastle,Liverpool,2,0
7312,Premier League,2011/2012,Tottenham,Swansea,3,1
7313,Premier League,2011/2012,Blackburn,Man United,0,2
7314,Premier League,2011/2012,Swansea,Newcastle,0,2
7315,Premier League,2011/2012,Bolton,Fulham,0,3
7316,Premier League,2011/2012,Chelsea,Wigan,2,1
7317,Premier League,2011/2012,Liverpool,Aston Villa,1,1
7318,Premier League,2011/2012,Norwich,Everton,2,2
7319,Premier League,2011/2012,Stoke,Wolves,2,1
7320,Premier League,2011/2012,Sunderland,Tottenham,0,0
7321,Premier League,2011/2012,West Brom,Blackburn,3,0
7322,Premier League,2011/2012,Arsenal,Man City,1,0
7323,Premier League,2011/2012,Man United,QPR,2,0
7324,Premier League,2011/2012,Aston Villa,Stoke,1,1
7325,Premier League,2011/2012,Everton,Sunderland,4,0
7326,Premier League,2011/2012,Fulham,Chelsea,1,1
7327,Premier League,2011/2012,Newcastle,Bolton,2,0
7328,Premier League,2011/2012,Tottenham,Norwich,1,2
7329,Premier League,2011/2012,Blackburn,Liverpool,2,3
7330,Premier League,2011/2012,Man City,West Brom,4,0
7331,Premier League,2011/2012,QPR,Swansea,3,0
7332,Premier League,2011/2012,Wigan,Man United,1,0
7333,Premier League,2011/2012,Wolves,Arsenal,0,3
7334,Premier League,2011/2012,Norwich,Man City,1,6
7335,Premier League,2011/2012,Sunderland,Wolves,0,0
7336,Premier League,2011/2012,Swansea,Blackburn,3,0
7337,Premier League,2011/2012,West Brom,QPR,1,0
7338,Premier League,2011/2012,Man United,Aston Villa,4,0
7339,Premier League,2011/2012,Arsenal,Wigan,1,2
7340,Premier League,2011/2012,Arsenal,Chelsea,0,0
7341,Premier League,2011/2012,Aston Villa,Sunderland,0,0
7342,Premier League,2011/2012,Blackburn,Norwich,2,0
7343,Premier League,2011/2012,Bolton,Swansea,1,1
7344,Premier League,2011/2012,Fulham,Wigan,2,1
7345,Premier League,2011/2012,Newcastle,Stoke,3,0
7346,Premier League,2011/2012,QPR,Tottenham,1,0
7347,Premier League,2011/2012,Liverpool,West Brom,0,1
7348,Premier League,2011/2012,Man United,Everton,4,4
7349,Premier League,2011/2012,Wolves,Man City,0,2
7350,Premier League,2011/2012,Aston Villa,Bolton,1,2
7351,Premier League,2011/2012,Everton,Fulham,4,0
7352,Premier League,2011/2012,Norwich,Liverpool,0,3
7353,Premier League,2011/2012,Stoke,Arsenal,1,1
7354,Premier League,2011/2012,Sunderland,Bolton,2,2
7355,Premier League,2011/2012,Swansea,Wolves,4,4
7356,Premier League,2011/2012,West Brom,Aston Villa,0,0
7357,Premier League,2011/2012,Wigan,Newcastle,4,0
7358,Premier League,2011/2012,Chelsea,QPR,6,1
7359,Premier League,2011/2012,Tottenham,Blackburn,2,0
7360,Premier League,2011/2012,Man City,Man United,1,0
7361,Premier League,2011/2012,Liverpool,Fulham,0,1
7362,Premier League,2011/2012,Stoke,Everton,1,1
7363,Premier League,2011/2012,Bolton,Tottenham,1,4
7364,Premier League,2011/2012,Chelsea,Newcastle,0,2
7365,Premier League,2011/2012,Arsenal,Norwich,3,3
7366,Premier League,2011/2012,Aston Villa,Tottenham,1,1
7367,Premier League,2011/2012,Bolton,West Brom,2,2
7368,Premier League,2011/2012,Fulham,Sunderland,2,1
7369,Premier League,2011/2012,Man United,Swansea,2,0
7370,Premier League,2011/2012,Newcastle,Man City,0,2
7371,Premier League,2011/2012,QPR,Stoke,1,0
7372,Premier League,2011/2012,Wolves,Everton,0,0
7373,Premier League,2011/2012,Blackburn,Wigan,0,1
7374,Premier League,2011/2012,Liverpool,Chelsea,4,1
7375,Premier League,2011/2012,Chelsea,Blackburn,2,1
7376,Premier League,2011/2012,Everton,Newcastle,3,1
7377,Premier League,2011/2012,Man City,QPR,3,2
7378,Premier League,2011/2012,Norwich,Aston Villa,2,0
7379,Premier League,2011/2012,Stoke,Bolton,2,2
7380,Premier League,2011/2012,Sunderland,Man United,0,1
7381,Premier League,2011/2012,Swansea,Liverpool,1,0
7382,Premier League,2011/2012,Tottenham,Fulham,2,0
7383,Premier League,2011/2012,West Brom,Arsenal,2,3
7384,Premier League,2011/2012,Wigan,Wolves,3,2
7385,Premier League,2012/2013,Arsenal,Sunderland,0,0
7386,Premier League,2012/2013,Fulham,Norwich,5,0
7387,Premier League,2012/2013,Newcastle,Tottenham,2,1
7388,Premier League,2012/2013,QPR,Swansea,0,5
7389,Premier League,2012/2013,Reading,Stoke,1,1
7390,Premier League,2012/2013,West Brom,Liverpool,3,0
7391,Premier League,2012/2013,West Ham,Aston Villa,1,0
7392,Premier League,2012/2013,Man City,Southampton,3,2
7393,Premier League,2012/2013,Wigan,Chelsea,0,2
7394,Premier League,2012/2013,Everton,Man United,1,0
7395,Premier League,2012/2013,Chelsea,Reading,4,2
7396,Premier League,2012/2013,Aston Villa,Everton,1,3
7397,Premier League,2012/2013,Chelsea,Newcastle,2,0
7398,Premier League,2012/2013,Man United,Fulham,3,2
7399,Premier League,2012/2013,Norwich,QPR,1,1
7400,Premier League,2012/2013,Southampton,Wigan,0,2
7401,Premier League,2012/2013,Swansea,West Ham,3,0
7402,Premier League,2012/2013,Tottenham,West Brom,1,1
7403,Premier League,2012/2013,Liverpool,Man City,2,2
7404,Premier League,2012/2013,Stoke,Arsenal,0,0
7405,Premier League,2012/2013,Man City,QPR,3,1
7406,Premier League,2012/2013,Swansea,Sunderland,2,2
7407,Premier League,2012/2013,Tottenham,Norwich,1,1
7408,Premier League,2012/2013,West Brom,Everton,2,0
7409,Premier League,2012/2013,West Ham,Fulham,3,0
7410,Premier League,2012/2013,Wigan,Stoke,2,2
7411,Premier League,2012/2013,Liverpool,Arsenal,0,2
7412,Premier League,2012/2013,Newcastle,Aston Villa,1,1
7413,Premier League,2012/2013,Southampton,Man United,2,3
7414,Premier League,2012/2013,Arsenal,Southampton,6,1
7415,Premier League,2012/2013,Aston Villa,Swansea,2,0
7416,Premier League,2012/2013,Fulham,West Brom,3,0
7417,Premier League,2012/2013,Man United,Wigan,4,0
7418,Premier League,2012/2013,Norwich,West Ham,0,0
7419,Premier League,2012/2013,QPR,Chelsea,0,0
7420,Premier League,2012/2013,Stoke,Man City,1,1
7421,Premier League,2012/2013,Sunderland,Liverpool,1,1
7422,Premier League,2012/2013,Reading,Tottenham,1,3
7423,Premier League,2012/2013,Everton,Newcastle,2,2
7424,Premier League,2012/2013,Chelsea,Stoke,1,0
7425,Premier League,2012/2013,Southampton,Aston Villa,4,1
7426,Premier League,2012/2013,Swansea,Everton,0,3
7427,Premier League,2012/2013,West Brom,Reading,1,0
7428,Premier League,2012/2013,West Ham,Sunderland,1,1
7429,Premier League,2012/2013,Wigan,Fulham,1,2
7430,Premier League,2012/2013,Liverpool,Man United,1,2
7431,Premier League,2012/2013,Man City,Arsenal,1,1
7432,Premier League,2012/2013,Newcastle,Norwich,1,0
7433,Premier League,2012/2013,Tottenham,QPR,2,1
7434,Premier League,2012/2013,Arsenal,Chelsea,1,2
7435,Premier League,2012/2013,Everton,Southampton,3,1
7436,Premier League,2012/2013,Fulham,Man City,1,2
7437,Premier League,2012/2013,Man United,Tottenham,2,3
7438,Premier League,2012/2013,Norwich,Liverpool,2,5
7439,Premier League,2012/2013,Reading,Newcastle,2,2
7440,Premier League,2012/2013,Stoke,Swansea,2,0
7441,Premier League,2012/2013,Sunderland,Wigan,1,0
7442,Premier League,2012/2013,Aston Villa,West Brom,1,1
7443,Premier League,2012/2013,QPR,West Ham,1,2
7444,Premier League,2012/2013,Chelsea,Norwich,4,1
7445,Premier League,2012/2013,Man City,Sunderland,3,0
7446,Premier League,2012/2013,Swansea,Reading,2,2
7447,Premier League,2012/2013,West Brom,QPR,3,2
7448,Premier League,2012/2013,West Ham,Arsenal,1,3
7449,Premier League,2012/2013,Wigan,Everton,2,2
7450,Premier League,2012/2013,Liverpool,Stoke,0,0
7451,Premier League,2012/2013,Newcastle,Man United,0,3
7452,Premier League,2012/2013,Southampton,Fulham,2,2
7453,Premier League,2012/2013,Tottenham,Aston Villa,2,0
7454,Premier League,2012/2013,Fulham,Aston Villa,1,0
7455,Premier League,2012/2013,Liverpool,Reading,1,0
7456,Premier League,2012/2013,Man United,Stoke,4,2
7457,Premier League,2012/2013,Norwich,Arsenal,1,0
7458,Premier League,2012/2013,Swansea,Wigan,2,1
7459,Premier League,2012/2013,Tottenham,Chelsea,2,4
7460,Premier League,2012/2013,West Brom,Man City,1,2
7461,Premier League,2012/2013,West Ham,Southampton,4,1
7462,Premier League,2012/2013,QPR,Everton,1,1
7463,Premier League,2012/2013,Sunderland,Newcastle,1,1
7464,Premier League,2012/2013,Arsenal,QPR,1,0
7465,Premier League,2012/2013,Aston Villa,Norwich,1,1
7466,Premier League,2012/2013,Man City,Swansea,1,0
7467,Premier League,2012/2013,Reading,Fulham,3,3
7468,Premier League,2012/2013,Stoke,Sunderland,0,0
7469,Premier League,2012/2013,Wigan,West Ham,2,1
7470,Premier League,2012/2013,Chelsea,Man United,2,3
7471,Premier League,2012/2013,Everton,Liverpool,2,2
7472,Premier League,2012/2013,Newcastle,West Brom,2,1
7473,Premier League,2012/2013,Southampton,Tottenham,1,2
7474,Premier League,2012/2013,Fulham,Everton,2,2
7475,Premier League,2012/2013,Man United,Arsenal,2,1
7476,Premier League,2012/2013,Norwich,Stoke,1,0
7477,Premier League,2012/2013,Sunderland,Aston Villa,0,1
7478,Premier League,2012/2013,Swansea,Chelsea,1,1
7479,Premier League,2012/2013,Tottenham,Wigan,0,1
7480,Premier League,2012/2013,West Ham,Man City,0,0
7481,Premier League,2012/2013,Liverpool,Newcastle,1,1
7482,Premier League,2012/2013,QPR,Reading,1,1
7483,Premier League,2012/2013,West Brom,Southampton,2,0
7484,Premier League,2012/2013,Arsenal,Fulham,3,3
7485,Premier League,2012/2013,Aston Villa,Man United,2,3
7486,Premier League,2012/2013,Everton,Sunderland,2,1
7487,Premier League,2012/2013,Reading,Norwich,0,0
7488,Premier League,2012/2013,Southampton,Swansea,1,1
7489,Premier League,2012/2013,Stoke,QPR,1,0
7490,Premier League,2012/2013,Wigan,West Brom,1,2
7491,Premier League,2012/2013,Chelsea,Liverpool,1,1
7492,Premier League,2012/2013,Man City,Tottenham,2,1
7493,Premier League,2012/2013,Newcastle,West Ham,0,1
7494,Premier League,2012/2013,Arsenal,Tottenham,5,2
7495,Premier League,2012/2013,Liverpool,Wigan,3,0
7496,Premier League,2012/2013,Man City,Aston Villa,5,0
7497,Premier League,2012/2013,Newcastle,Swansea,1,2
7498,Premier League,2012/2013,Norwich,Man United,1,0
7499,Premier League,2012/2013,QPR,Southampton,1,3
7500,Premier League,2012/2013,Reading,Everton,2,1
7501,Premier League,2012/2013,West Brom,Chelsea,2,1
7502,Premier League,2012/2013,Fulham,Sunderland,1,3
7503,Premier League,2012/2013,West Ham,Stoke,1,1
7504,Premier League,2012/2013,Aston Villa,Arsenal,0,0
7505,Premier League,2012/2013,Everton,Norwich,1,1
7506,Premier League,2012/2013,Man United,QPR,3,1
7507,Premier League,2012/2013,Stoke,Fulham,1,0
7508,Premier League,2012/2013,Sunderland,West Brom,2,4
7509,Premier League,2012/2013,Wigan,Reading,3,2
7510,Premier League,2012/2013,Chelsea,Man City,0,0
7511,Premier League,2012/2013,Southampton,Newcastle,2,0
7512,Premier League,2012/2013,Swansea,Liverpool,0,0
7513,Premier League,2012/2013,Tottenham,West Ham,3,1
7514,Premier League,2012/2013,Aston Villa,Reading,1,0
7515,Premier League,2012/2013,Sunderland,QPR,0,0
7516,Premier League,2012/2013,Chelsea,Fulham,0,0
7517,Premier League,2012/2013,Everton,Arsenal,1,1
7518,Premier League,2012/2013,Man United,West Ham,1,0
7519,Premier League,2012/2013,Southampton,Norwich,1,1
7520,Premier League,2012/2013,Stoke,Newcastle,2,1
7521,Premier League,2012/2013,Swansea,West Brom,3,1
7522,Premier League,2012/2013,Tottenham,Liverpool,2,1
7523,Premier League,2012/2013,Wigan,Man City,0,2
7524,Premier League,2012/2013,Arsenal,Swansea,0,2
7525,Premier League,2012/2013,Fulham,Tottenham,0,3
7526,Premier League,2012/2013,Liverpool,Southampton,1,0
7527,Premier League,2012/2013,Man City,Everton,1,1
7528,Premier League,2012/2013,QPR,Aston Villa,1,1
7529,Premier League,2012/2013,Reading,Man United,3,4
7530,Premier League,2012/2013,West Brom,Stoke,0,1
7531,Premier League,2012/2013,West Ham,Chelsea,3,1
7532,Premier League,2012/2013,Norwich,Sunderland,2,1
7533,Premier League,2012/2013,Newcastle,Wigan,3,0
7534,Premier League,2012/2013,Arsenal,West Brom,2,0
7535,Premier League,2012/2013,Aston Villa,Stoke,0,0
7536,Premier League,2012/2013,Southampton,Reading,1,0
7537,Premier League,2012/2013,Sunderland,Chelsea,1,3
7538,Premier League,2012/2013,Swansea,Norwich,3,4
7539,Premier League,2012/2013,Wigan,QPR,2,2
7540,Premier League,2012/2013,Everton,Tottenham,2,1
7541,Premier League,2012/2013,Man City,Man United,2,3
7542,Premier League,2012/2013,West Ham,Liverpool,2,3
7543,Premier League,2012/2013,Fulham,Newcastle,2,1
7544,Premier League,2012/2013,Sunderland,Reading,3,0
7545,Premier League,2012/2013,Liverpool,Aston Villa,1,3
7546,Premier League,2012/2013,Man United,Sunderland,3,1
7547,Premier League,2012/2013,Newcastle,Man City,1,3
7548,Premier League,2012/2013,Norwich,Wigan,2,1
7549,Premier League,2012/2013,QPR,Fulham,2,1
7550,Premier League,2012/2013,Stoke,Everton,1,1
7551,Premier League,2012/2013,Tottenham,Swansea,1,0
7552,Premier League,2012/2013,West Brom,West Ham,0,0
7553,Premier League,2012/2013,Reading,Arsenal,2,5
7554,Premier League,2012/2013,Liverpool,Fulham,4,0
7555,Premier League,2012/2013,Man City,Reading,1,0
7556,Premier League,2012/2013,Newcastle,QPR,1,0
7557,Premier League,2012/2013,Southampton,Sunderland,0,1
7558,Premier League,2012/2013,Tottenham,Stoke,0,0
7559,Premier League,2012/2013,West Brom,Norwich,2,1
7560,Premier League,2012/2013,West Ham,Everton,1,2
7561,Premier League,2012/2013,Wigan,Arsenal,0,1
7562,Premier League,2012/2013,Chelsea,Aston Villa,8,0
7563,Premier League,2012/2013,Swansea,Man United,1,1
7564,Premier League,2012/2013,Aston Villa,Tottenham,0,4
7565,Premier League,2012/2013,Everton,Wigan,2,1
7566,Premier League,2012/2013,Fulham,Southampton,1,1
7567,Premier League,2012/2013,Man United,Newcastle,4,3
7568,Premier League,2012/2013,Norwich,Chelsea,0,1
7569,Premier League,2012/2013,QPR,West Brom,1,2
7570,Premier League,2012/2013,Reading,Swansea,0,0
7571,Premier League,2012/2013,Stoke,Liverpool,3,1
7572,Premier League,2012/2013,Sunderland,Man City,1,0
7573,Premier League,2012/2013,Arsenal,Newcastle,7,3
7574,Premier League,2012/2013,Aston Villa,Wigan,0,3
7575,Premier League,2012/2013,Fulham,Swansea,1,2
7576,Premier League,2012/2013,Man United,West Brom,2,0
7577,Premier League,2012/2013,Norwich,Man City,3,4
7578,Premier League,2012/2013,Reading,West Ham,1,0
7579,Premier League,2012/2013,Stoke,Southampton,3,3
7580,Premier League,2012/2013,Sunderland,Tottenham,1,2
7581,Premier League,2012/2013,Everton,Chelsea,1,2
7582,Premier League,2012/2013,QPR,Liverpool,0,3
7583,Premier League,2012/2013,Man City,Stoke,3,0
7584,Premier League,2012/2013,Southampton,Arsenal,1,1
7585,Premier League,2012/2013,Swansea,Aston Villa,2,2
7586,Premier League,2012/2013,Tottenham,Reading,3,1
7587,Premier League,2012/2013,West Brom,Fulham,1,2
7588,Premier League,2012/2013,West Ham,Norwich,2,1
7589,Premier League,2012/2013,Wigan,Man United,0,4
7590,Premier League,2012/2013,Chelsea,QPR,0,1
7591,Premier League,2012/2013,Liverpool,Sunderland,3,0
7592,Premier League,2012/2013,Newcastle,Everton,1,2
7593,Premier League,2012/2013,Aston Villa,Southampton,0,1
7594,Premier League,2012/2013,Everton,Swansea,0,0
7595,Premier League,2012/2013,Fulham,Wigan,1,1
7596,Premier League,2012/2013,Norwich,Newcastle,0,0
7597,Premier League,2012/2013,QPR,Tottenham,0,0
7598,Premier League,2012/2013,Reading,West Brom,3,2
7599,Premier League,2012/2013,Stoke,Chelsea,0,4
7600,Premier League,2012/2013,Sunderland,West Ham,3,0
7601,Premier League,2012/2013,Arsenal,Man City,0,2
7602,Premier League,2012/2013,Man United,Liverpool,2,1
7603,Premier League,2012/2013,Chelsea,Southampton,2,2
7604,Premier League,2012/2013,Liverpool,Norwich,5,0
7605,Premier League,2012/2013,Man City,Fulham,2,0
7606,Premier League,2012/2013,Newcastle,Reading,1,2
7607,Premier League,2012/2013,Swansea,Stoke,3,1
7608,Premier League,2012/2013,West Brom,Aston Villa,2,2
7609,Premier League,2012/2013,West Ham,QPR,1,1
7610,Premier League,2012/2013,Wigan,Sunderland,2,3
7611,Premier League,2012/2013,Chelsea,Arsenal,2,1
7612,Premier League,2012/2013,Tottenham,Man United,1,1
7613,Premier League,2012/2013,Southampton,Everton,0,0
7614,Premier League,2012/2013,Arsenal,West Ham,5,1
7615,Premier League,2012/2013,Aston Villa,Newcastle,1,2
7616,Premier League,2012/2013,QPR,Man City,0,0
7617,Premier League,2012/2013,Stoke,Wigan,2,2
7618,Premier League,2012/2013,Sunderland,Swansea,0,0
7619,Premier League,2012/2013,Arsenal,Liverpool,2,2
7620,Premier League,2012/2013,Everton,West Brom,2,1
7621,Premier League,2012/2013,Fulham,West Ham,3,1
7622,Premier League,2012/2013,Man United,Southampton,2,1
7623,Premier League,2012/2013,Norwich,Tottenham,1,1
7624,Premier League,2012/2013,Reading,Chelsea,2,2
7625,Premier League,2012/2013,Arsenal,Stoke,1,0
7626,Premier League,2012/2013,Everton,Aston Villa,3,3
7627,Premier League,2012/2013,Fulham,Man United,0,1
7628,Premier League,2012/2013,Newcastle,Chelsea,3,2
7629,Premier League,2012/2013,QPR,Norwich,0,0
7630,Premier League,2012/2013,Reading,Sunderland,2,1
7631,Premier League,2012/2013,West Ham,Swansea,1,0
7632,Premier League,2012/2013,Wigan,Southampton,2,2
7633,Premier League,2012/2013,Man City,Liverpool,2,2
7634,Premier League,2012/2013,West Brom,Tottenham,0,1
7635,Premier League,2012/2013,Chelsea,Wigan,4,1
7636,Premier League,2012/2013,Norwich,Fulham,0,0
7637,Premier League,2012/2013,Southampton,Man City,3,1
7638,Premier League,2012/2013,Stoke,Reading,2,1
7639,Premier League,2012/2013,Sunderland,Arsenal,0,1
7640,Premier League,2012/2013,Swansea,QPR,4,1
7641,Premier League,2012/2013,Tottenham,Newcastle,2,1
7642,Premier League,2012/2013,Aston Villa,West Ham,2,1
7643,Premier League,2012/2013,Man United,Everton,2,0
7644,Premier League,2012/2013,Liverpool,West Brom,0,2
7645,Premier League,2012/2013,Liverpool,Swansea,5,0
7646,Premier League,2012/2013,Arsenal,Aston Villa,2,1
7647,Premier League,2012/2013,Fulham,Stoke,1,0
7648,Premier League,2012/2013,Norwich,Everton,2,1
7649,Premier League,2012/2013,QPR,Man United,0,2
7650,Premier League,2012/2013,Reading,Wigan,0,3
7651,Premier League,2012/2013,West Brom,Sunderland,2,1
7652,Premier League,2012/2013,Man City,Chelsea,2,0
7653,Premier League,2012/2013,Newcastle,Southampton,4,2
7654,Premier League,2012/2013,West Ham,Tottenham,2,3
7655,Premier League,2012/2013,Chelsea,West Brom,1,0
7656,Premier League,2012/2013,Everton,Reading,3,1
7657,Premier League,2012/2013,Man United,Norwich,4,0
7658,Premier League,2012/2013,Southampton,QPR,1,2
7659,Premier League,2012/2013,Stoke,West Ham,0,1
7660,Premier League,2012/2013,Sunderland,Fulham,2,2
7661,Premier League,2012/2013,Swansea,Newcastle,1,0
7662,Premier League,2012/2013,Wigan,Liverpool,0,4
7663,Premier League,2012/2013,Tottenham,Arsenal,2,1
7664,Premier League,2012/2013,Aston Villa,Man City,0,1
7665,Premier League,2012/2013,Norwich,Southampton,0,0
7666,Premier League,2012/2013,QPR,Sunderland,3,1
7667,Premier League,2012/2013,Reading,Aston Villa,1,2
7668,Premier League,2012/2013,West Brom,Swansea,2,1
7669,Premier League,2012/2013,Liverpool,Tottenham,3,2
7670,Premier League,2012/2013,Newcastle,Stoke,2,1
7671,Premier League,2012/2013,Aston Villa,QPR,3,2
7672,Premier League,2012/2013,Everton,Man City,2,0
7673,Premier League,2012/2013,Man United,Reading,1,0
7674,Premier League,2012/2013,Southampton,Liverpool,3,1
7675,Premier League,2012/2013,Stoke,West Brom,0,0
7676,Premier League,2012/2013,Swansea,Arsenal,0,2
7677,Premier League,2012/2013,Chelsea,West Ham,2,0
7678,Premier League,2012/2013,Sunderland,Norwich,1,1
7679,Premier League,2012/2013,Tottenham,Fulham,0,1
7680,Premier League,2012/2013,Wigan,Newcastle,2,1
7681,Premier League,2012/2013,Arsenal,Reading,4,1
7682,Premier League,2012/2013,Everton,Stoke,1,0
7683,Premier League,2012/2013,Man City,Newcastle,4,0
7684,Premier League,2012/2013,Southampton,Chelsea,2,1
7685,Premier League,2012/2013,Sunderland,Man United,0,1
7686,Premier League,2012/2013,Swansea,Tottenham,1,2
7687,Premier League,2012/2013,West Ham,West Brom,3,1
7688,Premier League,2012/2013,Wigan,Norwich,1,0
7689,Premier League,2012/2013,Aston Villa,Liverpool,1,2
7690,Premier League,2012/2013,Fulham,QPR,3,2
7691,Premier League,2012/2013,Norwich,Swansea,2,2
7692,Premier League,2012/2013,Reading,Southampton,0,2
7693,Premier League,2012/2013,Stoke,Aston Villa,1,3
7694,Premier League,2012/2013,West Brom,Arsenal,1,2
7695,Premier League,2012/2013,Chelsea,Sunderland,2,1
7696,Premier League,2012/2013,Liverpool,West Ham,0,0
7697,Premier League,2012/2013,Newcastle,Fulham,1,0
7698,Premier League,2012/2013,QPR,Wigan,1,1
7699,Premier League,2012/2013,Tottenham,Everton,2,2
7700,Premier League,2012/2013,Man United,Man City,1,2
7701,Premier League,2012/2013,Arsenal,Norwich,3,1
7702,Premier League,2012/2013,Aston Villa,Fulham,1,1
7703,Premier League,2012/2013,Everton,QPR,2,0
7704,Premier League,2012/2013,Reading,Liverpool,0,0
7705,Premier League,2012/2013,Southampton,West Ham,1,1
7706,Premier League,2012/2013,Newcastle,Sunderland,0,3
7707,Premier League,2012/2013,Stoke,Man United,0,2
7708,Premier League,2012/2013,Arsenal,Everton,0,0
7709,Premier League,2012/2013,Fulham,Chelsea,0,3
7710,Premier League,2012/2013,Man City,Wigan,1,0
7711,Premier League,2012/2013,West Ham,Man United,2,2
7712,Premier League,2012/2013,Fulham,Arsenal,0,1
7713,Premier League,2012/2013,Norwich,Reading,2,1
7714,Premier League,2012/2013,QPR,Stoke,0,2
7715,Premier League,2012/2013,Sunderland,Everton,1,0
7716,Premier League,2012/2013,Swansea,Southampton,0,0
7717,Premier League,2012/2013,West Brom,Newcastle,1,1
7718,Premier League,2012/2013,West Ham,Wigan,2,0
7719,Premier League,2012/2013,Liverpool,Chelsea,2,2
7720,Premier League,2012/2013,Tottenham,Man City,3,1
7721,Premier League,2012/2013,Man United,Aston Villa,3,0
7722,Premier League,2012/2013,Everton,Fulham,1,0
7723,Premier League,2012/2013,Man City,West Ham,2,1
7724,Premier League,2012/2013,Newcastle,Liverpool,0,6
7725,Premier League,2012/2013,Southampton,West Brom,0,3
7726,Premier League,2012/2013,Stoke,Norwich,1,0
7727,Premier League,2012/2013,Wigan,Tottenham,2,2
7728,Premier League,2012/2013,Arsenal,Man United,1,1
7729,Premier League,2012/2013,Chelsea,Swansea,2,0
7730,Premier League,2012/2013,Reading,QPR,0,0
7731,Premier League,2012/2013,Aston Villa,Sunderland,6,1
7732,Premier League,2012/2013,Fulham,Reading,2,4
7733,Premier League,2012/2013,Norwich,Aston Villa,1,2
7734,Premier League,2012/2013,QPR,Arsenal,0,1
7735,Premier League,2012/2013,Swansea,Man City,0,0
7736,Premier League,2012/2013,Tottenham,Southampton,1,0
7737,Premier League,2012/2013,West Brom,Wigan,2,3
7738,Premier League,2012/2013,West Ham,Newcastle,0,0
7739,Premier League,2012/2013,Liverpool,Everton,0,0
7740,Premier League,2012/2013,Man United,Chelsea,0,1
7741,Premier League,2012/2013,Sunderland,Stoke,1,1
7742,Premier League,2012/2013,Man City,West Brom,1,0
7743,Premier League,2012/2013,Wigan,Swansea,2,3
7744,Premier League,2012/2013,Chelsea,Tottenham,2,2
7745,Premier League,2012/2013,Aston Villa,Chelsea,1,2
7746,Premier League,2012/2013,Everton,West Ham,2,0
7747,Premier League,2012/2013,Fulham,Liverpool,1,3
7748,Premier League,2012/2013,Man United,Swansea,2,1
7749,Premier League,2012/2013,Norwich,West Brom,4,0
7750,Premier League,2012/2013,QPR,Newcastle,1,2
7751,Premier League,2012/2013,Stoke,Tottenham,1,2
7752,Premier League,2012/2013,Sunderland,Southampton,1,1
7753,Premier League,2012/2013,Arsenal,Wigan,4,1
7754,Premier League,2012/2013,Reading,Man City,0,2
7755,Premier League,2012/2013,Chelsea,Everton,2,1
7756,Premier League,2012/2013,Liverpool,QPR,1,0
7757,Premier League,2012/2013,Man City,Norwich,2,3
7758,Premier League,2012/2013,Newcastle,Arsenal,0,1
7759,Premier League,2012/2013,Southampton,Stoke,1,1
7760,Premier League,2012/2013,Swansea,Fulham,0,3
7761,Premier League,2012/2013,Tottenham,Sunderland,1,0
7762,Premier League,2012/2013,West Brom,Man United,5,5
7763,Premier League,2012/2013,West Ham,Reading,4,2
7764,Premier League,2012/2013,Wigan,Aston Villa,2,2
7765,Premier League,2013/2014,Arsenal,Aston Villa,1,3
7766,Premier League,2013/2014,Liverpool,Stoke,1,0
7767,Premier League,2013/2014,Norwich,Everton,2,2
7768,Premier League,2013/2014,Sunderland,Fulham,0,1
7769,Premier League,2013/2014,Swansea,Man United,1,4
7770,Premier League,2013/2014,West Brom,Southampton,0,1
7771,Premier League,2013/2014,West Ham,Cardiff,2,0
7772,Premier League,2013/2014,Chelsea,Hull,2,0
7773,Premier League,2013/2014,Crystal Palace,Tottenham,0,1
7774,Premier League,2013/2014,Man City,Newcastle,4,0
7775,Premier League,2013/2014,Chelsea,Aston Villa,2,1
7776,Premier League,2013/2014,Aston Villa,Liverpool,0,1
7777,Premier League,2013/2014,Everton,West Brom,0,0
7778,Premier League,2013/2014,Fulham,Arsenal,1,3
7779,Premier League,2013/2014,Hull,Norwich,1,0
7780,Premier League,2013/2014,Newcastle,West Ham,0,0
7781,Premier League,2013/2014,Southampton,Sunderland,1,1
7782,Premier League,2013/2014,Stoke,Crystal Palace,2,1
7783,Premier League,2013/2014,Cardiff,Man City,3,2
7784,Premier League,2013/2014,Tottenham,Swansea,1,0
7785,Premier League,2013/2014,Man United,Chelsea,0,0
7786,Premier League,2013/2014,Cardiff,Everton,0,0
7787,Premier League,2013/2014,Crystal Palace,Sunderland,3,1
7788,Premier League,2013/2014,Man City,Hull,2,0
7789,Premier League,2013/2014,Newcastle,Fulham,1,0
7790,Premier League,2013/2014,Norwich,Southampton,1,0
7791,Premier League,2013/2014,West Ham,Stoke,0,1
7792,Premier League,2013/2014,Arsenal,Tottenham,1,0
7793,Premier League,2013/2014,Liverpool,Man United,1,0
7794,Premier League,2013/2014,West Brom,Swansea,0,2
7795,Premier League,2013/2014,Aston Villa,Newcastle,1,2
7796,Premier League,2013/2014,Everton,Chelsea,1,0
7797,Premier League,2013/2014,Fulham,West Brom,1,1
7798,Premier League,2013/2014,Hull,Cardiff,1,1
7799,Premier League,2013/2014,Man United,Crystal Palace,2,0
7800,Premier League,2013/2014,Stoke,Man City,0,0
7801,Premier League,2013/2014,Sunderland,Arsenal,1,3
7802,Premier League,2013/2014,Tottenham,Norwich,2,0
7803,Premier League,2013/2014,Southampton,West Ham,0,0
7804,Premier League,2013/2014,Swansea,Liverpool,2,2
7805,Premier League,2013/2014,Chelsea,Fulham,2,0
7806,Premier League,2013/2014,Liverpool,Southampton,0,1
7807,Premier League,2013/2014,Newcastle,Hull,2,3
7808,Premier League,2013/2014,Norwich,Aston Villa,0,1
7809,Premier League,2013/2014,West Brom,Sunderland,3,0
7810,Premier League,2013/2014,West Ham,Everton,2,3
7811,Premier League,2013/2014,Arsenal,Stoke,3,1
7812,Premier League,2013/2014,Cardiff,Tottenham,0,1
7813,Premier League,2013/2014,Crystal Palace,Swansea,0,2
7814,Premier League,2013/2014,Man City,Man United,4,1
7815,Premier League,2013/2014,Aston Villa,Man City,3,2
7816,Premier League,2013/2014,Fulham,Cardiff,1,2
7817,Premier League,2013/2014,Hull,West Ham,1,0
7818,Premier League,2013/2014,Man United,West Brom,1,2
7819,Premier League,2013/2014,Southampton,Crystal Palace,2,0
7820,Premier League,2013/2014,Swansea,Arsenal,1,2
7821,Premier League,2013/2014,Tottenham,Chelsea,1,1
7822,Premier League,2013/2014,Stoke,Norwich,0,1
7823,Premier League,2013/2014,Sunderland,Liverpool,1,3
7824,Premier League,2013/2014,Everton,Newcastle,3,2
7825,Premier League,2013/2014,Cardiff,Newcastle,1,2
7826,Premier League,2013/2014,Fulham,Stoke,1,0
7827,Premier League,2013/2014,Hull,Aston Villa,0,0
7828,Premier League,2013/2014,Liverpool,Crystal Palace,3,1
7829,Premier League,2013/2014,Man City,Everton,3,1
7830,Premier League,2013/2014,Sunderland,Man United,1,2
7831,Premier League,2013/2014,Norwich,Chelsea,1,3
7832,Premier League,2013/2014,Southampton,Swansea,2,0
7833,Premier League,2013/2014,Tottenham,West Ham,0,3
7834,Premier League,2013/2014,West Brom,Arsenal,1,1
7835,Premier League,2013/2014,Arsenal,Norwich,4,1
7836,Premier League,2013/2014,Chelsea,Cardiff,4,1
7837,Premier League,2013/2014,Everton,Hull,2,1
7838,Premier League,2013/2014,Man United,Southampton,1,1
7839,Premier League,2013/2014,Newcastle,Liverpool,2,2
7840,Premier League,2013/2014,Stoke,West Brom,0,0
7841,Premier League,2013/2014,Swansea,Sunderland,4,0
7842,Premier League,2013/2014,West Ham,Man City,1,3
7843,Premier League,2013/2014,Aston Villa,Tottenham,0,2
7844,Premier League,2013/2014,Crystal Palace,Fulham,1,4
7845,Premier League,2013/2014,Aston Villa,Everton,0,2
7846,Premier League,2013/2014,Crystal Palace,Arsenal,0,2
7847,Premier League,2013/2014,Liverpool,West Brom,4,1
7848,Premier League,2013/2014,Man United,Stoke,3,2
7849,Premier League,2013/2014,Norwich,Cardiff,0,0
7850,Premier League,2013/2014,Southampton,Fulham,2,0
7851,Premier League,2013/2014,Chelsea,Man City,2,1
7852,Premier League,2013/2014,Sunderland,Newcastle,2,1
7853,Premier League,2013/2014,Swansea,West Ham,0,0
7854,Premier League,2013/2014,Tottenham,Hull,1,0
7855,Premier League,2013/2014,Arsenal,Liverpool,2,0
7856,Premier League,2013/2014,Fulham,Man United,1,3
7857,Premier League,2013/2014,Hull,Sunderland,1,0
7858,Premier League,2013/2014,Man City,Norwich,7,0
7859,Premier League,2013/2014,Newcastle,Chelsea,2,0
7860,Premier League,2013/2014,Stoke,Southampton,1,1
7861,Premier League,2013/2014,West Brom,Crystal Palace,2,0
7862,Premier League,2013/2014,West Ham,Aston Villa,0,0
7863,Premier League,2013/2014,Cardiff,Swansea,1,0
7864,Premier League,2013/2014,Everton,Tottenham,0,0
7865,Premier League,2013/2014,Aston Villa,Cardiff,2,0
7866,Premier League,2013/2014,Chelsea,West Brom,2,2
7867,Premier League,2013/2014,Crystal Palace,Everton,0,0
7868,Premier League,2013/2014,Liverpool,Fulham,4,0
7869,Premier League,2013/2014,Norwich,West Ham,3,1
7870,Premier League,2013/2014,Southampton,Hull,4,1
7871,Premier League,2013/2014,Man United,Arsenal,1,0
7872,Premier League,2013/2014,Sunderland,Man City,1,0
7873,Premier League,2013/2014,Swansea,Stoke,3,3
7874,Premier League,2013/2014,Tottenham,Newcastle,0,1
7875,Premier League,2013/2014,Arsenal,Southampton,2,0
7876,Premier League,2013/2014,Everton,Liverpool,3,3
7877,Premier League,2013/2014,Fulham,Swansea,1,2
7878,Premier League,2013/2014,Hull,Crystal Palace,0,1
7879,Premier League,2013/2014,Newcastle,Norwich,2,1
7880,Premier League,2013/2014,Stoke,Sunderland,2,0
7881,Premier League,2013/2014,West Ham,Chelsea,0,3
7882,Premier League,2013/2014,Cardiff,Man United,2,2
7883,Premier League,2013/2014,Man City,Tottenham,6,0
7884,Premier League,2013/2014,West Brom,Aston Villa,2,2
7885,Premier League,2013/2014,Aston Villa,Sunderland,0,0
7886,Premier League,2013/2014,Cardiff,Arsenal,0,3
7887,Premier League,2013/2014,Everton,Stoke,4,0
7888,Premier League,2013/2014,Newcastle,West Brom,2,1
7889,Premier League,2013/2014,Norwich,Crystal Palace,1,0
7890,Premier League,2013/2014,West Ham,Fulham,3,0
7891,Premier League,2013/2014,Chelsea,Southampton,3,1
7892,Premier League,2013/2014,Hull,Liverpool,3,1
7893,Premier League,2013/2014,Man City,Swansea,3,0
7894,Premier League,2013/2014,Tottenham,Man United,2,2
7895,Premier League,2013/2014,Crystal Palace,West Ham,1,0
7896,Premier League,2013/2014,Arsenal,Hull,2,0
7897,Premier League,2013/2014,Fulham,Tottenham,1,2
7898,Premier League,2013/2014,Liverpool,Norwich,5,1
7899,Premier League,2013/2014,Man United,Everton,0,1
7900,Premier League,2013/2014,Southampton,Aston Villa,2,3
7901,Premier League,2013/2014,Stoke,Cardiff,0,0
7902,Premier League,2013/2014,Sunderland,Chelsea,3,4
7903,Premier League,2013/2014,Swansea,Newcastle,3,0
7904,Premier League,2013/2014,West Brom,Man City,2,3
7905,Premier League,2013/2014,Crystal Palace,Cardiff,2,0
7906,Premier League,2013/2014,Liverpool,West Ham,4,1
7907,Premier League,2013/2014,Man United,Newcastle,0,1
7908,Premier League,2013/2014,Southampton,Man City,1,1
7909,Premier League,2013/2014,Stoke,Chelsea,3,2
7910,Premier League,2013/2014,Sunderland,Tottenham,1,2
7911,Premier League,2013/2014,West Brom,Norwich,0,2
7912,Premier League,2013/2014,Arsenal,Everton,1,1
7913,Premier League,2013/2014,Fulham,Aston Villa,2,0
7914,Premier League,2013/2014,Swansea,Hull,1,1
7915,Premier League,2013/2014,Cardiff,West Brom,1,0
7916,Premier League,2013/2014,Chelsea,Crystal Palace,2,1
7917,Premier League,2013/2014,Everton,Fulham,4,1
7918,Premier League,2013/2014,Hull,Stoke,0,0
7919,Premier League,2013/2014,Man City,Arsenal,6,3
7920,Premier League,2013/2014,Newcastle,Southampton,1,1
7921,Premier League,2013/2014,West Ham,Sunderland,0,0
7922,Premier League,2013/2014,Aston Villa,Man United,0,3
7923,Premier League,2013/2014,Norwich,Swansea,1,1
7924,Premier League,2013/2014,Tottenham,Liverpool,0,5
7925,Premier League,2013/2014,Crystal Palace,Newcastle,0,3
7926,Premier League,2013/2014,Fulham,Man City,2,4
7927,Premier League,2013/2014,Liverpool,Cardiff,3,1
7928,Premier League,2013/2014,Man United,West Ham,3,1
7929,Premier League,2013/2014,Stoke,Aston Villa,2,1
7930,Premier League,2013/2014,Sunderland,Norwich,0,0
7931,Premier League,2013/2014,West Brom,Hull,1,1
7932,Premier League,2013/2014,Southampton,Tottenham,2,3
7933,Premier League,2013/2014,Swansea,Everton,1,2
7934,Premier League,2013/2014,Arsenal,Chelsea,0,0
7935,Premier League,2013/2014,Aston Villa,Crystal Palace,0,1
7936,Premier League,2013/2014,Cardiff,Southampton,0,3
7937,Premier League,2013/2014,Chelsea,Swansea,1,0
7938,Premier League,2013/2014,Everton,Sunderland,0,1
7939,Premier League,2013/2014,Hull,Man United,2,3
7940,Premier League,2013/2014,Man City,Liverpool,2,1
7941,Premier League,2013/2014,Newcastle,Stoke,5,1
7942,Premier League,2013/2014,Norwich,Fulham,1,2
7943,Premier League,2013/2014,Tottenham,West Brom,1,1
7944,Premier League,2013/2014,West Ham,Arsenal,1,3
7945,Premier League,2013/2014,Aston Villa,Swansea,1,1
7946,Premier League,2013/2014,Cardiff,Sunderland,2,2
7947,Premier League,2013/2014,Hull,Fulham,6,0
7948,Premier League,2013/2014,Man City,Crystal Palace,1,0
7949,Premier League,2013/2014,Norwich,Man United,0,1
7950,Premier League,2013/2014,West Ham,West Brom,3,3
7951,Premier League,2013/2014,Chelsea,Liverpool,2,1
7952,Premier League,2013/2014,Everton,Southampton,2,1
7953,Premier League,2013/2014,Newcastle,Arsenal,0,1
7954,Premier League,2013/2014,Tottenham,Stoke,3,0
7955,Premier League,2013/2014,Arsenal,Cardiff,2,0
7956,Premier League,2013/2014,Crystal Palace,Norwich,1,1
7957,Premier League,2013/2014,Fulham,West Ham,2,1
7958,Premier League,2013/2014,Liverpool,Hull,2,0
7959,Premier League,2013/2014,Man United,Tottenham,1,2
7960,Premier League,2013/2014,Southampton,Chelsea,0,3
7961,Premier League,2013/2014,Stoke,Everton,1,1
7962,Premier League,2013/2014,Sunderland,Aston Villa,0,1
7963,Premier League,2013/2014,Swansea,Man City,2,3
7964,Premier League,2013/2014,West Brom,Newcastle,1,0
7965,Premier League,2013/2014,Cardiff,West Ham,0,2
7966,Premier League,2013/2014,Everton,Norwich,2,0
7967,Premier League,2013/2014,Fulham,Sunderland,1,4
7968,Premier League,2013/2014,Hull,Chelsea,0,2
7969,Premier League,2013/2014,Man United,Swansea,2,0
7970,Premier League,2013/2014,Southampton,West Brom,1,0
7971,Premier League,2013/2014,Tottenham,Crystal Palace,2,0
7972,Premier League,2013/2014,Newcastle,Man City,0,2
7973,Premier League,2013/2014,Stoke,Liverpool,3,5
7974,Premier League,2013/2014,Aston Villa,Arsenal,1,2
7975,Premier League,2013/2014,Arsenal,Fulham,2,0
7976,Premier League,2013/2014,Crystal Palace,Stoke,1,0
7977,Premier League,2013/2014,Liverpool,Aston Villa,2,2
7978,Premier League,2013/2014,Man City,Cardiff,4,2
7979,Premier League,2013/2014,Norwich,Hull,1,0
7980,Premier League,2013/2014,Sunderland,Southampton,2,2
7981,Premier League,2013/2014,West Ham,Newcastle,1,3
7982,Premier League,2013/2014,Chelsea,Man United,3,1
7983,Premier League,2013/2014,Swansea,Tottenham,1,3
7984,Premier League,2013/2014,West Brom,Everton,1,1
7985,Premier League,2013/2014,Crystal Palace,Hull,1,0
7986,Premier League,2013/2014,Liverpool,Everton,4,0
7987,Premier League,2013/2014,Man United,Cardiff,2,0
7988,Premier League,2013/2014,Norwich,Newcastle,0,0
7989,Premier League,2013/2014,Southampton,Arsenal,2,2
7990,Premier League,2013/2014,Swansea,Fulham,2,0
7991,Premier League,2013/2014,Aston Villa,West Brom,4,3
7992,Premier League,2013/2014,Chelsea,West Ham,0,0
7993,Premier League,2013/2014,Sunderland,Stoke,1,0
7994,Premier League,2013/2014,Tottenham,Man City,1,5
7995,Premier League,2013/2014,Cardiff,Norwich,2,1
7996,Premier League,2013/2014,Everton,Aston Villa,2,1
7997,Premier League,2013/2014,Fulham,Southampton,0,3
7998,Premier League,2013/2014,Hull,Tottenham,1,1
7999,Premier League,2013/2014,Newcastle,Sunderland,0,3
8000,Premier League,2013/2014,Stoke,Man United,2,1
8001,Premier League,2013/2014,West Ham,Swansea,2,0
8002,Premier League,2013/2014,Arsenal,Crystal Palace,2,0
8003,Premier League,2013/2014,West Brom,Liverpool,1,1
8004,Premier League,2013/2014,Man City,Chelsea,0,1
8005,Premier League,2013/2014,Aston Villa,West Ham,0,2
8006,Premier League,2013/2014,Chelsea,Newcastle,3,0
8007,Premier League,2013/2014,Crystal Palace,West Brom,3,1
8008,Premier League,2013/2014,Liverpool,Arsenal,5,1
8009,Premier League,2013/2014,Norwich,Man City,0,0
8010,Premier League,2013/2014,Southampton,Stoke,2,2
8011,Premier League,2013/2014,Sunderland,Hull,0,2
8012,Premier League,2013/2014,Swansea,Cardiff,3,0
8013,Premier League,2013/2014,Man United,Fulham,2,2
8014,Premier League,2013/2014,Tottenham,Everton,1,0
8015,Premier League,2013/2014,Cardiff,Aston Villa,0,0
8016,Premier League,2013/2014,Hull,Southampton,0,1
8017,Premier League,2013/2014,West Brom,Chelsea,1,1
8018,Premier League,2013/2014,West Ham,Norwich,2,0
8019,Premier League,2013/2014,Arsenal,Man United,0,0
8020,Premier League,2013/2014,Fulham,Liverpool,2,3
8021,Premier League,2013/2014,Newcastle,Tottenham,0,4
8022,Premier League,2013/2014,Stoke,Swansea,1,1
8023,Premier League,2013/2014,Arsenal,Sunderland,4,1
8024,Premier League,2013/2014,Cardiff,Hull,0,4
8025,Premier League,2013/2014,Chelsea,Everton,1,0
8026,Premier League,2013/2014,Crystal Palace,Man United,0,2
8027,Premier League,2013/2014,Man City,Stoke,1,0
8028,Premier League,2013/2014,West Brom,Fulham,1,1
8029,Premier League,2013/2014,West Ham,Southampton,3,1
8030,Premier League,2013/2014,Liverpool,Swansea,4,3
8031,Premier League,2013/2014,Newcastle,Aston Villa,1,0
8032,Premier League,2013/2014,Norwich,Tottenham,1,0
8033,Premier League,2013/2014,Everton,West Ham,1,0
8034,Premier League,2013/2014,Fulham,Chelsea,1,3
8035,Premier League,2013/2014,Hull,Newcastle,1,4
8036,Premier League,2013/2014,Southampton,Liverpool,0,3
8037,Premier League,2013/2014,Stoke,Arsenal,1,0
8038,Premier League,2013/2014,Aston Villa,Norwich,4,1
8039,Premier League,2013/2014,Swansea,Crystal Palace,1,1
8040,Premier League,2013/2014,Tottenham,Cardiff,1,0
8041,Premier League,2013/2014,Cardiff,Fulham,3,1
8042,Premier League,2013/2014,Chelsea,Tottenham,4,0
8043,Premier League,2013/2014,Crystal Palace,Southampton,0,1
8044,Premier League,2013/2014,Norwich,Stoke,1,1
8045,Premier League,2013/2014,West Brom,Man United,0,3
8046,Premier League,2013/2014,Aston Villa,Chelsea,1,0
8047,Premier League,2013/2014,Everton,Cardiff,2,1
8048,Premier League,2013/2014,Fulham,Newcastle,1,0
8049,Premier League,2013/2014,Hull,Man City,0,2
8050,Premier League,2013/2014,Southampton,Norwich,4,2
8051,Premier League,2013/2014,Stoke,West Ham,3,1
8052,Premier League,2013/2014,Sunderland,Crystal Palace,0,0
8053,Premier League,2013/2014,Swansea,West Brom,1,2
8054,Premier League,2013/2014,Man United,Liverpool,0,3
8055,Premier League,2013/2014,Tottenham,Arsenal,0,1
8056,Premier League,2013/2014,Cardiff,Liverpool,3,6
8057,Premier League,2013/2014,Chelsea,Arsenal,6,0
8058,Premier League,2013/2014,Everton,Swansea,3,2
8059,Premier League,2013/2014,Hull,West Brom,2,0
8060,Premier League,2013/2014,Man City,Fulham,5,0
8061,Premier League,2013/2014,Newcastle,Crystal Palace,1,0
8062,Premier League,2013/2014,Norwich,Sunderland,2,0
8063,Premier League,2013/2014,West Ham,Man United,0,2
8064,Premier League,2013/2014,Aston Villa,Stoke,1,4
8065,Premier League,2013/2014,Tottenham,Southampton,3,2
8066,Premier League,2013/2014,Arsenal,Swansea,2,2
8067,Premier League,2013/2014,Man United,Man City,0,3
8068,Premier League,2013/2014,Newcastle,Everton,0,3
8069,Premier League,2013/2014,Liverpool,Sunderland,2,1
8070,Premier League,2013/2014,West Ham,Hull,2,1
8071,Premier League,2013/2014,Arsenal,Man City,1,1
8072,Premier League,2013/2014,Crystal Palace,Chelsea,1,0
8073,Premier League,2013/2014,Man United,Aston Villa,4,1
8074,Premier League,2013/2014,Southampton,Newcastle,4,0
8075,Premier League,2013/2014,Stoke,Hull,1,0
8076,Premier League,2013/2014,Swansea,Norwich,3,0
8077,Premier League,2013/2014,West Brom,Cardiff,3,3
8078,Premier League,2013/2014,Fulham,Everton,1,3
8079,Premier League,2013/2014,Liverpool,Tottenham,4,0
8080,Premier League,2013/2014,Sunderland,West Ham,1,2
8081,Premier League,2013/2014,Aston Villa,Fulham,1,2
8082,Premier League,2013/2014,Cardiff,Crystal Palace,0,3
8083,Premier League,2013/2014,Chelsea,Stoke,3,0
8084,Premier League,2013/2014,Hull,Swansea,1,0
8085,Premier League,2013/2014,Man City,Southampton,4,1
8086,Premier League,2013/2014,Newcastle,Man United,0,4
8087,Premier League,2013/2014,Norwich,West Brom,0,1
8088,Premier League,2013/2014,Everton,Arsenal,3,0
8089,Premier League,2013/2014,West Ham,Liverpool,1,2
8090,Premier League,2013/2014,Tottenham,Sunderland,5,1
8091,Premier League,2013/2014,Crystal Palace,Aston Villa,1,0
8092,Premier League,2013/2014,Fulham,Norwich,1,0
8093,Premier League,2013/2014,Southampton,Cardiff,0,1
8094,Premier League,2013/2014,Stoke,Newcastle,1,0
8095,Premier League,2013/2014,Sunderland,Everton,0,1
8096,Premier League,2013/2014,West Brom,Tottenham,3,3
8097,Premier League,2013/2014,Liverpool,Man City,3,2
8098,Premier League,2013/2014,Swansea,Chelsea,0,1
8099,Premier League,2013/2014,Arsenal,West Ham,3,1
8100,Premier League,2013/2014,Everton,Crystal Palace,2,3
8101,Premier League,2013/2014,Man City,Sunderland,2,2
8102,Premier League,2013/2014,Aston Villa,Southampton,0,0
8103,Premier League,2013/2014,Cardiff,Stoke,1,1
8104,Premier League,2013/2014,Chelsea,Sunderland,1,2
8105,Premier League,2013/2014,Newcastle,Swansea,1,2
8106,Premier League,2013/2014,Tottenham,Fulham,3,1
8107,Premier League,2013/2014,West Ham,Crystal Palace,0,1
8108,Premier League,2013/2014,Everton,Man United,2,0
8109,Premier League,2013/2014,Hull,Arsenal,0,3
8110,Premier League,2013/2014,Norwich,Liverpool,2,3
8111,Premier League,2013/2014,Man City,West Brom,3,1
8112,Premier League,2013/2014,Fulham,Hull,2,2
8113,Premier League,2013/2014,Man United,Norwich,4,0
8114,Premier League,2013/2014,Southampton,Everton,2,0
8115,Premier League,2013/2014,Stoke,Tottenham,0,1
8116,Premier League,2013/2014,Swansea,Aston Villa,4,1
8117,Premier League,2013/2014,West Brom,West Ham,1,0
8118,Premier League,2013/2014,Crystal Palace,Man City,0,2
8119,Premier League,2013/2014,Liverpool,Chelsea,0,2
8120,Premier League,2013/2014,Sunderland,Cardiff,4,0
8121,Premier League,2013/2014,Arsenal,Newcastle,3,0
8122,Premier League,2013/2014,Aston Villa,Hull,3,1
8123,Premier League,2013/2014,Everton,Man City,2,3
8124,Premier League,2013/2014,Man United,Sunderland,0,1
8125,Premier League,2013/2014,Newcastle,Cardiff,3,0
8126,Premier League,2013/2014,Stoke,Fulham,4,1
8127,Premier League,2013/2014,Swansea,Southampton,0,1
8128,Premier League,2013/2014,West Ham,Tottenham,2,0
8129,Premier League,2013/2014,Arsenal,West Brom,1,0
8130,Premier League,2013/2014,Chelsea,Norwich,0,0
8131,Premier League,2013/2014,Crystal Palace,Liverpool,3,3
8132,Premier League,2013/2014,Man United,Hull,3,1
8133,Premier League,2013/2014,Man City,Aston Villa,4,0
8134,Premier League,2013/2014,Sunderland,West Brom,2,0
8135,Premier League,2013/2014,Cardiff,Chelsea,1,2
8136,Premier League,2013/2014,Fulham,Crystal Palace,2,2
8137,Premier League,2013/2014,Hull,Everton,0,2
8138,Premier League,2013/2014,Liverpool,Newcastle,2,1
8139,Premier League,2013/2014,Man City,West Ham,2,0
8140,Premier League,2013/2014,Norwich,Arsenal,0,2
8141,Premier League,2013/2014,Southampton,Man United,1,1
8142,Premier League,2013/2014,Sunderland,Swansea,1,3
8143,Premier League,2013/2014,Tottenham,Aston Villa,3,0
8144,Premier League,2013/2014,West Brom,Stoke,1,2
8145,Premier League,2014/2015,Arsenal,Crystal Palace,2,1
8146,Premier League,2014/2015,Leicester,Everton,2,2
8147,Premier League,2014/2015,Man United,Swansea,1,2
8148,Premier League,2014/2015,QPR,Hull,0,1
8149,Premier League,2014/2015,Stoke,Aston Villa,0,1
8150,Premier League,2014/2015,West Brom,Sunderland,2,2
8151,Premier League,2014/2015,West Ham,Tottenham,0,1
8152,Premier League,2014/2015,Liverpool,Southampton,2,1
8153,Premier League,2014/2015,Newcastle,Man City,0,2
8154,Premier League,2014/2015,Burnley,Chelsea,1,3
8155,Premier League,2014/2015,Aston Villa,Newcastle,0,0
8156,Premier League,2014/2015,Chelsea,Leicester,2,0
8157,Premier League,2014/2015,Crystal Palace,West Ham,1,3
8158,Premier League,2014/2015,Everton,Arsenal,2,2
8159,Premier League,2014/2015,Southampton,West Brom,0,0
8160,Premier League,2014/2015,Swansea,Burnley,1,0
8161,Premier League,2014/2015,Hull,Stoke,1,1
8162,Premier League,2014/2015,Sunderland,Man United,1,1
8163,Premier League,2014/2015,Tottenham,QPR,4,0
8164,Premier League,2014/2015,Man City,Liverpool,3,1
8165,Premier League,2014/2015,Burnley,Man United,0,0
8166,Premier League,2014/2015,Everton,Chelsea,3,6
8167,Premier League,2014/2015,Man City,Stoke,0,1
8168,Premier League,2014/2015,Newcastle,Crystal Palace,3,3
8169,Premier League,2014/2015,QPR,Sunderland,1,0
8170,Premier League,2014/2015,Swansea,West Brom,3,0
8171,Premier League,2014/2015,West Ham,Southampton,1,3
8172,Premier League,2014/2015,Aston Villa,Hull,2,1
8173,Premier League,2014/2015,Leicester,Arsenal,1,1
8174,Premier League,2014/2015,Tottenham,Liverpool,0,3
8175,Premier League,2014/2015,Arsenal,Man City,2,2
8176,Premier League,2014/2015,Chelsea,Swansea,4,2
8177,Premier League,2014/2015,Crystal Palace,Burnley,0,0
8178,Premier League,2014/2015,Liverpool,Aston Villa,0,1
8179,Premier League,2014/2015,Southampton,Newcastle,4,0
8180,Premier League,2014/2015,Stoke,Leicester,0,1
8181,Premier League,2014/2015,Sunderland,Tottenham,2,2
8182,Premier League,2014/2015,West Brom,Everton,0,2
8183,Premier League,2014/2015,Man United,QPR,4,0
8184,Premier League,2014/2015,Hull,West Ham,2,2
8185,Premier League,2014/2015,Aston Villa,Arsenal,0,3
8186,Premier League,2014/2015,Burnley,Sunderland,0,0
8187,Premier League,2014/2015,Newcastle,Hull,2,2
8188,Premier League,2014/2015,QPR,Stoke,2,2
8189,Premier League,2014/2015,Swansea,Southampton,0,1
8190,Premier League,2014/2015,West Ham,Liverpool,3,1
8191,Premier League,2014/2015,Everton,Crystal Palace,2,3
8192,Premier League,2014/2015,Leicester,Man United,5,3
8193,Premier League,2014/2015,Man City,Chelsea,1,1
8194,Premier League,2014/2015,Tottenham,West Brom,0,1
8195,Premier League,2014/2015,Arsenal,Tottenham,1,1
8196,Premier League,2014/2015,Chelsea,Aston Villa,3,0
8197,Premier League,2014/2015,Crystal Palace,Leicester,2,0
8198,Premier League,2014/2015,Hull,Man City,2,4
8199,Premier League,2014/2015,Liverpool,Everton,1,1
8200,Premier League,2014/2015,Man United,West Ham,2,1
8201,Premier League,2014/2015,Southampton,QPR,2,1
8202,Premier League,2014/2015,Sunderland,Swansea,0,0
8203,Premier League,2014/2015,West Brom,Burnley,4,0
8204,Premier League,2014/2015,Stoke,Newcastle,1,0
8205,Premier League,2014/2015,Aston Villa,Man City,0,2
8206,Premier League,2014/2015,Hull,Crystal Palace,2,0
8207,Premier League,2014/2015,Leicester,Burnley,2,2
8208,Premier League,2014/2015,Liverpool,West Brom,2,1
8209,Premier League,2014/2015,Sunderland,Stoke,3,1
8210,Premier League,2014/2015,Swansea,Newcastle,2,2
8211,Premier League,2014/2015,Chelsea,Arsenal,2,0
8212,Premier League,2014/2015,Man United,Everton,2,1
8213,Premier League,2014/2015,Tottenham,Southampton,1,0
8214,Premier League,2014/2015,West Ham,QPR,2,0
8215,Premier League,2014/2015,Arsenal,Hull,2,2
8216,Premier League,2014/2015,Burnley,West Ham,1,3
8217,Premier League,2014/2015,Crystal Palace,Chelsea,1,2
8218,Premier League,2014/2015,Everton,Aston Villa,3,0
8219,Premier League,2014/2015,Man City,Tottenham,4,1
8220,Premier League,2014/2015,Newcastle,Leicester,1,0
8221,Premier League,2014/2015,Southampton,Sunderland,8,0
8222,Premier League,2014/2015,QPR,Liverpool,2,3
8223,Premier League,2014/2015,Stoke,Swansea,2,1
8224,Premier League,2014/2015,West Brom,Man United,2,2
8225,Premier League,2014/2015,Liverpool,Hull,0,0
8226,Premier League,2014/2015,Southampton,Stoke,1,0
8227,Premier League,2014/2015,Sunderland,Arsenal,0,2
8228,Premier League,2014/2015,Swansea,Leicester,2,0
8229,Premier League,2014/2015,West Brom,Crystal Palace,2,2
8230,Premier League,2014/2015,West Ham,Man City,2,1
8231,Premier League,2014/2015,Burnley,Everton,1,3
8232,Premier League,2014/2015,Man United,Chelsea,1,1
8233,Premier League,2014/2015,Tottenham,Newcastle,1,2
8234,Premier League,2014/2015,QPR,Aston Villa,2,0
8235,Premier League,2014/2015,Arsenal,Burnley,3,0
8236,Premier League,2014/2015,Chelsea,QPR,2,1
8237,Premier League,2014/2015,Everton,Swansea,0,0
8238,Premier League,2014/2015,Hull,Southampton,0,1
8239,Premier League,2014/2015,Leicester,West Brom,0,1
8240,Premier League,2014/2015,Newcastle,Liverpool,1,0
8241,Premier League,2014/2015,Stoke,West Ham,2,2
8242,Premier League,2014/2015,Aston Villa,Tottenham,1,2
8243,Premier League,2014/2015,Man City,Man United,1,0
8244,Premier League,2014/2015,Crystal Palace,Sunderland,1,3
8245,Premier League,2014/2015,Burnley,Hull,1,0
8246,Premier League,2014/2015,Liverpool,Chelsea,1,2
8247,Premier League,2014/2015,Man United,Crystal Palace,1,0
8248,Premier League,2014/2015,QPR,Man City,2,2
8249,Premier League,2014/2015,Southampton,Leicester,2,0
8250,Premier League,2014/2015,West Ham,Aston Villa,0,0
8251,Premier League,2014/2015,Sunderland,Everton,1,1
8252,Premier League,2014/2015,Swansea,Arsenal,2,1
8253,Premier League,2014/2015,Tottenham,Stoke,1,2
8254,Premier League,2014/2015,West Brom,Newcastle,0,2
8255,Premier League,2014/2015,Arsenal,Man United,1,2
8256,Premier League,2014/2015,Chelsea,West Brom,2,0
8257,Premier League,2014/2015,Everton,West Ham,2,1
8258,Premier League,2014/2015,Leicester,Sunderland,0,0
8259,Premier League,2014/2015,Man City,Swansea,2,1
8260,Premier League,2014/2015,Newcastle,QPR,1,0
8261,Premier League,2014/2015,Stoke,Burnley,1,2
8262,Premier League,2014/2015,Crystal Palace,Liverpool,3,1
8263,Premier League,2014/2015,Hull,Tottenham,1,2
8264,Premier League,2014/2015,Aston Villa,Southampton,1,1
8265,Premier League,2014/2015,Burnley,Aston Villa,1,1
8266,Premier League,2014/2015,Liverpool,Stoke,1,0
8267,Premier League,2014/2015,Man United,Hull,3,0
8268,Premier League,2014/2015,QPR,Leicester,3,2
8269,Premier League,2014/2015,Sunderland,Chelsea,0,0
8270,Premier League,2014/2015,Swansea,Crystal Palace,1,1
8271,Premier League,2014/2015,West Brom,Arsenal,0,1
8272,Premier League,2014/2015,West Ham,Newcastle,1,0
8273,Premier League,2014/2015,Southampton,Man City,0,3
8274,Premier League,2014/2015,Tottenham,Everton,2,1
8275,Premier League,2014/2015,Burnley,Newcastle,1,1
8276,Premier League,2014/2015,Crystal Palace,Aston Villa,0,1
8277,Premier League,2014/2015,Leicester,Liverpool,1,3
8278,Premier League,2014/2015,Man United,Stoke,2,1
8279,Premier League,2014/2015,Swansea,QPR,2,0
8280,Premier League,2014/2015,West Brom,West Ham,1,2
8281,Premier League,2014/2015,Arsenal,Southampton,1,0
8282,Premier League,2014/2015,Chelsea,Tottenham,3,0
8283,Premier League,2014/2015,Everton,Hull,1,1
8284,Premier League,2014/2015,Sunderland,Man City,1,4
8285,Premier League,2014/2015,Hull,West Brom,0,0
8286,Premier League,2014/2015,Liverpool,Sunderland,0,0
8287,Premier League,2014/2015,Man City,Everton,1,0
8288,Premier League,2014/2015,Newcastle,Chelsea,2,1
8289,Premier League,2014/2015,QPR,Burnley,2,0
8290,Premier League,2014/2015,Stoke,Arsenal,3,2
8291,Premier League,2014/2015,Tottenham,Crystal Palace,0,0
8292,Premier League,2014/2015,Aston Villa,Leicester,2,1
8293,Premier League,2014/2015,West Ham,Swansea,3,1
8294,Premier League,2014/2015,Southampton,Man United,1,2
8295,Premier League,2014/2015,Arsenal,Newcastle,4,1
8296,Premier League,2014/2015,Burnley,Southampton,1,0
8297,Premier League,2014/2015,Chelsea,Hull,2,0
8298,Premier League,2014/2015,Crystal Palace,Stoke,1,1
8299,Premier League,2014/2015,Leicester,Man City,0,1
8300,Premier League,2014/2015,Sunderland,West Ham,1,1
8301,Premier League,2014/2015,West Brom,Aston Villa,1,0
8302,Premier League,2014/2015,Man United,Liverpool,3,0
8303,Premier League,2014/2015,Swansea,Tottenham,1,2
8304,Premier League,2014/2015,Everton,QPR,3,1
8305,Premier League,2014/2015,Aston Villa,Man United,1,1
8306,Premier League,2014/2015,Hull,Swansea,0,1
8307,Premier League,2014/2015,Man City,Crystal Palace,3,0
8308,Premier League,2014/2015,QPR,West Brom,3,2
8309,Premier League,2014/2015,Southampton,Everton,3,0
8310,Premier League,2014/2015,Tottenham,Burnley,2,1
8311,Premier League,2014/2015,West Ham,Leicester,2,0
8312,Premier League,2014/2015,Liverpool,Arsenal,2,2
8313,Premier League,2014/2015,Newcastle,Sunderland,0,1
8314,Premier League,2014/2015,Stoke,Chelsea,0,2
8315,Premier League,2014/2015,Arsenal,QPR,2,1
8316,Premier League,2014/2015,Burnley,Liverpool,0,1
8317,Premier League,2014/2015,Chelsea,West Ham,2,0
8318,Premier League,2014/2015,Crystal Palace,Southampton,1,3
8319,Premier League,2014/2015,Everton,Stoke,0,1
8320,Premier League,2014/2015,Leicester,Tottenham,1,2
8321,Premier League,2014/2015,Man United,Newcastle,3,1
8322,Premier League,2014/2015,Sunderland,Hull,1,3
8323,Premier League,2014/2015,Swansea,Aston Villa,1,0
8324,Premier League,2014/2015,West Brom,Man City,1,3
8325,Premier League,2014/2015,Aston Villa,Sunderland,0,0
8326,Premier League,2014/2015,Hull,Leicester,0,1
8327,Premier League,2014/2015,Man City,Burnley,2,2
8328,Premier League,2014/2015,Newcastle,Everton,3,2
8329,Premier League,2014/2015,QPR,Crystal Palace,0,0
8330,Premier League,2014/2015,Southampton,Chelsea,1,1
8331,Premier League,2014/2015,Stoke,West Brom,2,0
8332,Premier League,2014/2015,Tottenham,Man United,0,0
8333,Premier League,2014/2015,West Ham,Arsenal,1,2
8334,Premier League,2014/2015,Liverpool,Swansea,4,1
8335,Premier League,2014/2015,Aston Villa,Crystal Palace,0,0
8336,Premier League,2014/2015,Hull,Everton,2,0
8337,Premier League,2014/2015,Liverpool,Leicester,2,2
8338,Premier League,2014/2015,Man City,Sunderland,3,2
8339,Premier League,2014/2015,Newcastle,Burnley,3,3
8340,Premier League,2014/2015,QPR,Swansea,1,1
8341,Premier League,2014/2015,Southampton,Arsenal,2,0
8342,Premier League,2014/2015,Stoke,Man United,1,1
8343,Premier League,2014/2015,Tottenham,Chelsea,5,3
8344,Premier League,2014/2015,West Ham,West Brom,1,1
8345,Premier League,2014/2015,Burnley,QPR,2,1
8346,Premier League,2014/2015,Chelsea,Newcastle,2,0
8347,Premier League,2014/2015,Crystal Palace,Tottenham,2,1
8348,Premier League,2014/2015,Everton,Man City,1,1
8349,Premier League,2014/2015,Leicester,Aston Villa,1,0
8350,Premier League,2014/2015,Sunderland,Liverpool,0,1
8351,Premier League,2014/2015,Swansea,West Ham,1,1
8352,Premier League,2014/2015,West Brom,Hull,1,0
8353,Premier League,2014/2015,Arsenal,Stoke,3,0
8354,Premier League,2014/2015,Man United,Southampton,0,1
8355,Premier League,2014/2015,Aston Villa,Liverpool,0,2
8356,Premier League,2014/2015,Burnley,Crystal Palace,2,3
8357,Premier League,2014/2015,Leicester,Stoke,0,1
8358,Premier League,2014/2015,Newcastle,Southampton,1,2
8359,Premier League,2014/2015,QPR,Man United,0,2
8360,Premier League,2014/2015,Swansea,Chelsea,0,5
8361,Premier League,2014/2015,Tottenham,Sunderland,2,1
8362,Premier League,2014/2015,Man City,Arsenal,0,2
8363,Premier League,2014/2015,West Ham,Hull,3,0
8364,Premier League,2014/2015,Everton,West Brom,0,0
8365,Premier League,2014/2015,Chelsea,Man City,1,1
8366,Premier League,2014/2015,Crystal Palace,Everton,0,1
8367,Premier League,2014/2015,Hull,Newcastle,0,3
8368,Premier League,2014/2015,Liverpool,West Ham,2,0
8369,Premier League,2014/2015,Man United,Leicester,3,1
8370,Premier League,2014/2015,Stoke,QPR,3,1
8371,Premier League,2014/2015,Sunderland,Burnley,2,0
8372,Premier League,2014/2015,West Brom,Tottenham,0,3
8373,Premier League,2014/2015,Arsenal,Aston Villa,5,0
8374,Premier League,2014/2015,Southampton,Swansea,0,1
8375,Premier League,2014/2015,Aston Villa,Chelsea,1,2
8376,Premier League,2014/2015,Everton,Liverpool,0,0
8377,Premier League,2014/2015,Leicester,Crystal Palace,0,1
8378,Premier League,2014/2015,Man City,Hull,1,1
8379,Premier League,2014/2015,QPR,Southampton,0,1
8380,Premier League,2014/2015,Swansea,Sunderland,1,1
8381,Premier League,2014/2015,Tottenham,Arsenal,2,1
8382,Premier League,2014/2015,Burnley,West Brom,2,2
8383,Premier League,2014/2015,Newcastle,Stoke,1,1
8384,Premier League,2014/2015,West Ham,Man United,1,1
8385,Premier League,2014/2015,Arsenal,Leicester,2,1
8386,Premier League,2014/2015,Hull,Aston Villa,2,0
8387,Premier League,2014/2015,Liverpool,Tottenham,3,2
8388,Premier League,2014/2015,Sunderland,QPR,0,2
8389,Premier League,2014/2015,Chelsea,Everton,1,0
8390,Premier League,2014/2015,Crystal Palace,Newcastle,1,1
8391,Premier League,2014/2015,Man United,Burnley,3,1
8392,Premier League,2014/2015,Southampton,West Ham,0,0
8393,Premier League,2014/2015,Stoke,Man City,1,4
8394,Premier League,2014/2015,West Brom,Swansea,2,0
8395,Premier League,2014/2015,Aston Villa,Stoke,1,2
8396,Premier League,2014/2015,Chelsea,Burnley,1,1
8397,Premier League,2014/2015,Crystal Palace,Arsenal,1,2
8398,Premier League,2014/2015,Hull,QPR,2,1
8399,Premier League,2014/2015,Man City,Newcastle,5,0
8400,Premier League,2014/2015,Sunderland,West Brom,0,0
8401,Premier League,2014/2015,Swansea,Man United,2,1
8402,Premier League,2014/2015,Everton,Leicester,2,2
8403,Premier League,2014/2015,Southampton,Liverpool,0,2
8404,Premier League,2014/2015,Tottenham,West Ham,2,2
8405,Premier League,2014/2015,Burnley,Swansea,0,1
8406,Premier League,2014/2015,Man United,Sunderland,2,0
8407,Premier League,2014/2015,Newcastle,Aston Villa,1,0
8408,Premier League,2014/2015,Stoke,Hull,1,0
8409,Premier League,2014/2015,West Brom,Southampton,1,0
8410,Premier League,2014/2015,West Ham,Crystal Palace,1,3
8411,Premier League,2014/2015,Arsenal,Everton,2,0
8412,Premier League,2014/2015,Liverpool,Man City,2,1
8413,Premier League,2014/2015,Aston Villa,West Brom,2,1
8414,Premier League,2014/2015,Hull,Sunderland,1,1
8415,Premier League,2014/2015,Southampton,Crystal Palace,1,0
8416,Premier League,2014/2015,Liverpool,Burnley,2,0
8417,Premier League,2014/2015,Man City,Leicester,2,0
8418,Premier League,2014/2015,Newcastle,Man United,0,1
8419,Premier League,2014/2015,QPR,Arsenal,1,2
8420,Premier League,2014/2015,Stoke,Everton,2,0
8421,Premier League,2014/2015,Tottenham,Swansea,3,2
8422,Premier League,2014/2015,West Ham,Chelsea,0,1
8423,Premier League,2014/2015,QPR,Tottenham,1,2
8424,Premier League,2014/2015,Arsenal,West Ham,3,0
8425,Premier League,2014/2015,Burnley,Man City,1,0
8426,Premier League,2014/2015,Crystal Palace,QPR,3,1
8427,Premier League,2014/2015,Leicester,Hull,0,0
8428,Premier League,2014/2015,Sunderland,Aston Villa,0,4
8429,Premier League,2014/2015,West Brom,Stoke,1,0
8430,Premier League,2014/2015,Chelsea,Southampton,1,1
8431,Premier League,2014/2015,Everton,Newcastle,3,0
8432,Premier League,2014/2015,Man United,Tottenham,3,0
8433,Premier League,2014/2015,Swansea,Liverpool,0,1
8434,Premier League,2014/2015,Aston Villa,Swansea,0,1
8435,Premier League,2014/2015,Man City,West Brom,3,0
8436,Premier League,2014/2015,Newcastle,Arsenal,1,2
8437,Premier League,2014/2015,Southampton,Burnley,2,0
8438,Premier League,2014/2015,Stoke,Crystal Palace,1,2
8439,Premier League,2014/2015,Tottenham,Leicester,4,3
8440,Premier League,2014/2015,West Ham,Sunderland,1,0
8441,Premier League,2014/2015,Hull,Chelsea,2,3
8442,Premier League,2014/2015,Liverpool,Man United,1,2
8443,Premier League,2014/2015,QPR,Everton,1,2
8444,Premier League,2014/2015,Arsenal,Liverpool,4,1
8445,Premier League,2014/2015,Chelsea,Stoke,2,1
8446,Premier League,2014/2015,Everton,Southampton,1,0
8447,Premier League,2014/2015,Leicester,West Ham,2,1
8448,Premier League,2014/2015,Man United,Aston Villa,3,1
8449,Premier League,2014/2015,Swansea,Hull,3,1
8450,Premier League,2014/2015,West Brom,QPR,1,4
8451,Premier League,2014/2015,Burnley,Tottenham,0,0
8452,Premier League,2014/2015,Sunderland,Newcastle,1,0
8453,Premier League,2014/2015,Crystal Palace,Man City,2,1
8454,Premier League,2014/2015,Aston Villa,QPR,3,3
8455,Premier League,2014/2015,Burnley,Arsenal,0,1
8456,Premier League,2014/2015,Southampton,Hull,2,0
8457,Premier League,2014/2015,Sunderland,Crystal Palace,1,4
8458,Premier League,2014/2015,Swansea,Everton,1,1
8459,Premier League,2014/2015,Tottenham,Aston Villa,0,1
8460,Premier League,2014/2015,West Brom,Leicester,2,3
8461,Premier League,2014/2015,West Ham,Stoke,1,1
8462,Premier League,2014/2015,Man United,Man City,4,2
8463,Premier League,2014/2015,QPR,Chelsea,0,1
8464,Premier League,2014/2015,Liverpool,Newcastle,2,0
8465,Premier League,2014/2015,Chelsea,Man United,1,0
8466,Premier League,2014/2015,Crystal Palace,West Brom,0,2
8467,Premier League,2014/2015,Everton,Burnley,1,0
8468,Premier League,2014/2015,Leicester,Swansea,2,0
8469,Premier League,2014/2015,Stoke,Southampton,2,1
8470,Premier League,2014/2015,Man City,West Ham,2,0
8471,Premier League,2014/2015,Newcastle,Tottenham,1,3
8472,Premier League,2014/2015,Burnley,Leicester,0,1
8473,Premier League,2014/2015,Crystal Palace,Hull,0,2
8474,Premier League,2014/2015,Man City,Aston Villa,3,2
8475,Premier League,2014/2015,Newcastle,Swansea,2,3
8476,Premier League,2014/2015,QPR,West Ham,0,0
8477,Premier League,2014/2015,Southampton,Tottenham,2,2
8478,Premier League,2014/2015,Stoke,Sunderland,1,1
8479,Premier League,2014/2015,West Brom,Liverpool,0,0
8480,Premier League,2014/2015,Arsenal,Chelsea,0,0
8481,Premier League,2014/2015,Everton,Man United,3,0
8482,Premier League,2014/2015,Hull,Liverpool,1,0
8483,Premier League,2014/2015,Leicester,Chelsea,1,3
8484,Premier League,2014/2015,Aston Villa,Everton,3,2
8485,Premier League,2014/2015,Leicester,Newcastle,3,0
8486,Premier League,2014/2015,Liverpool,QPR,2,1
8487,Premier League,2014/2015,Man United,West Brom,0,1
8488,Premier League,2014/2015,Sunderland,Southampton,2,1
8489,Premier League,2014/2015,Swansea,Stoke,2,0
8490,Premier League,2014/2015,West Ham,Burnley,1,0
8491,Premier League,2014/2015,Chelsea,Crystal Palace,1,0
8492,Premier League,2014/2015,Tottenham,Man City,0,1
8493,Premier League,2014/2015,Hull,Arsenal,1,3
8494,Premier League,2014/2015,Aston Villa,West Ham,1,0
8495,Premier League,2014/2015,Crystal Palace,Man United,1,2
8496,Premier League,2014/2015,Everton,Sunderland,0,2
8497,Premier League,2014/2015,Hull,Burnley,0,1
8498,Premier League,2014/2015,Leicester,Southampton,2,0
8499,Premier League,2014/2015,Newcastle,West Brom,1,1
8500,Premier League,2014/2015,Stoke,Tottenham,3,0
8501,Premier League,2014/2015,Chelsea,Liverpool,1,1
8502,Premier League,2014/2015,Man City,QPR,6,0
8503,Premier League,2014/2015,Arsenal,Swansea,0,1
8504,Premier League,2014/2015,Burnley,Stoke,0,0
8505,Premier League,2014/2015,Liverpool,Crystal Palace,1,3
8506,Premier League,2014/2015,QPR,Newcastle,2,1
8507,Premier League,2014/2015,Southampton,Aston Villa,6,1
8508,Premier League,2014/2015,Sunderland,Leicester,0,0
8509,Premier League,2014/2015,Tottenham,Hull,2,0
8510,Premier League,2014/2015,West Ham,Everton,1,2
8511,Premier League,2014/2015,Man United,Arsenal,1,1
8512,Premier League,2014/2015,Swansea,Man City,2,4
8513,Premier League,2014/2015,West Brom,Chelsea,3,0
8514,Premier League,2014/2015,Arsenal,Sunderland,0,0
8515,Premier League,2014/2015,Arsenal,West Brom,4,1
8516,Premier League,2014/2015,Aston Villa,Burnley,0,1
8517,Premier League,2014/2015,Chelsea,Sunderland,3,1
8518,Premier League,2014/2015,Crystal Palace,Swansea,1,0
8519,Premier League,2014/2015,Everton,Tottenham,0,1
8520,Premier League,2014/2015,Hull,Man United,0,0
8521,Premier League,2014/2015,Leicester,QPR,5,1
8522,Premier League,2014/2015,Man City,Southampton,2,0
8523,Premier League,2014/2015,Newcastle,West Ham,2,0
8524,Premier League,2014/2015,Stoke,Liverpool,6,1
8525,Premier League,2015/2016,Bournemouth,Aston Villa,0,1
8526,Premier League,2015/2016,Chelsea,Swansea,2,2
8527,Premier League,2015/2016,Everton,Watford,2,2
8528,Premier League,2015/2016,Leicester,Sunderland,4,2
8529,Premier League,2015/2016,Man United,Tottenham,1,0
8530,Premier League,2015/2016,Norwich,Crystal Palace,1,3
8531,Premier League,2015/2016,Arsenal,West Ham,0,2
8532,Premier League,2015/2016,Newcastle,Southampton,2,2
8533,Premier League,2015/2016,Stoke,Liverpool,0,1
8534,Premier League,2015/2016,West Brom,Man City,0,3
8535,Premier League,2015/2016,Aston Villa,Man United,0,1
8536,Premier League,2015/2016,Southampton,Everton,0,3
8537,Premier League,2015/2016,Sunderland,Norwich,1,3
8538,Premier League,2015/2016,Swansea,Newcastle,2,0
8539,Premier League,2015/2016,Tottenham,Stoke,2,2
8540,Premier League,2015/2016,Watford,West Brom,0,0
8541,Premier League,2015/2016,West Ham,Leicester,1,2
8542,Premier League,2015/2016,Crystal Palace,Arsenal,1,2
8543,Premier League,2015/2016,Man City,Chelsea,3,0
8544,Premier League,2015/2016,Liverpool,Bournemouth,1,0
8545,Premier League,2015/2016,Crystal Palace,Aston Villa,2,1
8546,Premier League,2015/2016,Leicester,Tottenham,1,1
8547,Premier League,2015/2016,Man United,Newcastle,0,0
8548,Premier League,2015/2016,Norwich,Stoke,1,1
8549,Premier League,2015/2016,Sunderland,Swansea,1,1
8550,Premier League,2015/2016,West Ham,Bournemouth,3,4
8551,Premier League,2015/2016,Everton,Man City,0,2
8552,Premier League,2015/2016,Watford,Southampton,0,0
8553,Premier League,2015/2016,West Brom,Chelsea,2,3
8554,Premier League,2015/2016,Arsenal,Liverpool,0,0
8555,Premier League,2015/2016,Aston Villa,Sunderland,2,2
8556,Premier League,2015/2016,Bournemouth,Leicester,1,1
8557,Premier League,2015/2016,Chelsea,Crystal Palace,1,2
8558,Premier League,2015/2016,Liverpool,West Ham,0,3
8559,Premier League,2015/2016,Man City,Watford,2,0
8560,Premier League,2015/2016,Newcastle,Arsenal,0,1
8561,Premier League,2015/2016,Stoke,West Brom,0,1
8562,Premier League,2015/2016,Tottenham,Everton,0,0
8563,Premier League,2015/2016,Southampton,Norwich,3,0
8564,Premier League,2015/2016,Swansea,Man United,2,1
8565,Premier League,2015/2016,Arsenal,Stoke,2,0
8566,Premier League,2015/2016,Crystal Palace,Man City,0,1
8567,Premier League,2015/2016,Everton,Chelsea,3,1
8568,Premier League,2015/2016,Man United,Liverpool,3,1
8569,Premier League,2015/2016,Norwich,Bournemouth,3,1
8570,Premier League,2015/2016,Watford,Swansea,1,0
8571,Premier League,2015/2016,West Brom,Southampton,0,0
8572,Premier League,2015/2016,Leicester,Aston Villa,3,2
8573,Premier League,2015/2016,Sunderland,Tottenham,0,1
8574,Premier League,2015/2016,West Ham,Newcastle,2,0
8575,Premier League,2015/2016,Aston Villa,West Brom,0,1
8576,Premier League,2015/2016,Bournemouth,Sunderland,2,0
8577,Premier League,2015/2016,Chelsea,Arsenal,2,0
8578,Premier League,2015/2016,Man City,West Ham,1,2
8579,Premier League,2015/2016,Newcastle,Watford,1,2
8580,Premier League,2015/2016,Stoke,Leicester,2,2
8581,Premier League,2015/2016,Swansea,Everton,0,0
8582,Premier League,2015/2016,Liverpool,Norwich,1,1
8583,Premier League,2015/2016,Southampton,Man United,2,3
8584,Premier League,2015/2016,Tottenham,Crystal Palace,1,0
8585,Premier League,2015/2016,Leicester,Arsenal,2,5
8586,Premier League,2015/2016,Liverpool,Aston Villa,3,2
8587,Premier League,2015/2016,Man United,Sunderland,3,0
8588,Premier League,2015/2016,Newcastle,Chelsea,2,2
8589,Premier League,2015/2016,Southampton,Swansea,3,1
8590,Premier League,2015/2016,Stoke,Bournemouth,2,1
8591,Premier League,2015/2016,Tottenham,Man City,4,1
8592,Premier League,2015/2016,West Ham,Norwich,2,2
8593,Premier League,2015/2016,Watford,Crystal Palace,0,1
8594,Premier League,2015/2016,West Brom,Everton,2,3
8595,Premier League,2015/2016,Aston Villa,Stoke,0,1
8596,Premier League,2015/2016,Bournemouth,Watford,1,1
8597,Premier League,2015/2016,Chelsea,Southampton,1,3
8598,Premier League,2015/2016,Crystal Palace,West Brom,2,0
8599,Premier League,2015/2016,Man City,Newcastle,6,1
8600,Premier League,2015/2016,Norwich,Leicester,1,2
8601,Premier League,2015/2016,Sunderland,West Ham,2,2
8602,Premier League,2015/2016,Arsenal,Man United,3,0
8603,Premier League,2015/2016,Everton,Liverpool,1,1
8604,Premier League,2015/2016,Swansea,Tottenham,2,2
8605,Premier League,2015/2016,Chelsea,Aston Villa,2,0
8606,Premier League,2015/2016,Crystal Palace,West Ham,1,3
8607,Premier League,2015/2016,Everton,Man United,0,3
8608,Premier League,2015/2016,Man City,Bournemouth,5,1
8609,Premier League,2015/2016,Southampton,Leicester,2,2
8610,Premier League,2015/2016,Tottenham,Liverpool,0,0
8611,Premier League,2015/2016,Watford,Arsenal,0,3
8612,Premier League,2015/2016,West Brom,Sunderland,1,0
8613,Premier League,2015/2016,Newcastle,Norwich,6,2
8614,Premier League,2015/2016,Swansea,Stoke,0,1
8615,Premier League,2015/2016,Arsenal,Everton,2,1
8616,Premier League,2015/2016,Aston Villa,Swansea,1,2
8617,Premier League,2015/2016,Leicester,Crystal Palace,1,0
8618,Premier League,2015/2016,Norwich,West Brom,0,1
8619,Premier League,2015/2016,Stoke,Watford,0,2
8620,Premier League,2015/2016,West Ham,Chelsea,2,1
8621,Premier League,2015/2016,Bournemouth,Tottenham,1,5
8622,Premier League,2015/2016,Liverpool,Southampton,1,1
8623,Premier League,2015/2016,Man United,Man City,0,0
8624,Premier League,2015/2016,Sunderland,Newcastle,3,0
8625,Premier League,2015/2016,Chelsea,Liverpool,1,3
8626,Premier League,2015/2016,Crystal Palace,Man United,0,0
8627,Premier League,2015/2016,Man City,Norwich,2,1
8628,Premier League,2015/2016,Newcastle,Stoke,0,0
8629,Premier League,2015/2016,Swansea,Arsenal,0,3
8630,Premier League,2015/2016,Watford,West Ham,2,0
8631,Premier League,2015/2016,West Brom,Leicester,2,3
8632,Premier League,2015/2016,Everton,Sunderland,6,2
8633,Premier League,2015/2016,Southampton,Bournemouth,2,0
8634,Premier League,2015/2016,Tottenham,Aston Villa,3,1
8635,Premier League,2015/2016,Bournemouth,Newcastle,0,1
8636,Premier League,2015/2016,Leicester,Watford,2,1
8637,Premier League,2015/2016,Man United,West Brom,2,0
8638,Premier League,2015/2016,Norwich,Swansea,1,0
8639,Premier League,2015/2016,Stoke,Chelsea,1,0
8640,Premier League,2015/2016,Sunderland,Southampton,0,1
8641,Premier League,2015/2016,West Ham,Everton,1,1
8642,Premier League,2015/2016,Arsenal,Tottenham,1,1
8643,Premier League,2015/2016,Aston Villa,Man City,0,0
8644,Premier League,2015/2016,Liverpool,Crystal Palace,1,2
8645,Premier League,2015/2016,Chelsea,Norwich,1,0
8646,Premier League,2015/2016,Everton,Aston Villa,4,0
8647,Premier League,2015/2016,Man City,Liverpool,1,4
8648,Premier League,2015/2016,Newcastle,Leicester,0,3
8649,Premier League,2015/2016,Southampton,Stoke,0,1
8650,Premier League,2015/2016,Swansea,Bournemouth,2,2
8651,Premier League,2015/2016,Watford,Man United,1,2
8652,Premier League,2015/2016,West Brom,Arsenal,2,1
8653,Premier League,2015/2016,Tottenham,West Ham,4,1
8654,Premier League,2015/2016,Crystal Palace,Sunderland,0,1
8655,Premier League,2015/2016,Aston Villa,Watford,2,3
8656,Premier League,2015/2016,Bournemouth,Everton,3,3
8657,Premier League,2015/2016,Crystal Palace,Newcastle,5,1
8658,Premier League,2015/2016,Leicester,Man United,1,1
8659,Premier League,2015/2016,Man City,Southampton,3,1
8660,Premier League,2015/2016,Sunderland,Stoke,2,0
8661,Premier League,2015/2016,Liverpool,Swansea,1,0
8662,Premier League,2015/2016,Norwich,Arsenal,1,1
8663,Premier League,2015/2016,Tottenham,Chelsea,0,0
8664,Premier League,2015/2016,West Ham,West Brom,1,1
8665,Premier League,2015/2016,Arsenal,Sunderland,3,1
8666,Premier League,2015/2016,Chelsea,Bournemouth,0,1
8667,Premier League,2015/2016,Man United,West Ham,0,0
8668,Premier League,2015/2016,Southampton,Aston Villa,1,1
8669,Premier League,2015/2016,Stoke,Man City,2,0
8670,Premier League,2015/2016,Swansea,Leicester,0,3
8671,Premier League,2015/2016,Watford,Norwich,2,0
8672,Premier League,2015/2016,West Brom,Tottenham,1,1
8673,Premier League,2015/2016,Newcastle,Liverpool,2,0
8674,Premier League,2015/2016,Everton,Crystal Palace,1,1
8675,Premier League,2015/2016,Bournemouth,Man United,2,1
8676,Premier League,2015/2016,Crystal Palace,Southampton,1,0
8677,Premier League,2015/2016,Man City,Swansea,2,1
8678,Premier League,2015/2016,Norwich,Everton,1,1
8679,Premier League,2015/2016,Sunderland,Watford,0,1
8680,Premier League,2015/2016,West Ham,Stoke,0,0
8681,Premier League,2015/2016,Aston Villa,Arsenal,0,2
8682,Premier League,2015/2016,Liverpool,West Brom,2,2
8683,Premier League,2015/2016,Tottenham,Newcastle,1,2
8684,Premier League,2015/2016,Leicester,Chelsea,2,1
8685,Premier League,2015/2016,Chelsea,Sunderland,3,1
8686,Premier League,2015/2016,Everton,Leicester,2,3
8687,Premier League,2015/2016,Man United,Norwich,1,2
8688,Premier League,2015/2016,Newcastle,Aston Villa,1,1
8689,Premier League,2015/2016,Southampton,Tottenham,0,2
8690,Premier League,2015/2016,Stoke,Crystal Palace,1,2
8691,Premier League,2015/2016,West Brom,Bournemouth,1,2
8692,Premier League,2015/2016,Swansea,West Ham,0,0
8693,Premier League,2015/2016,Watford,Liverpool,3,0
8694,Premier League,2015/2016,Arsenal,Man City,2,1
8695,Premier League,2015/2016,Aston Villa,West Ham,1,1
8696,Premier League,2015/2016,Bournemouth,Crystal Palace,0,0
8697,Premier League,2015/2016,Chelsea,Watford,2,2
8698,Premier League,2015/2016,Liverpool,Leicester,1,0
8699,Premier League,2015/2016,Man City,Sunderland,4,1
8700,Premier League,2015/2016,Newcastle,Everton,0,1
8701,Premier League,2015/2016,Southampton,Arsenal,4,0
8702,Premier League,2015/2016,Stoke,Man United,2,0
8703,Premier League,2015/2016,Swansea,West Brom,1,0
8704,Premier League,2015/2016,Tottenham,Norwich,3,0
8705,Premier League,2015/2016,Arsenal,Bournemouth,2,0
8706,Premier League,2015/2016,Crystal Palace,Swansea,0,0
8707,Premier League,2015/2016,Everton,Stoke,3,4
8708,Premier League,2015/2016,Man United,Chelsea,0,0
8709,Premier League,2015/2016,Norwich,Aston Villa,2,0
8710,Premier League,2015/2016,Watford,Tottenham,1,2
8711,Premier League,2015/2016,West Brom,Newcastle,1,0
8712,Premier League,2015/2016,West Ham,Southampton,2,1
8713,Premier League,2015/2016,Leicester,Man City,0,0
8714,Premier League,2015/2016,Sunderland,Liverpool,0,1
8715,Premier League,2015/2016,Arsenal,Newcastle,1,0
8716,Premier League,2015/2016,Leicester,Bournemouth,0,0
8717,Premier League,2015/2016,Man United,Swansea,2,1
8718,Premier League,2015/2016,Norwich,Southampton,1,0
8719,Premier League,2015/2016,Sunderland,Aston Villa,3,1
8720,Premier League,2015/2016,Watford,Man City,1,2
8721,Premier League,2015/2016,West Brom,Stoke,2,1
8722,Premier League,2015/2016,West Ham,Liverpool,2,0
8723,Premier League,2015/2016,Crystal Palace,Chelsea,0,3
8724,Premier League,2015/2016,Everton,Tottenham,1,1
8725,Premier League,2015/2016,Aston Villa,Crystal Palace,1,0
8726,Premier League,2015/2016,Bournemouth,West Ham,1,3
8727,Premier League,2015/2016,Newcastle,Man United,3,3
8728,Premier League,2015/2016,Chelsea,West Brom,2,2
8729,Premier League,2015/2016,Liverpool,Arsenal,3,3
8730,Premier League,2015/2016,Man City,Everton,0,0
8731,Premier League,2015/2016,Southampton,Watford,2,0
8732,Premier League,2015/2016,Stoke,Norwich,3,1
8733,Premier League,2015/2016,Swansea,Sunderland,2,4
8734,Premier League,2015/2016,Tottenham,Leicester,0,1
8735,Premier League,2015/2016,Aston Villa,Leicester,1,1
8736,Premier League,2015/2016,Bournemouth,Norwich,3,0
8737,Premier League,2015/2016,Chelsea,Everton,3,3
8738,Premier League,2015/2016,Man City,Crystal Palace,4,0
8739,Premier League,2015/2016,Newcastle,West Ham,2,1
8740,Premier League,2015/2016,Southampton,West Brom,3,0
8741,Premier League,2015/2016,Tottenham,Sunderland,4,1
8742,Premier League,2015/2016,Liverpool,Man United,0,1
8743,Premier League,2015/2016,Stoke,Arsenal,0,0
8744,Premier League,2015/2016,Swansea,Watford,1,0
8745,Premier League,2015/2016,Crystal Palace,Tottenham,1,3
8746,Premier League,2015/2016,Leicester,Stoke,3,0
8747,Premier League,2015/2016,Man United,Southampton,0,1
8748,Premier League,2015/2016,Norwich,Liverpool,4,5
8749,Premier League,2015/2016,Sunderland,Bournemouth,1,1
8750,Premier League,2015/2016,Watford,Newcastle,2,1
8751,Premier League,2015/2016,West Brom,Aston Villa,0,0
8752,Premier League,2015/2016,West Ham,Man City,2,2
8753,Premier League,2015/2016,Arsenal,Chelsea,0,1
8754,Premier League,2015/2016,Everton,Swansea,1,2
8755,Premier League,2015/2016,Arsenal,Southampton,0,0
8756,Premier League,2015/2016,Crystal Palace,Bournemouth,1,2
8757,Premier League,2015/2016,Leicester,Liverpool,2,0
8758,Premier League,2015/2016,Man United,Stoke,3,0
8759,Premier League,2015/2016,Norwich,Tottenham,0,3
8760,Premier League,2015/2016,Sunderland,Man City,0,1
8761,Premier League,2015/2016,West Brom,Swansea,1,1
8762,Premier League,2015/2016,West Ham,Aston Villa,2,0
8763,Premier League,2015/2016,Everton,Newcastle,3,0
8764,Premier League,2015/2016,Watford,Chelsea,0,0
8765,Premier League,2015/2016,Aston Villa,Norwich,2,0
8766,Premier League,2015/2016,Liverpool,Sunderland,2,2
8767,Premier League,2015/2016,Man City,Leicester,1,3
8768,Premier League,2015/2016,Newcastle,West Brom,1,0
8769,Premier League,2015/2016,Southampton,West Ham,1,0
8770,Premier League,2015/2016,Stoke,Everton,0,3
8771,Premier League,2015/2016,Swansea,Crystal Palace,1,1
8772,Premier League,2015/2016,Tottenham,Watford,1,0
8773,Premier League,2015/2016,Bournemouth,Arsenal,0,2
8774,Premier League,2015/2016,Chelsea,Man United,1,1
8775,Premier League,2015/2016,Bournemouth,Stoke,1,3
8776,Premier League,2015/2016,Chelsea,Newcastle,5,1
8777,Premier League,2015/2016,Crystal Palace,Watford,1,2
8778,Premier League,2015/2016,Everton,West Brom,0,1
8779,Premier League,2015/2016,Norwich,West Ham,2,2
8780,Premier League,2015/2016,Sunderland,Man United,2,1
8781,Premier League,2015/2016,Swansea,Southampton,0,1
8782,Premier League,2015/2016,Arsenal,Leicester,2,1
8783,Premier League,2015/2016,Aston Villa,Liverpool,0,6
8784,Premier League,2015/2016,Man City,Tottenham,1,2
8785,Premier League,2015/2016,Leicester,Norwich,1,0
8786,Premier League,2015/2016,Southampton,Chelsea,1,2
8787,Premier League,2015/2016,Stoke,Aston Villa,2,1
8788,Premier League,2015/2016,Watford,Bournemouth,0,0
8789,Premier League,2015/2016,West Brom,Crystal Palace,3,2
8790,Premier League,2015/2016,West Ham,Sunderland,1,0
8791,Premier League,2015/2016,Tottenham,Swansea,2,1
8792,Premier League,2015/2016,Man United,Arsenal,3,2
8793,Premier League,2015/2016,Aston Villa,Everton,1,3
8794,Premier League,2015/2016,Bournemouth,Southampton,2,0
8795,Premier League,2015/2016,Leicester,West Brom,2,2
8796,Premier League,2015/2016,Norwich,Chelsea,1,2
8797,Premier League,2015/2016,Sunderland,Crystal Palace,2,2
8798,Premier League,2015/2016,Arsenal,Swansea,1,2
8799,Premier League,2015/2016,Liverpool,Man City,3,0
8800,Premier League,2015/2016,Man United,Watford,1,0
8801,Premier League,2015/2016,Stoke,Newcastle,1,0
8802,Premier League,2015/2016,West Ham,Tottenham,1,0
8803,Premier League,2015/2016,Chelsea,Stoke,1,1
8804,Premier League,2015/2016,Everton,West Ham,2,3
8805,Premier League,2015/2016,Man City,Aston Villa,4,0
8806,Premier League,2015/2016,Newcastle,Bournemouth,1,3
8807,Premier League,2015/2016,Southampton,Sunderland,1,1
8808,Premier League,2015/2016,Swansea,Norwich,1,0
8809,Premier League,2015/2016,Tottenham,Arsenal,2,2
8810,Premier League,2015/2016,Watford,Leicester,0,1
8811,Premier League,2015/2016,Crystal Palace,Liverpool,1,2
8812,Premier League,2015/2016,West Brom,Man United,1,0
8813,Premier League,2015/2016,Bournemouth,Swansea,3,2
8814,Premier League,2015/2016,Norwich,Man City,0,0
8815,Premier League,2015/2016,Stoke,Southampton,1,2
8816,Premier League,2015/2016,Aston Villa,Tottenham,0,2
8817,Premier League,2015/2016,Leicester,Newcastle,1,0
8818,Premier League,2015/2016,Chelsea,West Ham,2,2
8819,Premier League,2015/2016,Crystal Palace,Leicester,0,1
8820,Premier League,2015/2016,Everton,Arsenal,0,2
8821,Premier League,2015/2016,Swansea,Aston Villa,1,0
8822,Premier League,2015/2016,Watford,Stoke,1,2
8823,Premier League,2015/2016,West Brom,Norwich,0,1
8824,Premier League,2015/2016,Man City,Man United,0,1
8825,Premier League,2015/2016,Newcastle,Sunderland,1,1
8826,Premier League,2015/2016,Southampton,Liverpool,3,2
8827,Premier League,2015/2016,Tottenham,Bournemouth,3,0
8828,Premier League,2015/2016,Arsenal,Watford,4,0
8829,Premier League,2015/2016,Aston Villa,Chelsea,0,4
8830,Premier League,2015/2016,Bournemouth,Man City,0,4
8831,Premier League,2015/2016,Liverpool,Tottenham,1,1
8832,Premier League,2015/2016,Norwich,Newcastle,3,2
8833,Premier League,2015/2016,Stoke,Swansea,2,2
8834,Premier League,2015/2016,Sunderland,West Brom,0,0
8835,Premier League,2015/2016,West Ham,Crystal Palace,2,2
8836,Premier League,2015/2016,Leicester,Southampton,1,0
8837,Premier League,2015/2016,Man United,Everton,1,0
8838,Premier League,2015/2016,Aston Villa,Bournemouth,1,2
8839,Premier League,2015/2016,Crystal Palace,Norwich,1,0
8840,Premier League,2015/2016,Man City,West Brom,2,1
8841,Premier League,2015/2016,Southampton,Newcastle,3,1
8842,Premier League,2015/2016,Swansea,Chelsea,1,0
8843,Premier League,2015/2016,Watford,Everton,1,1
8844,Premier League,2015/2016,West Ham,Arsenal,3,3
8845,Premier League,2015/2016,Liverpool,Stoke,4,1
8846,Premier League,2015/2016,Sunderland,Leicester,0,2
8847,Premier League,2015/2016,Tottenham,Man United,3,0
8848,Premier League,2015/2016,Crystal Palace,Everton,0,0
8849,Premier League,2015/2016,Chelsea,Man City,0,3
8850,Premier League,2015/2016,Everton,Southampton,1,1
8851,Premier League,2015/2016,Man United,Aston Villa,1,0
8852,Premier League,2015/2016,Newcastle,Swansea,3,0
8853,Premier League,2015/2016,Norwich,Sunderland,0,3
8854,Premier League,2015/2016,West Brom,Watford,0,1
8855,Premier League,2015/2016,Arsenal,Crystal Palace,1,1
8856,Premier League,2015/2016,Bournemouth,Liverpool,1,2
8857,Premier League,2015/2016,Leicester,West Ham,2,2
8858,Premier League,2015/2016,Stoke,Tottenham,0,4
8859,Premier League,2015/2016,Newcastle,Man City,1,1
8860,Premier League,2015/2016,Liverpool,Everton,4,0
8861,Premier League,2015/2016,Man United,Crystal Palace,2,0
8862,Premier League,2015/2016,West Ham,Watford,3,1
8863,Premier League,2015/2016,Arsenal,West Brom,2,0
8864,Premier League,2015/2016,Aston Villa,Southampton,2,4
8865,Premier League,2015/2016,Bournemouth,Chelsea,1,4
8866,Premier League,2015/2016,Liverpool,Newcastle,2,2
8867,Premier League,2015/2016,Man City,Stoke,4,0
8868,Premier League,2015/2016,Leicester,Swansea,4,0
8869,Premier League,2015/2016,Sunderland,Arsenal,0,0
8870,Premier League,2015/2016,Tottenham,West Brom,1,1
8871,Premier League,2015/2016,Arsenal,Norwich,1,0
8872,Premier League,2015/2016,Everton,Bournemouth,2,1
8873,Premier League,2015/2016,Newcastle,Crystal Palace,1,0
8874,Premier League,2015/2016,Stoke,Sunderland,1,1
8875,Premier League,2015/2016,Watford,Aston Villa,3,2
8876,Premier League,2015/2016,West Brom,West Ham,0,3
8877,Premier League,2015/2016,Man United,Leicester,1,1
8878,Premier League,2015/2016,Southampton,Man City,4,2
8879,Premier League,2015/2016,Swansea,Liverpool,3,1
8880,Premier League,2015/2016,Chelsea,Tottenham,2,2
8881,Premier League,2015/2016,Aston Villa,Newcastle,0,0
8882,Premier League,2015/2016,Bournemouth,West Brom,1,1
8883,Premier League,2015/2016,Crystal Palace,Stoke,2,1
8884,Premier League,2015/2016,Leicester,Everton,3,1
8885,Premier League,2015/2016,Norwich,Man United,0,1
8886,Premier League,2015/2016,Sunderland,Chelsea,3,2
8887,Premier League,2015/2016,West Ham,Swansea,1,4
8888,Premier League,2015/2016,Liverpool,Watford,2,0
8889,Premier League,2015/2016,Man City,Arsenal,2,2
8890,Premier League,2015/2016,Tottenham,Southampton,1,2
8891,Premier League,2015/2016,West Ham,Man United,3,2
8892,Premier League,2015/2016,Liverpool,Chelsea,1,1
8893,Premier League,2015/2016,Norwich,Watford,4,2
8894,Premier League,2015/2016,Sunderland,Everton,3,0
8895,Premier League,2015/2016,Arsenal,Aston Villa,4,0
8896,Premier League,2015/2016,Chelsea,Leicester,1,1
8897,Premier League,2015/2016,Everton,Norwich,3,0
8898,Premier League,2015/2016,Newcastle,Tottenham,5,1
8899,Premier League,2015/2016,Southampton,Crystal Palace,4,1
8900,Premier League,2015/2016,Stoke,West Ham,2,1
8901,Premier League,2015/2016,Swansea,Man City,1,1
8902,Premier League,2015/2016,Watford,Sunderland,2,2
8903,Premier League,2015/2016,West Brom,Liverpool,1,1
8904,Premier League,2015/2016,Man United,Bournemouth,3,1
8905,Premier League,2016/2017,Burnley,Swansea,0,1
8906,Premier League,2016/2017,Crystal Palace,West Brom,0,1
8907,Premier League,2016/2017,Everton,Tottenham,1,1
8908,Premier League,2016/2017,Hull,Leicester,2,1
8909,Premier League,2016/2017,Man City,Sunderland,2,1
8910,Premier League,2016/2017,Middlesbrough,Stoke,1,1
8911,Premier League,2016/2017,Southampton,Watford,1,1
8912,Premier League,2016/2017,Arsenal,Liverpool,3,4
8913,Premier League,2016/2017,Bournemouth,Man United,1,3
8914,Premier League,2016/2017,Chelsea,West Ham,2,1
8915,Premier League,2016/2017,Man United,Southampton,2,0
8916,Premier League,2016/2017,Burnley,Liverpool,2,0
8917,Premier League,2016/2017,Leicester,Arsenal,0,0
8918,Premier League,2016/2017,Stoke,Man City,1,4
8919,Premier League,2016/2017,Swansea,Hull,0,2
8920,Premier League,2016/2017,Tottenham,Crystal Palace,1,0
8921,Premier League,2016/2017,Watford,Chelsea,1,2
8922,Premier League,2016/2017,West Brom,Everton,1,2
8923,Premier League,2016/2017,Sunderland,Middlesbrough,1,2
8924,Premier League,2016/2017,West Ham,Bournemouth,1,0
8925,Premier League,2016/2017,Chelsea,Burnley,3,0
8926,Premier League,2016/2017,Crystal Palace,Bournemouth,1,1
8927,Premier League,2016/2017,Everton,Stoke,1,0
8928,Premier League,2016/2017,Hull,Man United,0,1
8929,Premier League,2016/2017,Leicester,Swansea,2,1
8930,Premier League,2016/2017,Southampton,Sunderland,1,1
8931,Premier League,2016/2017,Tottenham,Liverpool,1,1
8932,Premier League,2016/2017,Watford,Arsenal,1,3
8933,Premier League,2016/2017,Man City,West Ham,3,1
8934,Premier League,2016/2017,West Brom,Middlesbrough,0,0
8935,Premier League,2016/2017,Arsenal,Southampton,2,1
8936,Premier League,2016/2017,Bournemouth,West Brom,1,0
8937,Premier League,2016/2017,Burnley,Hull,1,1
8938,Premier League,2016/2017,Liverpool,Leicester,4,1
8939,Premier League,2016/2017,Man United,Man City,1,2
8940,Premier League,2016/2017,Middlesbrough,Crystal Palace,1,2
8941,Premier League,2016/2017,Stoke,Tottenham,0,4
8942,Premier League,2016/2017,West Ham,Watford,2,4
8943,Premier League,2016/2017,Swansea,Chelsea,2,2
8944,Premier League,2016/2017,Sunderland,Everton,0,3
8945,Premier League,2016/2017,Chelsea,Liverpool,1,2
8946,Premier League,2016/2017,Everton,Middlesbrough,3,1
8947,Premier League,2016/2017,Hull,Arsenal,1,4
8948,Premier League,2016/2017,Leicester,Burnley,3,0
8949,Premier League,2016/2017,Man City,Bournemouth,4,0
8950,Premier League,2016/2017,West Brom,West Ham,4,2
8951,Premier League,2016/2017,Crystal Palace,Stoke,4,1
8952,Premier League,2016/2017,Southampton,Swansea,1,0
8953,Premier League,2016/2017,Tottenham,Sunderland,1,0
8954,Premier League,2016/2017,Watford,Man United,3,1
8955,Premier League,2016/2017,Arsenal,Chelsea,3,0
8956,Premier League,2016/2017,Bournemouth,Everton,1,0
8957,Premier League,2016/2017,Liverpool,Hull,5,1
8958,Premier League,2016/2017,Man United,Leicester,4,1
8959,Premier League,2016/2017,Middlesbrough,Tottenham,1,2
8960,Premier League,2016/2017,Stoke,West Brom,1,1
8961,Premier League,2016/2017,Sunderland,Crystal Palace,2,3
8962,Premier League,2016/2017,Swansea,Man City,1,3
8963,Premier League,2016/2017,West Ham,Southampton,0,3
8964,Premier League,2016/2017,Burnley,Watford,2,0
8965,Premier League,2016/2017,Everton,Crystal Palace,1,1
8966,Premier League,2016/2017,Hull,Chelsea,0,2
8967,Premier League,2016/2017,Sunderland,West Brom,1,1
8968,Premier League,2016/2017,Swansea,Liverpool,1,2
8969,Premier League,2016/2017,Watford,Bournemouth,2,2
8970,Premier League,2016/2017,West Ham,Middlesbrough,1,1
8971,Premier League,2016/2017,Burnley,Arsenal,0,1
8972,Premier League,2016/2017,Leicester,Southampton,0,0
8973,Premier League,2016/2017,Man United,Stoke,1,1
8974,Premier League,2016/2017,Tottenham,Man City,2,0
8975,Premier League,2016/2017,Arsenal,Swansea,3,2
8976,Premier League,2016/2017,Bournemouth,Hull,6,1
8977,Premier League,2016/2017,Chelsea,Leicester,3,0
8978,Premier League,2016/2017,Crystal Palace,West Ham,0,1
8979,Premier League,2016/2017,Man City,Everton,1,1
8980,Premier League,2016/2017,Stoke,Sunderland,2,0
8981,Premier League,2016/2017,West Brom,Tottenham,1,1
8982,Premier League,2016/2017,Middlesbrough,Watford,0,1
8983,Premier League,2016/2017,Southampton,Burnley,3,1
8984,Premier League,2016/2017,Liverpool,Man United,0,0
8985,Premier League,2016/2017,Arsenal,Middlesbrough,0,0
8986,Premier League,2016/2017,Bournemouth,Tottenham,0,0
8987,Premier League,2016/2017,Burnley,Everton,2,1
8988,Premier League,2016/2017,Hull,Stoke,0,2
8989,Premier League,2016/2017,Leicester,Crystal Palace,3,1
8990,Premier League,2016/2017,Liverpool,West Brom,2,1
8991,Premier League,2016/2017,Swansea,Watford,0,0
8992,Premier League,2016/2017,West Ham,Sunderland,1,0
8993,Premier League,2016/2017,Chelsea,Man United,4,0
8994,Premier League,2016/2017,Man City,Southampton,1,1
8995,Premier League,2016/2017,Crystal Palace,Liverpool,2,4
8996,Premier League,2016/2017,Man United,Burnley,0,0
8997,Premier League,2016/2017,Middlesbrough,Bournemouth,2,0
8998,Premier League,2016/2017,Sunderland,Arsenal,1,4
8999,Premier League,2016/2017,Tottenham,Leicester,1,1
9000,Premier League,2016/2017,Watford,Hull,1,0
9001,Premier League,2016/2017,West Brom,Man City,0,4
9002,Premier League,2016/2017,Everton,West Ham,2,0
9003,Premier League,2016/2017,Southampton,Chelsea,0,2
9004,Premier League,2016/2017,Stoke,Swansea,3,1
9005,Premier League,2016/2017,Bournemouth,Sunderland,1,2
9006,Premier League,2016/2017,Burnley,Crystal Palace,3,2
9007,Premier League,2016/2017,Chelsea,Everton,5,0
9008,Premier League,2016/2017,Man City,Middlesbrough,1,1
9009,Premier League,2016/2017,West Ham,Stoke,1,1
9010,Premier League,2016/2017,Arsenal,Tottenham,1,1
9011,Premier League,2016/2017,Hull,Southampton,2,1
9012,Premier League,2016/2017,Leicester,West Brom,1,2
9013,Premier League,2016/2017,Liverpool,Watford,6,1
9014,Premier League,2016/2017,Swansea,Man United,1,3
9015,Premier League,2016/2017,Crystal Palace,Man City,1,2
9016,Premier League,2016/2017,Everton,Swansea,1,1
9017,Premier League,2016/2017,Man United,Arsenal,1,1
9018,Premier League,2016/2017,Southampton,Liverpool,0,0
9019,Premier League,2016/2017,Stoke,Bournemouth,0,1
9020,Premier League,2016/2017,Sunderland,Hull,3,0
9021,Premier League,2016/2017,Tottenham,West Ham,3,2
9022,Premier League,2016/2017,Watford,Leicester,2,1
9023,Premier League,2016/2017,Middlesbrough,Chelsea,0,1
9024,Premier League,2016/2017,West Brom,Burnley,4,0
9025,Premier League,2016/2017,Burnley,Man City,1,2
9026,Premier League,2016/2017,Chelsea,Tottenham,2,1
9027,Premier League,2016/2017,Hull,West Brom,1,1
9028,Premier League,2016/2017,Leicester,Middlesbrough,2,2
9029,Premier League,2016/2017,Liverpool,Sunderland,2,0
9030,Premier League,2016/2017,Swansea,Crystal Palace,5,4
9031,Premier League,2016/2017,Arsenal,Bournemouth,3,1
9032,Premier League,2016/2017,Man United,West Ham,1,1
9033,Premier League,2016/2017,Southampton,Everton,1,0
9034,Premier League,2016/2017,Watford,Stoke,0,1
9035,Premier League,2016/2017,Crystal Palace,Southampton,3,0
9036,Premier League,2016/2017,Man City,Chelsea,1,3
9037,Premier League,2016/2017,Stoke,Burnley,2,0
9038,Premier League,2016/2017,Sunderland,Leicester,2,1
9039,Premier League,2016/2017,Tottenham,Swansea,5,0
9040,Premier League,2016/2017,West Brom,Watford,3,1
9041,Premier League,2016/2017,West Ham,Arsenal,1,5
9042,Premier League,2016/2017,Bournemouth,Liverpool,4,3
9043,Premier League,2016/2017,Everton,Man United,1,1
9044,Premier League,2016/2017,Middlesbrough,Hull,1,0
9045,Premier League,2016/2017,Arsenal,Stoke,3,1
9046,Premier League,2016/2017,Burnley,Bournemouth,3,2
9047,Premier League,2016/2017,Hull,Crystal Palace,3,3
9048,Premier League,2016/2017,Leicester,Man City,4,2
9049,Premier League,2016/2017,Swansea,Sunderland,3,0
9050,Premier League,2016/2017,Watford,Everton,3,2
9051,Premier League,2016/2017,Chelsea,West Brom,1,0
9052,Premier League,2016/2017,Liverpool,West Ham,2,2
9053,Premier League,2016/2017,Man United,Tottenham,1,0
9054,Premier League,2016/2017,Southampton,Middlesbrough,1,0
9055,Premier League,2016/2017,Bournemouth,Leicester,1,0
9056,Premier League,2016/2017,Everton,Arsenal,2,1
9057,Premier League,2016/2017,Crystal Palace,Man United,1,2
9058,Premier League,2016/2017,Man City,Watford,2,0
9059,Premier League,2016/2017,Middlesbrough,Liverpool,0,3
9060,Premier League,2016/2017,Stoke,Southampton,0,0
9061,Premier League,2016/2017,Sunderland,Chelsea,0,1
9062,Premier League,2016/2017,Tottenham,Hull,3,0
9063,Premier League,2016/2017,West Brom,Swansea,3,1
9064,Premier League,2016/2017,West Ham,Burnley,1,0
9065,Premier League,2016/2017,Crystal Palace,Chelsea,0,1
9066,Premier League,2016/2017,Middlesbrough,Swansea,3,0
9067,Premier League,2016/2017,Stoke,Leicester,2,2
9068,Premier League,2016/2017,Sunderland,Watford,1,0
9069,Premier League,2016/2017,West Brom,Man United,0,2
9070,Premier League,2016/2017,West Ham,Hull,1,0
9071,Premier League,2016/2017,Bournemouth,Southampton,1,3
9072,Premier League,2016/2017,Man City,Arsenal,2,1
9073,Premier League,2016/2017,Tottenham,Burnley,2,1
9074,Premier League,2016/2017,Everton,Liverpool,0,1
9075,Premier League,2016/2017,Arsenal,West Brom,1,0
9076,Premier League,2016/2017,Burnley,Middlesbrough,1,0
9077,Premier League,2016/2017,Chelsea,Bournemouth,3,0
9078,Premier League,2016/2017,Hull,Man City,0,3
9079,Premier League,2016/2017,Leicester,Everton,0,2
9080,Premier League,2016/2017,Man United,Sunderland,3,1
9081,Premier League,2016/2017,Swansea,West Ham,1,4
9082,Premier League,2016/2017,Watford,Crystal Palace,1,1
9083,Premier League,2016/2017,Liverpool,Stoke,4,1
9084,Premier League,2016/2017,Southampton,Tottenham,1,4
9085,Premier League,2016/2017,Hull,Everton,2,2
9086,Premier League,2016/2017,Burnley,Sunderland,4,1
9087,Premier League,2016/2017,Chelsea,Stoke,4,2
9088,Premier League,2016/2017,Leicester,West Ham,1,0
9089,Premier League,2016/2017,Liverpool,Man City,1,0
9090,Premier League,2016/2017,Man United,Middlesbrough,2,1
9091,Premier League,2016/2017,Southampton,West Brom,1,2
9092,Premier League,2016/2017,Swansea,Bournemouth,0,3
9093,Premier League,2016/2017,Arsenal,Crystal Palace,2,0
9094,Premier League,2016/2017,Watford,Tottenham,1,4
9095,Premier League,2016/2017,Everton,Southampton,3,0
9096,Premier League,2016/2017,Man City,Burnley,2,1
9097,Premier League,2016/2017,Middlesbrough,Leicester,0,0
9098,Premier League,2016/2017,Sunderland,Liverpool,2,2
9099,Premier League,2016/2017,West Brom,Hull,3,1
9100,Premier League,2016/2017,West Ham,Man United,0,2
9101,Premier League,2016/2017,Bournemouth,Arsenal,3,3
9102,Premier League,2016/2017,Crystal Palace,Swansea,1,2
9103,Premier League,2016/2017,Stoke,Watford,2,0
9104,Premier League,2016/2017,Tottenham,Chelsea,2,0
9105,Premier League,2016/2017,Burnley,Southampton,1,0
9106,Premier League,2016/2017,Hull,Bournemouth,3,1
9107,Premier League,2016/2017,Leicester,Chelsea,0,3
9108,Premier League,2016/2017,Sunderland,Stoke,1,3
9109,Premier League,2016/2017,Swansea,Arsenal,0,4
9110,Premier League,2016/2017,Tottenham,West Brom,4,0
9111,Premier League,2016/2017,Watford,Middlesbrough,0,0
9112,Premier League,2016/2017,West Ham,Crystal Palace,3,0
9113,Premier League,2016/2017,Everton,Man City,4,0
9114,Premier League,2016/2017,Man United,Liverpool,1,1
9115,Premier League,2016/2017,Bournemouth,Watford,2,2
9116,Premier League,2016/2017,Crystal Palace,Everton,0,1
9117,Premier League,2016/2017,Liverpool,Swansea,2,3
9118,Premier League,2016/2017,Man City,Tottenham,2,2
9119,Premier League,2016/2017,Middlesbrough,West Ham,1,3
9120,Premier League,2016/2017,Stoke,Man United,1,1
9121,Premier League,2016/2017,West Brom,Sunderland,2,0
9122,Premier League,2016/2017,Arsenal,Burnley,2,1
9123,Premier League,2016/2017,Chelsea,Hull,2,0
9124,Premier League,2016/2017,Southampton,Leicester,3,0
9125,Premier League,2016/2017,Arsenal,Watford,1,2
9126,Premier League,2016/2017,Bournemouth,Crystal Palace,0,2
9127,Premier League,2016/2017,Burnley,Leicester,1,0
9128,Premier League,2016/2017,Liverpool,Chelsea,1,1
9129,Premier League,2016/2017,Middlesbrough,West Brom,1,1
9130,Premier League,2016/2017,Sunderland,Tottenham,0,0
9131,Premier League,2016/2017,Swansea,Southampton,2,1
9132,Premier League,2016/2017,Man United,Hull,0,0
9133,Premier League,2016/2017,Stoke,Everton,1,1
9134,Premier League,2016/2017,West Ham,Man City,0,4
9135,Premier League,2016/2017,Chelsea,Arsenal,3,1
9136,Premier League,2016/2017,Crystal Palace,Sunderland,0,4
9137,Premier League,2016/2017,Everton,Bournemouth,6,3
9138,Premier League,2016/2017,Hull,Liverpool,2,0
9139,Premier League,2016/2017,Southampton,West Ham,1,3
9140,Premier League,2016/2017,Tottenham,Middlesbrough,1,0
9141,Premier League,2016/2017,Watford,Burnley,2,1
9142,Premier League,2016/2017,West Brom,Stoke,1,0
9143,Premier League,2016/2017,Leicester,Man United,0,3
9144,Premier League,2016/2017,Man City,Swansea,2,1
9145,Premier League,2016/2017,Arsenal,Hull,2,0
9146,Premier League,2016/2017,Liverpool,Tottenham,2,0
9147,Premier League,2016/2017,Man United,Watford,2,0
9148,Premier League,2016/2017,Middlesbrough,Everton,0,0
9149,Premier League,2016/2017,Stoke,Crystal Palace,1,0
9150,Premier League,2016/2017,Sunderland,Southampton,0,4
9151,Premier League,2016/2017,West Ham,West Brom,2,2
9152,Premier League,2016/2017,Burnley,Chelsea,1,1
9153,Premier League,2016/2017,Swansea,Leicester,2,0
9154,Premier League,2016/2017,Bournemouth,Man City,0,2
9155,Premier League,2016/2017,Chelsea,Swansea,3,1
9156,Premier League,2016/2017,Crystal Palace,Middlesbrough,1,0
9157,Premier League,2016/2017,Everton,Sunderland,2,0
9158,Premier League,2016/2017,Hull,Burnley,1,1
9159,Premier League,2016/2017,Watford,West Ham,1,1
9160,Premier League,2016/2017,West Brom,Bournemouth,2,1
9161,Premier League,2016/2017,Tottenham,Stoke,4,0
9162,Premier League,2016/2017,Leicester,Liverpool,3,1
9163,Premier League,2016/2017,Leicester,Hull,3,1
9164,Premier League,2016/2017,Liverpool,Arsenal,3,1
9165,Premier League,2016/2017,Man United,Bournemouth,1,1
9166,Premier League,2016/2017,Stoke,Middlesbrough,2,0
9167,Premier League,2016/2017,Swansea,Burnley,3,2
9168,Premier League,2016/2017,Watford,Southampton,3,4
9169,Premier League,2016/2017,West Brom,Crystal Palace,0,2
9170,Premier League,2016/2017,Sunderland,Man City,0,2
9171,Premier League,2016/2017,Tottenham,Everton,3,2
9172,Premier League,2016/2017,West Ham,Chelsea,1,2
9173,Premier League,2016/2017,Man City,Stoke,0,0
9174,Premier League,2016/2017,Bournemouth,West Ham,3,2
9175,Premier League,2016/2017,Everton,West Brom,3,0
9176,Premier League,2016/2017,Hull,Swansea,2,1
9177,Premier League,2016/2017,Liverpool,Burnley,2,1
9178,Premier League,2016/2017,Bournemouth,Swansea,2,0
9179,Premier League,2016/2017,Crystal Palace,Watford,1,0
9180,Premier League,2016/2017,Everton,Hull,4,0
9181,Premier League,2016/2017,Stoke,Chelsea,1,2
9182,Premier League,2016/2017,Sunderland,Burnley,0,0
9183,Premier League,2016/2017,West Brom,Arsenal,3,1
9184,Premier League,2016/2017,West Ham,Leicester,2,3
9185,Premier League,2016/2017,Man City,Liverpool,1,1
9186,Premier League,2016/2017,Middlesbrough,Man United,1,3
9187,Premier League,2016/2017,Tottenham,Southampton,2,1
9188,Premier League,2016/2017,Burnley,Tottenham,0,2
9189,Premier League,2016/2017,Chelsea,Crystal Palace,1,2
9190,Premier League,2016/2017,Hull,West Ham,2,1
9191,Premier League,2016/2017,Leicester,Stoke,2,0
9192,Premier League,2016/2017,Liverpool,Everton,3,1
9193,Premier League,2016/2017,Man United,West Brom,0,0
9194,Premier League,2016/2017,Southampton,Bournemouth,0,0
9195,Premier League,2016/2017,Watford,Sunderland,1,0
9196,Premier League,2016/2017,Arsenal,Man City,2,2
9197,Premier League,2016/2017,Swansea,Middlesbrough,0,0
9198,Premier League,2016/2017,Burnley,Stoke,1,0
9199,Premier League,2016/2017,Leicester,Sunderland,2,0
9200,Premier League,2016/2017,Man United,Everton,1,1
9201,Premier League,2016/2017,Watford,West Brom,2,0
9202,Premier League,2016/2017,Arsenal,West Ham,3,0
9203,Premier League,2016/2017,Chelsea,Man City,2,1
9204,Premier League,2016/2017,Hull,Middlesbrough,4,2
9205,Premier League,2016/2017,Liverpool,Bournemouth,2,2
9206,Premier League,2016/2017,Southampton,Crystal Palace,3,1
9207,Premier League,2016/2017,Swansea,Tottenham,1,3
9208,Premier League,2016/2017,Bournemouth,Chelsea,1,3
9209,Premier League,2016/2017,Man City,Hull,3,1
9210,Premier League,2016/2017,Middlesbrough,Burnley,0,0
9211,Premier League,2016/2017,Stoke,Liverpool,1,2
9212,Premier League,2016/2017,Tottenham,Watford,4,0
9213,Premier League,2016/2017,West Brom,Southampton,0,1
9214,Premier League,2016/2017,West Ham,Swansea,1,0
9215,Premier League,2016/2017,Everton,Leicester,4,2
9216,Premier League,2016/2017,Sunderland,Man United,0,3
9217,Premier League,2016/2017,Crystal Palace,Arsenal,3,0
9218,Premier League,2016/2017,Crystal Palace,Leicester,2,2
9219,Premier League,2016/2017,Everton,Burnley,3,1
9220,Premier League,2016/2017,Southampton,Man City,0,3
9221,Premier League,2016/2017,Stoke,Hull,3,1
9222,Premier League,2016/2017,Sunderland,West Ham,2,2
9223,Premier League,2016/2017,Tottenham,Bournemouth,4,0
9224,Premier League,2016/2017,Watford,Swansea,1,0
9225,Premier League,2016/2017,Man United,Chelsea,2,0
9226,Premier League,2016/2017,West Brom,Liverpool,0,1
9227,Premier League,2016/2017,Middlesbrough,Arsenal,1,2
9228,Premier League,2016/2017,Bournemouth,Middlesbrough,4,0
9229,Premier League,2016/2017,Hull,Watford,2,0
9230,Premier League,2016/2017,Swansea,Stoke,2,0
9231,Premier League,2016/2017,West Ham,Everton,0,0
9232,Premier League,2016/2017,Burnley,Man United,0,2
9233,Premier League,2016/2017,Liverpool,Crystal Palace,1,2
9234,Premier League,2016/2017,Chelsea,Southampton,4,2
9235,Premier League,2016/2017,Arsenal,Leicester,1,0
9236,Premier League,2016/2017,Crystal Palace,Tottenham,0,1
9237,Premier League,2016/2017,Middlesbrough,Sunderland,1,0
9238,Premier League,2016/2017,Man City,Man United,0,0
9239,Premier League,2016/2017,Crystal Palace,Burnley,0,2
9240,Premier League,2016/2017,Southampton,Hull,0,0
9241,Premier League,2016/2017,Stoke,West Ham,0,0
9242,Premier League,2016/2017,Sunderland,Bournemouth,0,1
9243,Premier League,2016/2017,West Brom,Leicester,0,1
9244,Premier League,2016/2017,Everton,Chelsea,0,3
9245,Premier League,2016/2017,Man United,Swansea,1,1
9246,Premier League,2016/2017,Middlesbrough,Man City,2,2
9247,Premier League,2016/2017,Tottenham,Arsenal,2,0
9248,Premier League,2016/2017,Watford,Liverpool,0,1
9249,Premier League,2016/2017,West Ham,Tottenham,1,0
9250,Premier League,2016/2017,Bournemouth,Stoke,2,2
9251,Premier League,2016/2017,Burnley,West Brom,2,2
9252,Premier League,2016/2017,Hull,Sunderland,0,2
9253,Premier League,2016/2017,Leicester,Watford,3,0
9254,Premier League,2016/2017,Man City,Crystal Palace,5,0
9255,Premier League,2016/2017,Swansea,Everton,1,0
9256,Premier League,2016/2017,Arsenal,Man United,2,0
9257,Premier League,2016/2017,Liverpool,Southampton,0,0
9258,Premier League,2016/2017,Chelsea,Middlesbrough,3,0
9259,Premier League,2016/2017,Southampton,Arsenal,0,2
9260,Premier League,2016/2017,Everton,Watford,1,0
9261,Premier League,2016/2017,West Brom,Chelsea,0,1
9262,Premier League,2016/2017,Bournemouth,Burnley,2,1
9263,Premier League,2016/2017,Man City,Leicester,2,1
9264,Premier League,2016/2017,Middlesbrough,Southampton,1,2
9265,Premier League,2016/2017,Stoke,Arsenal,1,4
9266,Premier League,2016/2017,Sunderland,Swansea,0,2
9267,Premier League,2016/2017,Crystal Palace,Hull,4,0
9268,Premier League,2016/2017,Tottenham,Man United,2,1
9269,Premier League,2016/2017,West Ham,Liverpool,0,4
9270,Premier League,2016/2017,Chelsea,Watford,4,3
9271,Premier League,2016/2017,Arsenal,Sunderland,2,0
9272,Premier League,2016/2017,Man City,West Brom,3,1
9273,Premier League,2016/2017,Southampton,Man United,0,0
9274,Premier League,2016/2017,Leicester,Tottenham,1,6
9275,Premier League,2016/2017,Arsenal,Everton,3,1
9276,Premier League,2016/2017,Burnley,West Ham,1,2
9277,Premier League,2016/2017,Chelsea,Sunderland,5,1
9278,Premier League,2016/2017,Hull,Tottenham,1,7
9279,Premier League,2016/2017,Leicester,Bournemouth,1,1
9280,Premier League,2016/2017,Liverpool,Middlesbrough,3,0
9281,Premier League,2016/2017,Man United,Crystal Palace,2,0
9282,Premier League,2016/2017,Southampton,Stoke,0,1
9283,Premier League,2016/2017,Swansea,West Brom,2,1
9284,Premier League,2016/2017,Watford,Man City,0,5
9285,Premier League,2017/2018,Arsenal,Leicester,4,3
9286,Premier League,2017/2018,Brighton,Man City,0,2
9287,Premier League,2017/2018,Chelsea,Burnley,2,3
9288,Premier League,2017/2018,Crystal Palace,Huddersfield,0,3
9289,Premier League,2017/2018,Everton,Stoke,1,0
9290,Premier League,2017/2018,Southampton,Swansea,0,0
9291,Premier League,2017/2018,Watford,Liverpool,3,3
9292,Premier League,2017/2018,West Brom,Bournemouth,1,0
9293,Premier League,2017/2018,Man United,West Ham,4,0
9294,Premier League,2017/2018,Newcastle,Tottenham,0,2
9295,Premier League,2017/2018,Bournemouth,Watford,0,2
9296,Premier League,2017/2018,Burnley,West Brom,0,1
9297,Premier League,2017/2018,Leicester,Brighton,2,0
9298,Premier League,2017/2018,Liverpool,Crystal Palace,1,0
9299,Premier League,2017/2018,Southampton,West Ham,3,2
9300,Premier League,2017/2018,Stoke,Arsenal,1,0
9301,Premier League,2017/2018,Swansea,Man United,0,4
9302,Premier League,2017/2018,Huddersfield,Newcastle,1,0
9303,Premier League,2017/2018,Tottenham,Chelsea,1,2
9304,Premier League,2017/2018,Man City,Everton,1,1
9305,Premier League,2017/2018,Bournemouth,Man City,1,2
9306,Premier League,2017/2018,Crystal Palace,Swansea,0,2
9307,Premier League,2017/2018,Huddersfield,Southampton,0,0
9308,Premier League,2017/2018,Man United,Leicester,2,0
9309,Premier League,2017/2018,Newcastle,West Ham,3,0
9310,Premier League,2017/2018,Watford,Brighton,0,0
9311,Premier League,2017/2018,Chelsea,Everton,2,0
9312,Premier League,2017/2018,Liverpool,Arsenal,4,0
9313,Premier League,2017/2018,Tottenham,Burnley,1,1
9314,Premier League,2017/2018,West Brom,Stoke,1,1
9315,Premier League,2017/2018,Arsenal,Bournemouth,3,0
9316,Premier League,2017/2018,Brighton,West Brom,3,1
9317,Premier League,2017/2018,Everton,Tottenham,0,3
9318,Premier League,2017/2018,Leicester,Chelsea,1,2
9319,Premier League,2017/2018,Man City,Liverpool,5,0
9320,Premier League,2017/2018,Southampton,Watford,0,2
9321,Premier League,2017/2018,Stoke,Man United,2,2
9322,Premier League,2017/2018,Burnley,Crystal Palace,1,0
9323,Premier League,2017/2018,Swansea,Newcastle,0,1
9324,Premier League,2017/2018,West Ham,Huddersfield,2,0
9325,Premier League,2017/2018,Bournemouth,Brighton,2,1
9326,Premier League,2017/2018,Crystal Palace,Southampton,0,1
9327,Premier League,2017/2018,Huddersfield,Leicester,1,1
9328,Premier League,2017/2018,Liverpool,Burnley,1,1
9329,Premier League,2017/2018,Newcastle,Stoke,2,1
9330,Premier League,2017/2018,Tottenham,Swansea,0,0
9331,Premier League,2017/2018,Watford,Man City,0,6
9332,Premier League,2017/2018,West Brom,West Ham,0,0
9333,Premier League,2017/2018,Chelsea,Arsenal,0,0
9334,Premier League,2017/2018,Man United,Everton,4,0
9335,Premier League,2017/2018,Burnley,Huddersfield,0,0
9336,Premier League,2017/2018,Everton,Bournemouth,2,1
9337,Premier League,2017/2018,Leicester,Liverpool,2,3
9338,Premier League,2017/2018,Man City,Crystal Palace,5,0
9339,Premier League,2017/2018,Southampton,Man United,0,1
9340,Premier League,2017/2018,Stoke,Chelsea,0,4
9341,Premier League,2017/2018,Swansea,Watford,1,2
9342,Premier League,2017/2018,West Ham,Tottenham,2,3
9343,Premier League,2017/2018,Brighton,Newcastle,1,0
9344,Premier League,2017/2018,Arsenal,West Brom,2,0
9345,Premier League,2017/2018,Bournemouth,Leicester,0,0
9346,Premier League,2017/2018,Chelsea,Man City,0,1
9347,Premier League,2017/2018,Huddersfield,Tottenham,0,4
9348,Premier League,2017/2018,Man United,Crystal Palace,4,0
9349,Premier League,2017/2018,Stoke,Southampton,2,1
9350,Premier League,2017/2018,West Brom,Watford,2,2
9351,Premier League,2017/2018,West Ham,Swansea,1,0
9352,Premier League,2017/2018,Arsenal,Brighton,2,0
9353,Premier League,2017/2018,Everton,Burnley,0,1
9354,Premier League,2017/2018,Newcastle,Liverpool,1,1
9355,Premier League,2017/2018,Burnley,West Ham,1,1
9356,Premier League,2017/2018,Crystal Palace,Chelsea,2,1
9357,Premier League,2017/2018,Liverpool,Man United,0,0
9358,Premier League,2017/2018,Man City,Stoke,7,2
9359,Premier League,2017/2018,Swansea,Huddersfield,2,0
9360,Premier League,2017/2018,Tottenham,Bournemouth,1,0
9361,Premier League,2017/2018,Watford,Arsenal,2,1
9362,Premier League,2017/2018,Brighton,Everton,1,1
9363,Premier League,2017/2018,Southampton,Newcastle,2,2
9364,Premier League,2017/2018,Leicester,West Brom,1,1
9365,Premier League,2017/2018,West Ham,Brighton,0,3
9366,Premier League,2017/2018,Chelsea,Watford,4,2
9367,Premier League,2017/2018,Huddersfield,Man United,2,1
9368,Premier League,2017/2018,Man City,Burnley,3,0
9369,Premier League,2017/2018,Newcastle,Crystal Palace,1,0
9370,Premier League,2017/2018,Southampton,West Brom,1,0
9371,Premier League,2017/2018,Stoke,Bournemouth,1,2
9372,Premier League,2017/2018,Swansea,Leicester,1,2
9373,Premier League,2017/2018,Everton,Arsenal,2,5
9374,Premier League,2017/2018,Tottenham,Liverpool,4,1
9375,Premier League,2017/2018,Arsenal,Swansea,2,1
9376,Premier League,2017/2018,Bournemouth,Chelsea,0,1
9377,Premier League,2017/2018,Crystal Palace,West Ham,2,2
9378,Premier League,2017/2018,Liverpool,Huddersfield,3,0
9379,Premier League,2017/2018,Man United,Tottenham,1,0
9380,Premier League,2017/2018,Watford,Stoke,0,1
9381,Premier League,2017/2018,West Brom,Man City,2,3
9382,Premier League,2017/2018,Brighton,Southampton,1,1
9383,Premier League,2017/2018,Leicester,Everton,2,0
9384,Premier League,2017/2018,Burnley,Newcastle,1,0
9385,Premier League,2017/2018,Huddersfield,West Brom,1,0
9386,Premier League,2017/2018,Newcastle,Bournemouth,0,1
9387,Premier League,2017/2018,Southampton,Burnley,0,1
9388,Premier League,2017/2018,Stoke,Leicester,2,2
9389,Premier League,2017/2018,Swansea,Brighton,0,1
9390,Premier League,2017/2018,West Ham,Liverpool,1,4
9391,Premier League,2017/2018,Chelsea,Man United,1,0
9392,Premier League,2017/2018,Everton,Watford,3,2
9393,Premier League,2017/2018,Man City,Arsenal,3,1
9394,Premier League,2017/2018,Tottenham,Crystal Palace,1,0
9395,Premier League,2017/2018,Arsenal,Tottenham,2,0
9396,Premier League,2017/2018,Bournemouth,Huddersfield,4,0
9397,Premier League,2017/2018,Burnley,Swansea,2,0
9398,Premier League,2017/2018,Crystal Palace,Everton,2,2
9399,Premier League,2017/2018,Leicester,Man City,0,2
9400,Premier League,2017/2018,Liverpool,Southampton,3,0
9401,Premier League,2017/2018,Man United,Newcastle,4,1
9402,Premier League,2017/2018,West Brom,Chelsea,0,4
9403,Premier League,2017/2018,Watford,West Ham,2,0
9404,Premier League,2017/2018,Brighton,Stoke,2,2
9405,Premier League,2017/2018,West Ham,Leicester,1,1
9406,Premier League,2017/2018,Crystal Palace,Stoke,2,1
9407,Premier League,2017/2018,Liverpool,Chelsea,1,1
9408,Premier League,2017/2018,Man United,Brighton,1,0
9409,Premier League,2017/2018,Newcastle,Watford,0,3
9410,Premier League,2017/2018,Swansea,Bournemouth,0,0
9411,Premier League,2017/2018,Tottenham,West Brom,1,1
9412,Premier League,2017/2018,Burnley,Arsenal,0,1
9413,Premier League,2017/2018,Huddersfield,Man City,1,2
9414,Premier League,2017/2018,Southampton,Everton,4,1
9415,Premier League,2017/2018,Brighton,Crystal Palace,0,0
9416,Premier League,2017/2018,Leicester,Tottenham,2,1
9417,Premier League,2017/2018,Watford,Man United,2,4
9418,Premier League,2017/2018,West Brom,Newcastle,2,2
9419,Premier League,2017/2018,Arsenal,Huddersfield,5,0
9420,Premier League,2017/2018,Bournemouth,Burnley,1,2
9421,Premier League,2017/2018,Chelsea,Swansea,1,0
9422,Premier League,2017/2018,Everton,West Ham,4,0
9423,Premier League,2017/2018,Man City,Southampton,2,1
9424,Premier League,2017/2018,Stoke,Liverpool,0,3
9425,Premier League,2017/2018,Arsenal,Man United,1,3
9426,Premier League,2017/2018,Brighton,Liverpool,1,5
9427,Premier League,2017/2018,Chelsea,Newcastle,3,1
9428,Premier League,2017/2018,Everton,Huddersfield,2,0
9429,Premier League,2017/2018,Leicester,Burnley,1,0
9430,Premier League,2017/2018,Stoke,Swansea,2,1
9431,Premier League,2017/2018,Watford,Tottenham,1,1
9432,Premier League,2017/2018,West Brom,Crystal Palace,0,0
9433,Premier League,2017/2018,Bournemouth,Southampton,1,1
9434,Premier League,2017/2018,Man City,West Ham,2,1
9435,Premier League,2017/2018,Burnley,Watford,1,0
9436,Premier League,2017/2018,Crystal Palace,Bournemouth,2,2
9437,Premier League,2017/2018,Huddersfield,Brighton,2,0
9438,Premier League,2017/2018,Newcastle,Leicester,2,3
9439,Premier League,2017/2018,Swansea,West Brom,1,0
9440,Premier League,2017/2018,Tottenham,Stoke,5,1
9441,Premier League,2017/2018,West Ham,Chelsea,1,0
9442,Premier League,2017/2018,Liverpool,Everton,1,1
9443,Premier League,2017/2018,Man United,Man City,1,2
9444,Premier League,2017/2018,Southampton,Arsenal,1,1
9445,Premier League,2017/2018,Burnley,Stoke,1,0
9446,Premier League,2017/2018,Crystal Palace,Watford,2,1
9447,Premier League,2017/2018,Huddersfield,Chelsea,1,3
9448,Premier League,2017/2018,Liverpool,West Brom,0,0
9449,Premier League,2017/2018,Man United,Bournemouth,1,0
9450,Premier League,2017/2018,Newcastle,Everton,0,1
9451,Premier League,2017/2018,Southampton,Leicester,1,4
9452,Premier League,2017/2018,Swansea,Man City,0,4
9453,Premier League,2017/2018,Tottenham,Brighton,2,0
9454,Premier League,2017/2018,West Ham,Arsenal,0,0
9455,Premier League,2017/2018,Arsenal,Newcastle,1,0
9456,Premier League,2017/2018,Brighton,Burnley,0,0
9457,Premier League,2017/2018,Chelsea,Southampton,1,0
9458,Premier League,2017/2018,Leicester,Crystal Palace,0,3
9459,Premier League,2017/2018,Man City,Tottenham,4,1
9460,Premier League,2017/2018,Stoke,West Ham,0,3
9461,Premier League,2017/2018,Watford,Huddersfield,1,4
9462,Premier League,2017/2018,Bournemouth,Liverpool,0,4
9463,Premier League,2017/2018,West Brom,Man United,1,2
9464,Premier League,2017/2018,Everton,Swansea,3,1
9465,Premier League,2017/2018,Arsenal,Liverpool,3,3
9466,Premier League,2017/2018,Brighton,Watford,1,0
9467,Premier League,2017/2018,Burnley,Tottenham,0,3
9468,Premier League,2017/2018,Everton,Chelsea,0,0
9469,Premier League,2017/2018,Leicester,Man United,2,2
9470,Premier League,2017/2018,Man City,Bournemouth,4,0
9471,Premier League,2017/2018,Southampton,Huddersfield,1,1
9472,Premier League,2017/2018,Stoke,West Brom,3,1
9473,Premier League,2017/2018,Swansea,Crystal Palace,1,1
9474,Premier League,2017/2018,West Ham,Newcastle,2,3
9475,Premier League,2017/2018,Bournemouth,West Ham,3,3
9476,Premier League,2017/2018,Chelsea,Brighton,2,0
9477,Premier League,2017/2018,Huddersfield,Stoke,1,1
9478,Premier League,2017/2018,Liverpool,Swansea,5,0
9479,Premier League,2017/2018,Man United,Burnley,2,2
9480,Premier League,2017/2018,Tottenham,Southampton,5,2
9481,Premier League,2017/2018,Watford,Leicester,2,1
9482,Premier League,2017/2018,West Brom,Everton,0,0
9483,Premier League,2017/2018,Newcastle,Man City,0,1
9484,Premier League,2017/2018,Crystal Palace,Arsenal,2,3
9485,Premier League,2017/2018,Bournemouth,Everton,2,1
9486,Premier League,2017/2018,Chelsea,Stoke,5,0
9487,Premier League,2017/2018,Huddersfield,Burnley,0,0
9488,Premier League,2017/2018,Liverpool,Leicester,2,1
9489,Premier League,2017/2018,Man United,Southampton,0,0
9490,Premier League,2017/2018,Newcastle,Brighton,0,0
9491,Premier League,2017/2018,Watford,Swansea,1,2
9492,Premier League,2017/2018,Crystal Palace,Man City,0,0
9493,Premier League,2017/2018,West Brom,Arsenal,1,1
9494,Premier League,2017/2018,Brighton,Bournemouth,2,2
9495,Premier League,2017/2018,Burnley,Liverpool,1,2
9496,Premier League,2017/2018,Everton,Man United,0,2
9497,Premier League,2017/2018,Leicester,Huddersfield,3,0
9498,Premier League,2017/2018,Stoke,Newcastle,0,1
9499,Premier League,2017/2018,Man City,Watford,3,1
9500,Premier League,2017/2018,Southampton,Crystal Palace,1,2
9501,Premier League,2017/2018,Swansea,Tottenham,0,2
9502,Premier League,2017/2018,West Ham,West Brom,2,1
9503,Premier League,2017/2018,Arsenal,Chelsea,2,2
9504,Premier League,2017/2018,Tottenham,West Ham,1,1
9505,Premier League,2017/2018,Chelsea,Leicester,0,0
9506,Premier League,2017/2018,Crystal Palace,Burnley,1,0
9507,Premier League,2017/2018,Huddersfield,West Ham,1,4
9508,Premier League,2017/2018,Newcastle,Swansea,1,1
9509,Premier League,2017/2018,Tottenham,Everton,4,0
9510,Premier League,2017/2018,Watford,Southampton,2,2
9511,Premier League,2017/2018,West Brom,Brighton,2,0
9512,Premier League,2017/2018,Bournemouth,Arsenal,2,1
9513,Premier League,2017/2018,Liverpool,Man City,4,3
9514,Premier League,2017/2018,Man United,Stoke,3,0
9515,Premier League,2017/2018,Arsenal,Crystal Palace,4,1
9516,Premier League,2017/2018,Brighton,Chelsea,0,4
9517,Premier League,2017/2018,Burnley,Man United,0,1
9518,Premier League,2017/2018,Everton,West Brom,1,1
9519,Premier League,2017/2018,Leicester,Watford,2,0
9520,Premier League,2017/2018,Man City,Newcastle,3,1
9521,Premier League,2017/2018,Stoke,Huddersfield,2,0
9522,Premier League,2017/2018,West Ham,Bournemouth,1,1
9523,Premier League,2017/2018,Southampton,Tottenham,1,1
9524,Premier League,2017/2018,Swansea,Liverpool,1,0
9525,Premier League,2017/2018,Huddersfield,Liverpool,0,3
9526,Premier League,2017/2018,Swansea,Arsenal,3,1
9527,Premier League,2017/2018,West Ham,Crystal Palace,1,1
9528,Premier League,2017/2018,Chelsea,Bournemouth,0,3
9529,Premier League,2017/2018,Everton,Leicester,2,1
9530,Premier League,2017/2018,Man City,West Brom,3,0
9531,Premier League,2017/2018,Newcastle,Burnley,1,1
9532,Premier League,2017/2018,Southampton,Brighton,1,1
9533,Premier League,2017/2018,Stoke,Watford,0,0
9534,Premier League,2017/2018,Tottenham,Man United,2,0
9535,Premier League,2017/2018,Arsenal,Everton,5,1
9536,Premier League,2017/2018,Bournemouth,Stoke,2,1
9537,Premier League,2017/2018,Brighton,West Ham,3,1
9538,Premier League,2017/2018,Burnley,Man City,1,1
9539,Premier League,2017/2018,Leicester,Swansea,1,1
9540,Premier League,2017/2018,Man United,Huddersfield,2,0
9541,Premier League,2017/2018,West Brom,Southampton,2,3
9542,Premier League,2017/2018,Crystal Palace,Newcastle,1,1
9543,Premier League,2017/2018,Liverpool,Tottenham,2,2
9544,Premier League,2017/2018,Watford,Chelsea,4,1
9545,Premier League,2017/2018,Everton,Crystal Palace,3,1
9546,Premier League,2017/2018,Man City,Leicester,5,1
9547,Premier League,2017/2018,Stoke,Brighton,1,1
9548,Premier League,2017/2018,Swansea,Burnley,1,0
9549,Premier League,2017/2018,Tottenham,Arsenal,1,0
9550,Premier League,2017/2018,West Ham,Watford,2,0
9551,Premier League,2017/2018,Huddersfield,Bournemouth,4,1
9552,Premier League,2017/2018,Newcastle,Man United,1,0
9553,Premier League,2017/2018,Southampton,Liverpool,0,2
9554,Premier League,2017/2018,Chelsea,West Brom,3,0
9555,Premier League,2017/2018,Bournemouth,Newcastle,2,2
9556,Premier League,2017/2018,Brighton,Swansea,4,1
9557,Premier League,2017/2018,Burnley,Southampton,1,1
9558,Premier League,2017/2018,Leicester,Stoke,1,1
9559,Premier League,2017/2018,Liverpool,West Ham,4,1
9560,Premier League,2017/2018,Watford,Everton,1,0
9561,Premier League,2017/2018,West Brom,Huddersfield,1,2
9562,Premier League,2017/2018,Crystal Palace,Tottenham,0,1
9563,Premier League,2017/2018,Man United,Chelsea,2,1
9564,Premier League,2017/2018,Arsenal,Man City,0,3
9565,Premier League,2017/2018,Burnley,Everton,2,1
9566,Premier League,2017/2018,Leicester,Bournemouth,1,1
9567,Premier League,2017/2018,Liverpool,Newcastle,2,0
9568,Premier League,2017/2018,Southampton,Stoke,0,0
9569,Premier League,2017/2018,Swansea,West Ham,4,1
9570,Premier League,2017/2018,Tottenham,Huddersfield,2,0
9571,Premier League,2017/2018,Watford,West Brom,1,0
9572,Premier League,2017/2018,Brighton,Arsenal,2,1
9573,Premier League,2017/2018,Man City,Chelsea,1,0
9574,Premier League,2017/2018,Crystal Palace,Man United,2,3
9575,Premier League,2017/2018,Chelsea,Crystal Palace,2,1
9576,Premier League,2017/2018,Everton,Brighton,2,0
9577,Premier League,2017/2018,Huddersfield,Swansea,0,0
9578,Premier League,2017/2018,Man United,Liverpool,2,1
9579,Premier League,2017/2018,Newcastle,Southampton,3,0
9580,Premier League,2017/2018,West Brom,Leicester,1,4
9581,Premier League,2017/2018,West Ham,Burnley,0,3
9582,Premier League,2017/2018,Arsenal,Watford,3,0
9583,Premier League,2017/2018,Bournemouth,Tottenham,1,4
9584,Premier League,2017/2018,Stoke,Man City,0,2
9585,Premier League,2017/2018,Bournemouth,West Brom,2,1
9586,Premier League,2017/2018,Huddersfield,Crystal Palace,0,2
9587,Premier League,2017/2018,Liverpool,Watford,5,0
9588,Premier League,2017/2018,Stoke,Everton,1,2
9589,Premier League,2017/2018,Brighton,Leicester,0,2
9590,Premier League,2017/2018,Crystal Palace,Liverpool,1,2
9591,Premier League,2017/2018,Everton,Man City,1,3
9592,Premier League,2017/2018,Man United,Swansea,2,0
9593,Premier League,2017/2018,Newcastle,Huddersfield,1,0
9594,Premier League,2017/2018,Watford,Bournemouth,2,2
9595,Premier League,2017/2018,West Brom,Burnley,1,2
9596,Premier League,2017/2018,West Ham,Southampton,3,0
9597,Premier League,2017/2018,Arsenal,Stoke,3,0
9598,Premier League,2017/2018,Chelsea,Tottenham,1,3
9599,Premier League,2017/2018,Bournemouth,Crystal Palace,2,2
9600,Premier League,2017/2018,Brighton,Huddersfield,1,1
9601,Premier League,2017/2018,Everton,Liverpool,0,0
9602,Premier League,2017/2018,Leicester,Newcastle,1,2
9603,Premier League,2017/2018,Man City,Man United,2,3
9604,Premier League,2017/2018,Stoke,Tottenham,1,2
9605,Premier League,2017/2018,Watford,Burnley,1,2
9606,Premier League,2017/2018,West Brom,Swansea,1,1
9607,Premier League,2017/2018,Arsenal,Southampton,3,2
9608,Premier League,2017/2018,Chelsea,West Ham,1,1
9609,Premier League,2017/2018,Burnley,Leicester,2,1
9610,Premier League,2017/2018,Crystal Palace,Brighton,3,2
9611,Premier League,2017/2018,Huddersfield,Watford,1,0
9612,Premier League,2017/2018,Liverpool,Bournemouth,3,0
9613,Premier League,2017/2018,Southampton,Chelsea,2,3
9614,Premier League,2017/2018,Swansea,Everton,1,1
9615,Premier League,2017/2018,Tottenham,Man City,1,3
9616,Premier League,2017/2018,Man United,West Brom,0,1
9617,Premier League,2017/2018,Newcastle,Arsenal,2,1
9618,Premier League,2017/2018,West Ham,Stoke,1,1
9619,Premier League,2017/2018,Brighton,Tottenham,1,1
9620,Premier League,2017/2018,Bournemouth,Man United,0,2
9621,Premier League,2017/2018,Burnley,Chelsea,1,2
9622,Premier League,2017/2018,Leicester,Southampton,0,0
9623,Premier League,2017/2018,Watford,Crystal Palace,0,0
9624,Premier League,2017/2018,West Brom,Liverpool,2,2
9625,Premier League,2017/2018,Arsenal,West Ham,4,1
9626,Premier League,2017/2018,Man City,Swansea,5,0
9627,Premier League,2017/2018,Stoke,Burnley,1,1
9628,Premier League,2017/2018,Everton,Newcastle,1,0
9629,Premier League,2017/2018,Burnley,Brighton,0,0
9630,Premier League,2017/2018,Crystal Palace,Leicester,5,0
9631,Premier League,2017/2018,Huddersfield,Everton,0,2
9632,Premier League,2017/2018,Liverpool,Stoke,0,0
9633,Premier League,2017/2018,Newcastle,West Brom,0,1
9634,Premier League,2017/2018,Southampton,Bournemouth,2,1
9635,Premier League,2017/2018,Swansea,Chelsea,0,1
9636,Premier League,2017/2018,Man United,Arsenal,2,1
9637,Premier League,2017/2018,West Ham,Man City,1,4
9638,Premier League,2017/2018,Tottenham,Watford,2,0
9639,Premier League,2017/2018,Brighton,Man United,1,0
9640,Premier League,2017/2018,Bournemouth,Swansea,1,0
9641,Premier League,2017/2018,Everton,Southampton,1,1
9642,Premier League,2017/2018,Leicester,West Ham,0,2
9643,Premier League,2017/2018,Stoke,Crystal Palace,1,2
9644,Premier League,2017/2018,Watford,Newcastle,2,1
9645,Premier League,2017/2018,West Brom,Tottenham,1,0
9646,Premier League,2017/2018,Arsenal,Burnley,5,0
9647,Premier League,2017/2018,Chelsea,Liverpool,1,0
9648,Premier League,2017/2018,Man City,Huddersfield,0,0
9649,Premier League,2017/2018,Swansea,Southampton,0,1
9650,Premier League,2017/2018,Chelsea,Huddersfield,1,1
9651,Premier League,2017/2018,Leicester,Arsenal,3,1
9652,Premier League,2017/2018,Man City,Brighton,3,1
9653,Premier League,2017/2018,Tottenham,Newcastle,1,0
9654,Premier League,2017/2018,West Ham,Man United,0,0
9655,Premier League,2017/2018,Burnley,Bournemouth,1,2
9656,Premier League,2017/2018,Crystal Palace,West Brom,2,0
9657,Premier League,2017/2018,Huddersfield,Arsenal,0,1
9658,Premier League,2017/2018,Liverpool,Brighton,4,0
9659,Premier League,2017/2018,Man United,Watford,1,0
9660,Premier League,2017/2018,Newcastle,Chelsea,3,0
9661,Premier League,2017/2018,Southampton,Man City,0,1
9662,Premier League,2017/2018,Swansea,Stoke,1,2
9663,Premier League,2017/2018,Tottenham,Leicester,5,4
9664,Premier League,2017/2018,West Ham,Everton,3,1
9665,Premier League,2018/2019,Man United,Leicester,2,1
9666,Premier League,2018/2019,Bournemouth,Cardiff,2,0
9667,Premier League,2018/2019,Fulham,Crystal Palace,0,2
9668,Premier League,2018/2019,Huddersfield,Chelsea,0,3
9669,Premier League,2018/2019,Newcastle,Tottenham,1,2
9670,Premier League,2018/2019,Watford,Brighton,2,0
9671,Premier League,2018/2019,Wolves,Everton,2,2
9672,Premier League,2018/2019,Arsenal,Man City,0,2
9673,Premier League,2018/2019,Liverpool,West Ham,4,0
9674,Premier League,2018/2019,Southampton,Burnley,0,0
9675,Premier League,2018/2019,Cardiff,Newcastle,0,0
9676,Premier League,2018/2019,Chelsea,Arsenal,3,2
9677,Premier League,2018/2019,Everton,Southampton,2,1
9678,Premier League,2018/2019,Leicester,Wolves,2,0
9679,Premier League,2018/2019,Tottenham,Fulham,3,1
9680,Premier League,2018/2019,West Ham,Bournemouth,1,2
9681,Premier League,2018/2019,Brighton,Man United,3,2
9682,Premier League,2018/2019,Burnley,Watford,1,3
9683,Premier League,2018/2019,Man City,Huddersfield,6,1
9684,Premier League,2018/2019,Crystal Palace,Liverpool,0,2
9685,Premier League,2018/2019,Arsenal,West Ham,3,1
9686,Premier League,2018/2019,Bournemouth,Everton,2,2
9687,Premier League,2018/2019,Huddersfield,Cardiff,0,0
9688,Premier League,2018/2019,Liverpool,Brighton,1,0
9689,Premier League,2018/2019,Southampton,Leicester,1,2
9690,Premier League,2018/2019,Wolves,Man City,1,1
9691,Premier League,2018/2019,Fulham,Burnley,4,2
9692,Premier League,2018/2019,Newcastle,Chelsea,1,2
9693,Premier League,2018/2019,Watford,Crystal Palace,2,1
9694,Premier League,2018/2019,Man United,Tottenham,0,3
9695,Premier League,2018/2019,Brighton,Fulham,2,2
9696,Premier League,2018/2019,Chelsea,Bournemouth,2,0
9697,Premier League,2018/2019,Crystal Palace,Southampton,0,2
9698,Premier League,2018/2019,Everton,Huddersfield,1,1
9699,Premier League,2018/2019,Leicester,Liverpool,1,2
9700,Premier League,2018/2019,Man City,Newcastle,2,1
9701,Premier League,2018/2019,West Ham,Wolves,0,1
9702,Premier League,2018/2019,Burnley,Man United,0,2
9703,Premier League,2018/2019,Cardiff,Arsenal,2,3
9704,Premier League,2018/2019,Watford,Tottenham,2,1
9705,Premier League,2018/2019,Bournemouth,Leicester,4,2
9706,Premier League,2018/2019,Chelsea,Cardiff,4,1
9707,Premier League,2018/2019,Huddersfield,Crystal Palace,0,1
9708,Premier League,2018/2019,Man City,Fulham,3,0
9709,Premier League,2018/2019,Newcastle,Arsenal,1,2
9710,Premier League,2018/2019,Tottenham,Liverpool,1,2
9711,Premier League,2018/2019,Watford,Man United,1,2
9712,Premier League,2018/2019,Everton,West Ham,1,3
9713,Premier League,2018/2019,Wolves,Burnley,1,0
9714,Premier League,2018/2019,Southampton,Brighton,2,2
9715,Premier League,2018/2019,Brighton,Tottenham,1,2
9716,Premier League,2018/2019,Burnley,Bournemouth,4,0
9717,Premier League,2018/2019,Cardiff,Man City,0,5
9718,Premier League,2018/2019,Crystal Palace,Newcastle,0,0
9719,Premier League,2018/2019,Fulham,Watford,1,1
9720,Premier League,2018/2019,Leicester,Huddersfield,3,1
9721,Premier League,2018/2019,Liverpool,Southampton,3,0
9722,Premier League,2018/2019,Man United,Wolves,1,1
9723,Premier League,2018/2019,Arsenal,Everton,2,0
9724,Premier League,2018/2019,West Ham,Chelsea,0,0
9725,Premier League,2018/2019,Arsenal,Watford,2,0
9726,Premier League,2018/2019,Chelsea,Liverpool,1,1
9727,Premier League,2018/2019,Everton,Fulham,3,0
9728,Premier League,2018/2019,Huddersfield,Tottenham,0,2
9729,Premier League,2018/2019,Man City,Brighton,2,0
9730,Premier League,2018/2019,Newcastle,Leicester,0,2
9731,Premier League,2018/2019,West Ham,Man United,3,1
9732,Premier League,2018/2019,Wolves,Southampton,2,0
9733,Premier League,2018/2019,Cardiff,Burnley,1,2
9734,Premier League,2018/2019,Bournemouth,Crystal Palace,2,1
9735,Premier League,2018/2019,Brighton,West Ham,1,0
9736,Premier League,2018/2019,Burnley,Huddersfield,1,1
9737,Premier League,2018/2019,Crystal Palace,Wolves,0,1
9738,Premier League,2018/2019,Leicester,Everton,1,2
9739,Premier League,2018/2019,Man United,Newcastle,3,2
9740,Premier League,2018/2019,Tottenham,Cardiff,1,0
9741,Premier League,2018/2019,Watford,Bournemouth,0,4
9742,Premier League,2018/2019,Fulham,Arsenal,1,5
9743,Premier League,2018/2019,Liverpool,Man City,0,0
9744,Premier League,2018/2019,Southampton,Chelsea,0,3
9745,Premier League,2018/2019,Bournemouth,Southampton,0,0
9746,Premier League,2018/2019,Cardiff,Fulham,4,2
9747,Premier League,2018/2019,Chelsea,Man United,2,2
9748,Premier League,2018/2019,Huddersfield,Liverpool,0,1
9749,Premier League,2018/2019,Man City,Burnley,5,0
9750,Premier League,2018/2019,Newcastle,Brighton,0,1
9751,Premier League,2018/2019,West Ham,Tottenham,0,1
9752,Premier League,2018/2019,Wolves,Watford,0,2
9753,Premier League,2018/2019,Everton,Crystal Palace,2,0
9754,Premier League,2018/2019,Arsenal,Leicester,3,1
9755,Premier League,2018/2019,Brighton,Wolves,1,0
9756,Premier League,2018/2019,Fulham,Bournemouth,0,3
9757,Premier League,2018/2019,Leicester,West Ham,1,1
9758,Premier League,2018/2019,Liverpool,Cardiff,4,1
9759,Premier League,2018/2019,Southampton,Newcastle,0,0
9760,Premier League,2018/2019,Watford,Huddersfield,3,0
9761,Premier League,2018/2019,Burnley,Chelsea,0,4
9762,Premier League,2018/2019,Crystal Palace,Arsenal,2,2
9763,Premier League,2018/2019,Man United,Everton,2,1
9764,Premier League,2018/2019,Tottenham,Man City,0,1
9765,Premier League,2018/2019,Arsenal,Liverpool,1,1
9766,Premier League,2018/2019,Bournemouth,Man United,1,2
9767,Premier League,2018/2019,Cardiff,Leicester,0,1
9768,Premier League,2018/2019,Everton,Brighton,3,1
9769,Premier League,2018/2019,Newcastle,Watford,1,0
9770,Premier League,2018/2019,West Ham,Burnley,4,2
9771,Premier League,2018/2019,Wolves,Tottenham,2,3
9772,Premier League,2018/2019,Chelsea,Crystal Palace,3,1
9773,Premier League,2018/2019,Man City,Southampton,6,1
9774,Premier League,2018/2019,Huddersfield,Fulham,1,0
9775,Premier League,2018/2019,Cardiff,Brighton,2,1
9776,Premier League,2018/2019,Crystal Palace,Tottenham,0,1
9777,Premier League,2018/2019,Huddersfield,West Ham,1,1
9778,Premier League,2018/2019,Leicester,Burnley,0,0
9779,Premier League,2018/2019,Newcastle,Bournemouth,2,1
9780,Premier League,2018/2019,Southampton,Watford,1,1
9781,Premier League,2018/2019,Arsenal,Wolves,1,1
9782,Premier League,2018/2019,Chelsea,Everton,0,0
9783,Premier League,2018/2019,Liverpool,Fulham,2,0
9784,Premier League,2018/2019,Man City,Man United,3,1
9785,Premier League,2018/2019,Brighton,Leicester,1,1
9786,Premier League,2018/2019,Everton,Cardiff,1,0
9787,Premier League,2018/2019,Fulham,Southampton,3,2
9788,Premier League,2018/2019,Man United,Crystal Palace,0,0
9789,Premier League,2018/2019,Tottenham,Chelsea,3,1
9790,Premier League,2018/2019,Watford,Liverpool,0,3
9791,Premier League,2018/2019,West Ham,Man City,0,4
9792,Premier League,2018/2019,Bournemouth,Arsenal,1,2
9793,Premier League,2018/2019,Wolves,Huddersfield,0,2
9794,Premier League,2018/2019,Burnley,Newcastle,1,2
9795,Premier League,2018/2019,Cardiff,Wolves,2,1
9796,Premier League,2018/2019,Crystal Palace,Burnley,2,0
9797,Premier League,2018/2019,Huddersfield,Brighton,1,2
9798,Premier League,2018/2019,Leicester,Watford,2,0
9799,Premier League,2018/2019,Man City,Bournemouth,3,1
9800,Premier League,2018/2019,Newcastle,West Ham,0,3
9801,Premier League,2018/2019,Southampton,Man United,2,2
9802,Premier League,2018/2019,Arsenal,Tottenham,4,2
9803,Premier League,2018/2019,Chelsea,Fulham,2,0
9804,Premier League,2018/2019,Liverpool,Everton,1,0
9805,Premier League,2018/2019,Bournemouth,Huddersfield,2,1
9806,Premier League,2018/2019,Brighton,Crystal Palace,3,1
9807,Premier League,2018/2019,Watford,Man City,1,2
9808,Premier League,2018/2019,West Ham,Cardiff,3,1
9809,Premier League,2018/2019,Burnley,Liverpool,1,3
9810,Premier League,2018/2019,Everton,Newcastle,1,1
9811,Premier League,2018/2019,Fulham,Leicester,1,1
9812,Premier League,2018/2019,Man United,Arsenal,2,2
9813,Premier League,2018/2019,Tottenham,Southampton,3,1
9814,Premier League,2018/2019,Wolves,Chelsea,2,1
9815,Premier League,2018/2019,Arsenal,Huddersfield,1,0
9816,Premier League,2018/2019,Bournemouth,Liverpool,0,4
9817,Premier League,2018/2019,Burnley,Brighton,1,0
9818,Premier League,2018/2019,Cardiff,Southampton,1,0
9819,Premier League,2018/2019,Chelsea,Man City,2,0
9820,Premier League,2018/2019,Leicester,Tottenham,0,2
9821,Premier League,2018/2019,Man United,Fulham,4,1
9822,Premier League,2018/2019,West Ham,Crystal Palace,3,2
9823,Premier League,2018/2019,Newcastle,Wolves,1,2
9824,Premier League,2018/2019,Everton,Watford,2,2
9825,Premier League,2018/2019,Crystal Palace,Leicester,1,0
9826,Premier League,2018/2019,Fulham,West Ham,0,2
9827,Premier League,2018/2019,Huddersfield,Newcastle,0,1
9828,Premier League,2018/2019,Man City,Everton,3,1
9829,Premier League,2018/2019,Tottenham,Burnley,1,0
9830,Premier League,2018/2019,Watford,Cardiff,3,2
9831,Premier League,2018/2019,Wolves,Bournemouth,2,0
9832,Premier League,2018/2019,Brighton,Chelsea,1,2
9833,Premier League,2018/2019,Liverpool,Man United,3,1
9834,Premier League,2018/2019,Southampton,Arsenal,3,2
9835,Premier League,2018/2019,Wolves,Liverpool,0,2
9836,Premier League,2018/2019,Arsenal,Burnley,3,1
9837,Premier League,2018/2019,Bournemouth,Brighton,2,0
9838,Premier League,2018/2019,Cardiff,Man United,1,5
9839,Premier League,2018/2019,Chelsea,Leicester,0,1
9840,Premier League,2018/2019,Huddersfield,Southampton,1,3
9841,Premier League,2018/2019,Man City,Crystal Palace,2,3
9842,Premier League,2018/2019,Newcastle,Fulham,0,0
9843,Premier League,2018/2019,West Ham,Watford,0,2
9844,Premier League,2018/2019,Everton,Tottenham,2,6
9845,Premier League,2018/2019,Brighton,Arsenal,1,1
9846,Premier League,2018/2019,Burnley,Everton,1,5
9847,Premier League,2018/2019,Crystal Palace,Cardiff,0,0
9848,Premier League,2018/2019,Fulham,Wolves,1,1
9849,Premier League,2018/2019,Leicester,Man City,2,1
9850,Premier League,2018/2019,Liverpool,Newcastle,4,0
9851,Premier League,2018/2019,Man United,Huddersfield,3,1
9852,Premier League,2018/2019,Tottenham,Bournemouth,5,0
9853,Premier League,2018/2019,Watford,Chelsea,1,2
9854,Premier League,2018/2019,Southampton,West Ham,1,2
9855,Premier League,2018/2019,Brighton,Everton,1,0
9856,Premier League,2018/2019,Fulham,Huddersfield,1,0
9857,Premier League,2018/2019,Leicester,Cardiff,0,1
9858,Premier League,2018/2019,Liverpool,Arsenal,5,1
9859,Premier League,2018/2019,Tottenham,Wolves,1,3
9860,Premier League,2018/2019,Watford,Newcastle,1,1
9861,Premier League,2018/2019,Burnley,West Ham,2,0
9862,Premier League,2018/2019,Crystal Palace,Chelsea,0,1
9863,Premier League,2018/2019,Man United,Bournemouth,4,1
9864,Premier League,2018/2019,Southampton,Man City,1,3
9865,Premier League,2018/2019,Arsenal,Fulham,4,1
9866,Premier League,2018/2019,Cardiff,Tottenham,0,3
9867,Premier League,2018/2019,Everton,Leicester,0,1
9868,Premier League,2018/2019,Bournemouth,Watford,3,3
9869,Premier League,2018/2019,Chelsea,Southampton,0,0
9870,Premier League,2018/2019,Huddersfield,Burnley,1,2
9871,Premier League,2018/2019,Newcastle,Man United,0,2
9872,Premier League,2018/2019,West Ham,Brighton,2,2
9873,Premier League,2018/2019,Wolves,Crystal Palace,0,2
9874,Premier League,2018/2019,Man City,Liverpool,2,1
9875,Premier League,2018/2019,Brighton,Liverpool,0,1
9876,Premier League,2018/2019,Burnley,Fulham,2,1
9877,Premier League,2018/2019,Cardiff,Huddersfield,0,0
9878,Premier League,2018/2019,Chelsea,Newcastle,2,1
9879,Premier League,2018/2019,Crystal Palace,Watford,1,2
9880,Premier League,2018/2019,Leicester,Southampton,1,2
9881,Premier League,2018/2019,West Ham,Arsenal,1,0
9882,Premier League,2018/2019,Everton,Bournemouth,2,0
9883,Premier League,2018/2019,Tottenham,Man United,0,1
9884,Premier League,2018/2019,Man City,Wolves,3,0
9885,Premier League,2018/2019,Arsenal,Chelsea,2,0
9886,Premier League,2018/2019,Bournemouth,West Ham,2,0
9887,Premier League,2018/2019,Liverpool,Crystal Palace,4,3
9888,Premier League,2018/2019,Man United,Brighton,2,1
9889,Premier League,2018/2019,Newcastle,Cardiff,3,0
9890,Premier League,2018/2019,Southampton,Everton,2,1
9891,Premier League,2018/2019,Watford,Burnley,0,0
9892,Premier League,2018/2019,Wolves,Leicester,4,3
9893,Premier League,2018/2019,Fulham,Tottenham,1,2
9894,Premier League,2018/2019,Huddersfield,Man City,0,3
9895,Premier League,2018/2019,Arsenal,Cardiff,2,1
9896,Premier League,2018/2019,Fulham,Brighton,4,2
9897,Premier League,2018/2019,Huddersfield,Everton,0,1
9898,Premier League,2018/2019,Man United,Burnley,2,2
9899,Premier League,2018/2019,Newcastle,Man City,2,1
9900,Premier League,2018/2019,Wolves,West Ham,3,0
9901,Premier League,2018/2019,Bournemouth,Chelsea,4,0
9902,Premier League,2018/2019,Liverpool,Leicester,1,1
9903,Premier League,2018/2019,Southampton,Crystal Palace,1,1
9904,Premier League,2018/2019,Tottenham,Watford,2,1
9905,Premier League,2018/2019,Brighton,Watford,0,0
9906,Premier League,2018/2019,Burnley,Southampton,1,1
9907,Premier League,2018/2019,Cardiff,Bournemouth,2,0
9908,Premier League,2018/2019,Chelsea,Huddersfield,5,0
9909,Premier League,2018/2019,Crystal Palace,Fulham,2,0
9910,Premier League,2018/2019,Everton,Wolves,1,3
9911,Premier League,2018/2019,Tottenham,Newcastle,1,0
9912,Premier League,2018/2019,Leicester,Man United,0,1
9913,Premier League,2018/2019,Man City,Arsenal,3,1
9914,Premier League,2018/2019,West Ham,Liverpool,1,1
9915,Premier League,2018/2019,Everton,Man City,0,2
9916,Premier League,2018/2019,Brighton,Burnley,1,3
9917,Premier League,2018/2019,Crystal Palace,West Ham,1,1
9918,Premier League,2018/2019,Fulham,Man United,0,3
9919,Premier League,2018/2019,Huddersfield,Arsenal,1,2
9920,Premier League,2018/2019,Liverpool,Bournemouth,3,0
9921,Premier League,2018/2019,Southampton,Cardiff,1,2
9922,Premier League,2018/2019,Watford,Everton,1,0
9923,Premier League,2018/2019,Man City,Chelsea,6,0
9924,Premier League,2018/2019,Tottenham,Leicester,3,1
9925,Premier League,2018/2019,Wolves,Newcastle,1,1
9926,Premier League,2018/2019,Cardiff,Watford,1,5
9927,Premier League,2018/2019,West Ham,Fulham,3,1
9928,Premier League,2018/2019,Bournemouth,Wolves,1,1
9929,Premier League,2018/2019,Burnley,Tottenham,2,1
9930,Premier League,2018/2019,Leicester,Crystal Palace,1,4
9931,Premier League,2018/2019,Newcastle,Huddersfield,2,0
9932,Premier League,2018/2019,Arsenal,Southampton,2,0
9933,Premier League,2018/2019,Man United,Liverpool,0,0
9934,Premier League,2018/2019,Cardiff,Everton,0,3
9935,Premier League,2018/2019,Huddersfield,Wolves,1,0
9936,Premier League,2018/2019,Leicester,Brighton,2,1
9937,Premier League,2018/2019,Newcastle,Burnley,2,0
9938,Premier League,2018/2019,Arsenal,Bournemouth,5,1
9939,Premier League,2018/2019,Chelsea,Tottenham,2,0
9940,Premier League,2018/2019,Crystal Palace,Man United,1,3
9941,Premier League,2018/2019,Liverpool,Watford,5,0
9942,Premier League,2018/2019,Man City,West Ham,1,0
9943,Premier League,2018/2019,Southampton,Fulham,2,0
9944,Premier League,2018/2019,Bournemouth,Man City,0,1
9945,Premier League,2018/2019,Brighton,Huddersfield,1,0
9946,Premier League,2018/2019,Burnley,Crystal Palace,1,3
9947,Premier League,2018/2019,Man United,Southampton,3,2
9948,Premier League,2018/2019,Tottenham,Arsenal,1,1
9949,Premier League,2018/2019,West Ham,Newcastle,2,0
9950,Premier League,2018/2019,Wolves,Cardiff,2,0
9951,Premier League,2018/2019,Everton,Liverpool,0,0
9952,Premier League,2018/2019,Fulham,Chelsea,1,2
9953,Premier League,2018/2019,Watford,Leicester,2,1
9954,Premier League,2018/2019,Cardiff,West Ham,2,0
9955,Premier League,2018/2019,Crystal Palace,Brighton,1,2
9956,Premier League,2018/2019,Huddersfield,Bournemouth,0,2
9957,Premier League,2018/2019,Leicester,Fulham,3,1
9958,Premier League,2018/2019,Man City,Watford,3,1
9959,Premier League,2018/2019,Newcastle,Everton,3,2
9960,Premier League,2018/2019,Southampton,Tottenham,2,1
9961,Premier League,2018/2019,Arsenal,Man United,2,0
9962,Premier League,2018/2019,Chelsea,Wolves,1,1
9963,Premier League,2018/2019,Liverpool,Burnley,4,2
9964,Premier League,2018/2019,Bournemouth,Newcastle,2,2
9965,Premier League,2018/2019,Burnley,Leicester,1,2
9966,Premier League,2018/2019,West Ham,Huddersfield,4,3
9967,Premier League,2018/2019,Everton,Chelsea,2,0
9968,Premier League,2018/2019,Fulham,Liverpool,1,2
9969,Premier League,2018/2019,Brighton,Southampton,0,1
9970,Premier League,2018/2019,Burnley,Wolves,2,0
9971,Premier League,2018/2019,Crystal Palace,Huddersfield,2,0
9972,Premier League,2018/2019,Fulham,Man City,0,2
9973,Premier League,2018/2019,Leicester,Bournemouth,2,0
9974,Premier League,2018/2019,Man United,Watford,2,1
9975,Premier League,2018/2019,West Ham,Everton,0,2
9976,Premier League,2018/2019,Cardiff,Chelsea,1,2
9977,Premier League,2018/2019,Liverpool,Tottenham,2,1
9978,Premier League,2018/2019,Arsenal,Newcastle,2,0
9979,Premier League,2018/2019,Watford,Fulham,4,1
9980,Premier League,2018/2019,Wolves,Man United,2,1
9981,Premier League,2018/2019,Chelsea,Brighton,3,0
9982,Premier League,2018/2019,Man City,Cardiff,2,0
9983,Premier League,2018/2019,Tottenham,Crystal Palace,2,0
9984,Premier League,2018/2019,Southampton,Liverpool,1,3
9985,Premier League,2018/2019,Bournemouth,Burnley,1,3
9986,Premier League,2018/2019,Huddersfield,Leicester,1,4
9987,Premier League,2018/2019,Newcastle,Crystal Palace,0,1
9988,Premier League,2018/2019,Everton,Arsenal,1,0
9989,Premier League,2018/2019,Chelsea,West Ham,2,0
9990,Premier League,2018/2019,Leicester,Newcastle,0,1
9991,Premier League,2018/2019,Brighton,Bournemouth,0,5
9992,Premier League,2018/2019,Burnley,Cardiff,2,0
9993,Premier League,2018/2019,Fulham,Everton,2,0
9994,Premier League,2018/2019,Man United,West Ham,2,1
9995,Premier League,2018/2019,Southampton,Wolves,3,1
9996,Premier League,2018/2019,Tottenham,Huddersfield,4,0
9997,Premier League,2018/2019,Crystal Palace,Man City,1,3
9998,Premier League,2018/2019,Liverpool,Chelsea,2,0
9999,Premier League,2018/2019,Watford,Arsenal,0,1
10000,Premier League,2018/2019,Brighton,Cardiff,0,2
10001,Premier League,2018/2019,Bournemouth,Fulham,0,1
10002,Premier League,2018/2019,Huddersfield,Watford,1,2
10003,Premier League,2018/2019,Man City,Tottenham,1,0
10004,Premier League,2018/2019,Newcastle,Southampton,3,1
10005,Premier League,2018/2019,West Ham,Leicester,2,2
10006,Premier League,2018/2019,Wolves,Brighton,0,0
10007,Premier League,2018/2019,Arsenal,Crystal Palace,2,3
10008,Premier League,2018/2019,Cardiff,Liverpool,0,2
10009,Premier League,2018/2019,Everton,Man United,4,0
10010,Premier League,2018/2019,Chelsea,Burnley,2,2
10011,Premier League,2018/2019,Tottenham,Brighton,1,0
10012,Premier League,2018/2019,Watford,Southampton,1,1
10013,Premier League,2018/2019,Man United,Man City,0,2
10014,Premier League,2018/2019,Wolves,Arsenal,3,1
10015,Premier League,2018/2019,Liverpool,Huddersfield,5,0
10016,Premier League,2018/2019,Brighton,Newcastle,1,1
10017,Premier League,2018/2019,Crystal Palace,Everton,0,0
10018,Premier League,2018/2019,Fulham,Cardiff,1,0
10019,Premier League,2018/2019,Southampton,Bournemouth,3,3
10020,Premier League,2018/2019,Tottenham,West Ham,0,1
10021,Premier League,2018/2019,Watford,Wolves,1,2
10022,Premier League,2018/2019,Burnley,Man City,0,1
10023,Premier League,2018/2019,Leicester,Arsenal,3,0
10024,Premier League,2018/2019,Man United,Chelsea,1,1
10025,Premier League,2018/2019,Everton,Burnley,2,0
10026,Premier League,2018/2019,Bournemouth,Tottenham,1,0
10027,Premier League,2018/2019,Cardiff,Crystal Palace,2,3
10028,Premier League,2018/2019,Newcastle,Liverpool,2,3
10029,Premier League,2018/2019,West Ham,Southampton,3,0
10030,Premier League,2018/2019,Wolves,Fulham,1,0
10031,Premier League,2018/2019,Arsenal,Brighton,1,1
10032,Premier League,2018/2019,Chelsea,Watford,3,0
10033,Premier League,2018/2019,Huddersfield,Man United,1,1
10034,Premier League,2018/2019,Man City,Leicester,1,0
10035,Premier League,2018/2019,Brighton,Man City,1,4
10036,Premier League,2018/2019,Burnley,Arsenal,1,3
10037,Premier League,2018/2019,Crystal Palace,Bournemouth,5,3
10038,Premier League,2018/2019,Fulham,Newcastle,0,4
10039,Premier League,2018/2019,Leicester,Chelsea,0,0
10040,Premier League,2018/2019,Liverpool,Wolves,2,0
10041,Premier League,2018/2019,Man United,Cardiff,0,2
10042,Premier League,2018/2019,Southampton,Huddersfield,1,1
10043,Premier League,2018/2019,Tottenham,Everton,2,2
10044,Premier League,2018/2019,Watford,West Ham,1,4
10045,Premier League,2019/2020,Liverpool,Norwich,4,1
10046,Premier League,2019/2020,West Ham,Man City,0,5
10047,Premier League,2019/2020,Bournemouth,Sheffield United,1,1
10048,Premier League,2019/2020,Burnley,Southampton,3,0
10049,Premier League,2019/2020,Crystal Palace,Everton,0,0
10050,Premier League,2019/2020,Watford,Brighton,0,3
10051,Premier League,2019/2020,Tottenham,Aston Villa,3,1
10052,Premier League,2019/2020,Leicester,Wolves,0,0
10053,Premier League,2019/2020,Newcastle,Arsenal,0,1
10054,Premier League,2019/2020,Man United,Chelsea,4,0
10055,Premier League,2019/2020,Arsenal,Burnley,2,1
10056,Premier League,2019/2020,Aston Villa,Bournemouth,1,2
10057,Premier League,2019/2020,Brighton,West Ham,1,1
10058,Premier League,2019/2020,Everton,Watford,1,0
10059,Premier League,2019/2020,Norwich,Newcastle,3,1
10060,Premier League,2019/2020,Southampton,Liverpool,1,2
10061,Premier League,2019/2020,Man City,Tottenham,2,2
10062,Premier League,2019/2020,Sheffield United,Crystal Palace,1,0
10063,Premier League,2019/2020,Chelsea,Leicester,1,1
10064,Premier League,2019/2020,Wolves,Man United,1,1
10065,Premier League,2019/2020,Aston Villa,Everton,2,0
10066,Premier League,2019/2020,Norwich,Chelsea,2,3
10067,Premier League,2019/2020,Brighton,Southampton,0,2
10068,Premier League,2019/2020,Man United,Crystal Palace,1,2
10069,Premier League,2019/2020,Sheffield United,Leicester,1,2
10070,Premier League,2019/2020,Watford,West Ham,1,3
10071,Premier League,2019/2020,Liverpool,Arsenal,3,1
10072,Premier League,2019/2020,Bournemouth,Man City,1,3
10073,Premier League,2019/2020,Tottenham,Newcastle,0,1
10074,Premier League,2019/2020,Wolves,Burnley,1,1
10075,Premier League,2019/2020,Southampton,Man United,1,1
10076,Premier League,2019/2020,Chelsea,Sheffield United,2,2
10077,Premier League,2019/2020,Crystal Palace,Aston Villa,1,0
10078,Premier League,2019/2020,Leicester,Bournemouth,3,1
10079,Premier League,2019/2020,Man City,Brighton,4,0
10080,Premier League,2019/2020,Newcastle,Watford,1,1
10081,Premier League,2019/2020,West Ham,Norwich,2,0
10082,Premier League,2019/2020,Burnley,Liverpool,0,3
10083,Premier League,2019/2020,Everton,Wolves,3,2
10084,Premier League,2019/2020,Arsenal,Tottenham,2,2
10085,Premier League,2019/2020,Liverpool,Newcastle,3,1
10086,Premier League,2019/2020,Brighton,Burnley,1,1
10087,Premier League,2019/2020,Man United,Leicester,1,0
10088,Premier League,2019/2020,Sheffield United,Southampton,0,1
10089,Premier League,2019/2020,Tottenham,Crystal Palace,4,0
10090,Premier League,2019/2020,Wolves,Chelsea,2,5
10091,Premier League,2019/2020,Norwich,Man City,3,2
10092,Premier League,2019/2020,Bournemouth,Everton,3,1
10093,Premier League,2019/2020,Watford,Arsenal,2,2
10094,Premier League,2019/2020,Aston Villa,West Ham,0,0
10095,Premier League,2019/2020,Southampton,Bournemouth,1,3
10096,Premier League,2019/2020,Leicester,Tottenham,2,1
10097,Premier League,2019/2020,Burnley,Norwich,2,0
10098,Premier League,2019/2020,Everton,Sheffield United,0,2
10099,Premier League,2019/2020,Man City,Watford,8,0
10100,Premier League,2019/2020,Newcastle,Brighton,0,0
10101,Premier League,2019/2020,Crystal Palace,Wolves,1,1
10102,Premier League,2019/2020,West Ham,Man United,2,0
10103,Premier League,2019/2020,Arsenal,Aston Villa,3,2
10104,Premier League,2019/2020,Chelsea,Liverpool,1,2
10105,Premier League,2019/2020,Sheffield United,Liverpool,0,1
10106,Premier League,2019/2020,Aston Villa,Burnley,2,2
10107,Premier League,2019/2020,Bournemouth,West Ham,2,2
10108,Premier League,2019/2020,Chelsea,Brighton,2,0
10109,Premier League,2019/2020,Crystal Palace,Norwich,2,0
10110,Premier League,2019/2020,Tottenham,Southampton,2,1
10111,Premier League,2019/2020,Wolves,Watford,2,0
10112,Premier League,2019/2020,Everton,Man City,1,3
10113,Premier League,2019/2020,Leicester,Newcastle,5,0
10114,Premier League,2019/2020,Man United,Arsenal,1,1
10115,Premier League,2019/2020,Brighton,Tottenham,3,0
10116,Premier League,2019/2020,Burnley,Everton,1,0
10117,Premier League,2019/2020,Liverpool,Leicester,2,1
10118,Premier League,2019/2020,Norwich,Aston Villa,1,5
10119,Premier League,2019/2020,Watford,Sheffield United,0,0
10120,Premier League,2019/2020,West Ham,Crystal Palace,1,2
10121,Premier League,2019/2020,Arsenal,Bournemouth,1,0
10122,Premier League,2019/2020,Man City,Wolves,0,2
10123,Premier League,2019/2020,Southampton,Chelsea,1,4
10124,Premier League,2019/2020,Newcastle,Man United,1,0
10125,Premier League,2019/2020,Everton,West Ham,2,0
10126,Premier League,2019/2020,Aston Villa,Brighton,2,1
10127,Premier League,2019/2020,Bournemouth,Norwich,0,0
10128,Premier League,2019/2020,Chelsea,Newcastle,1,0
10129,Premier League,2019/2020,Leicester,Burnley,2,1
10130,Premier League,2019/2020,Tottenham,Watford,1,1
10131,Premier League,2019/2020,Wolves,Southampton,1,1
10132,Premier League,2019/2020,Crystal Palace,Man City,0,2
10133,Premier League,2019/2020,Man United,Liverpool,1,1
10134,Premier League,2019/2020,Sheffield United,Arsenal,1,0
10135,Premier League,2019/2020,Southampton,Leicester,0,9
10136,Premier League,2019/2020,Man City,Aston Villa,3,0
10137,Premier League,2019/2020,Brighton,Everton,3,2
10138,Premier League,2019/2020,Watford,Bournemouth,0,0
10139,Premier League,2019/2020,West Ham,Sheffield United,1,1
10140,Premier League,2019/2020,Burnley,Chelsea,2,4
10141,Premier League,2019/2020,Newcastle,Wolves,1,1
10142,Premier League,2019/2020,Arsenal,Crystal Palace,2,2
10143,Premier League,2019/2020,Liverpool,Tottenham,2,1
10144,Premier League,2019/2020,Norwich,Man United,1,3
10145,Premier League,2019/2020,Bournemouth,Man United,1,0
10146,Premier League,2019/2020,Arsenal,Wolves,1,1
10147,Premier League,2019/2020,Aston Villa,Liverpool,1,2
10148,Premier League,2019/2020,Brighton,Norwich,2,0
10149,Premier League,2019/2020,Man City,Southampton,2,1
10150,Premier League,2019/2020,Sheffield United,Burnley,3,0
10151,Premier League,2019/2020,West Ham,Newcastle,2,3
10152,Premier League,2019/2020,Watford,Chelsea,1,2
10153,Premier League,2019/2020,Crystal Palace,Leicester,0,2
10154,Premier League,2019/2020,Everton,Tottenham,1,1
10155,Premier League,2019/2020,Norwich,Watford,0,2
10156,Premier League,2019/2020,Chelsea,Crystal Palace,2,0
10157,Premier League,2019/2020,Burnley,West Ham,3,0
10158,Premier League,2019/2020,Newcastle,Bournemouth,2,1
10159,Premier League,2019/2020,Southampton,Everton,1,2
10160,Premier League,2019/2020,Tottenham,Sheffield United,1,1
10161,Premier League,2019/2020,Leicester,Arsenal,2,0
10162,Premier League,2019/2020,Man United,Brighton,3,1
10163,Premier League,2019/2020,Wolves,Aston Villa,2,1
10164,Premier League,2019/2020,Liverpool,Man City,3,1
10165,Premier League,2019/2020,West Ham,Tottenham,2,3
10166,Premier League,2019/2020,Arsenal,Southampton,2,2
10167,Premier League,2019/2020,Bournemouth,Wolves,1,2
10168,Premier League,2019/2020,Brighton,Leicester,0,2
10169,Premier League,2019/2020,Crystal Palace,Liverpool,1,2
10170,Premier League,2019/2020,Everton,Norwich,0,2
10171,Premier League,2019/2020,Watford,Burnley,0,3
10172,Premier League,2019/2020,Man City,Chelsea,2,1
10173,Premier League,2019/2020,Sheffield United,Man United,3,3
10174,Premier League,2019/2020,Aston Villa,Newcastle,2,0
10175,Premier League,2019/2020,Newcastle,Man City,2,2
10176,Premier League,2019/2020,Burnley,Crystal Palace,0,2
10177,Premier League,2019/2020,Chelsea,West Ham,0,1
10178,Premier League,2019/2020,Liverpool,Brighton,2,1
10179,Premier League,2019/2020,Tottenham,Bournemouth,3,2
10180,Premier League,2019/2020,Southampton,Watford,2,1
10181,Premier League,2019/2020,Norwich,Arsenal,2,2
10182,Premier League,2019/2020,Wolves,Sheffield United,1,1
10183,Premier League,2019/2020,Leicester,Everton,2,1
10184,Premier League,2019/2020,Man United,Aston Villa,2,2
10185,Premier League,2019/2020,Crystal Palace,Bournemouth,1,0
10186,Premier League,2019/2020,Burnley,Man City,1,4
10187,Premier League,2019/2020,Chelsea,Aston Villa,2,1
10188,Premier League,2019/2020,Leicester,Watford,2,0
10189,Premier League,2019/2020,Man United,Tottenham,2,1
10190,Premier League,2019/2020,Southampton,Norwich,2,1
10191,Premier League,2019/2020,Wolves,West Ham,2,0
10192,Premier League,2019/2020,Liverpool,Everton,5,2
10193,Premier League,2019/2020,Sheffield United,Newcastle,0,2
10194,Premier League,2019/2020,Arsenal,Brighton,1,2
10195,Premier League,2019/2020,Everton,Chelsea,3,1
10196,Premier League,2019/2020,Bournemouth,Liverpool,0,3
10197,Premier League,2019/2020,Tottenham,Burnley,5,0
10198,Premier League,2019/2020,Watford,Crystal Palace,0,0
10199,Premier League,2019/2020,Man City,Man United,1,2
10200,Premier League,2019/2020,Aston Villa,Leicester,1,4
10201,Premier League,2019/2020,Newcastle,Southampton,2,1
10202,Premier League,2019/2020,Norwich,Sheffield United,1,2
10203,Premier League,2019/2020,Brighton,Wolves,2,2
10204,Premier League,2019/2020,West Ham,Arsenal,1,3
10205,Premier League,2019/2020,Liverpool,Watford,2,0
10206,Premier League,2019/2020,Burnley,Newcastle,1,0
10207,Premier League,2019/2020,Chelsea,Bournemouth,0,1
10208,Premier League,2019/2020,Leicester,Norwich,1,1
10209,Premier League,2019/2020,Sheffield United,Aston Villa,2,0
10210,Premier League,2019/2020,Southampton,West Ham,0,1
10211,Premier League,2019/2020,Man United,Everton,1,1
10212,Premier League,2019/2020,Wolves,Tottenham,1,2
10213,Premier League,2019/2020,Arsenal,Man City,0,3
10214,Premier League,2019/2020,Crystal Palace,Brighton,1,1
10215,Premier League,2019/2020,Everton,Arsenal,0,0
10216,Premier League,2019/2020,Aston Villa,Southampton,1,3
10217,Premier League,2019/2020,Bournemouth,Burnley,0,1
10218,Premier League,2019/2020,Brighton,Sheffield United,0,1
10219,Premier League,2019/2020,Newcastle,Crystal Palace,1,0
10220,Premier League,2019/2020,Norwich,Wolves,1,2
10221,Premier League,2019/2020,Man City,Leicester,3,1
10222,Premier League,2019/2020,Watford,Man United,2,0
10223,Premier League,2019/2020,Tottenham,Chelsea,0,2
10224,Premier League,2019/2020,Tottenham,Brighton,2,1
10225,Premier League,2019/2020,Aston Villa,Norwich,1,0
10226,Premier League,2019/2020,Bournemouth,Arsenal,1,1
10227,Premier League,2019/2020,Chelsea,Southampton,0,2
10228,Premier League,2019/2020,Crystal Palace,West Ham,2,1
10229,Premier League,2019/2020,Everton,Burnley,1,0
10230,Premier League,2019/2020,Sheffield United,Watford,1,1
10231,Premier League,2019/2020,Man United,Newcastle,4,1
10232,Premier League,2019/2020,Leicester,Liverpool,0,4
10233,Premier League,2019/2020,Wolves,Man City,3,2
10234,Premier League,2019/2020,Brighton,Bournemouth,2,0
10235,Premier League,2019/2020,Newcastle,Everton,1,2
10236,Premier League,2019/2020,Southampton,Crystal Palace,1,1
10237,Premier League,2019/2020,Watford,Aston Villa,3,0
10238,Premier League,2019/2020,Norwich,Tottenham,2,2
10239,Premier League,2019/2020,West Ham,Leicester,1,2
10240,Premier League,2019/2020,Burnley,Man United,0,2
10241,Premier League,2019/2020,Arsenal,Chelsea,1,2
10242,Premier League,2019/2020,Liverpool,Wolves,1,0
10243,Premier League,2019/2020,Man City,Sheffield United,2,0
10244,Premier League,2019/2020,Brighton,Chelsea,1,1
10245,Premier League,2019/2020,Burnley,Aston Villa,1,2
10246,Premier League,2019/2020,Newcastle,Leicester,0,3
10247,Premier League,2019/2020,Southampton,Tottenham,1,0
10248,Premier League,2019/2020,Watford,Wolves,2,1
10249,Premier League,2019/2020,Man City,Everton,2,1
10250,Premier League,2019/2020,Norwich,Crystal Palace,1,1
10251,Premier League,2019/2020,West Ham,Bournemouth,4,0
10252,Premier League,2019/2020,Arsenal,Man United,2,0
10253,Premier League,2019/2020,Liverpool,Sheffield United,2,0
10254,Premier League,2019/2020,Sheffield United,West Ham,1,0
10255,Premier League,2019/2020,Crystal Palace,Arsenal,1,1
10256,Premier League,2019/2020,Chelsea,Burnley,3,0
10257,Premier League,2019/2020,Everton,Brighton,1,0
10258,Premier League,2019/2020,Leicester,Southampton,1,2
10259,Premier League,2019/2020,Man United,Norwich,4,0
10260,Premier League,2019/2020,Wolves,Newcastle,1,1
10261,Premier League,2019/2020,Tottenham,Liverpool,0,1
10262,Premier League,2019/2020,Bournemouth,Watford,0,3
10263,Premier League,2019/2020,Aston Villa,Man City,1,6
10264,Premier League,2019/2020,Watford,Tottenham,0,0
10265,Premier League,2019/2020,Arsenal,Sheffield United,1,1
10266,Premier League,2019/2020,Brighton,Aston Villa,1,1
10267,Premier League,2019/2020,Man City,Crystal Palace,2,2
10268,Premier League,2019/2020,Norwich,Bournemouth,1,0
10269,Premier League,2019/2020,Southampton,Wolves,2,3
10270,Premier League,2019/2020,West Ham,Everton,1,1
10271,Premier League,2019/2020,Newcastle,Chelsea,1,0
10272,Premier League,2019/2020,Burnley,Leicester,2,1
10273,Premier League,2019/2020,Liverpool,Man United,2,0
10274,Premier League,2019/2020,Aston Villa,Watford,2,1
10275,Premier League,2019/2020,Bournemouth,Brighton,3,1
10276,Premier League,2019/2020,Crystal Palace,Southampton,0,2
10277,Premier League,2019/2020,Everton,Newcastle,2,2
10278,Premier League,2019/2020,Sheffield United,Man City,0,1
10279,Premier League,2019/2020,Chelsea,Arsenal,2,2
10280,Premier League,2019/2020,Leicester,West Ham,4,1
10281,Premier League,2019/2020,Tottenham,Norwich,2,1
10282,Premier League,2019/2020,Man United,Burnley,0,2
10283,Premier League,2019/2020,Wolves,Liverpool,1,2
10284,Premier League,2019/2020,West Ham,Liverpool,0,2
10285,Premier League,2019/2020,Leicester,Chelsea,2,2
10286,Premier League,2019/2020,Bournemouth,Aston Villa,2,1
10287,Premier League,2019/2020,Crystal Palace,Sheffield United,0,1
10288,Premier League,2019/2020,Liverpool,Southampton,4,0
10289,Premier League,2019/2020,Newcastle,Norwich,0,0
10290,Premier League,2019/2020,Watford,Everton,2,3
10291,Premier League,2019/2020,West Ham,Brighton,3,3
10292,Premier League,2019/2020,Man United,Wolves,0,0
10293,Premier League,2019/2020,Burnley,Arsenal,0,0
10294,Premier League,2019/2020,Tottenham,Man City,2,0
10295,Premier League,2019/2020,Everton,Crystal Palace,3,1
10296,Premier League,2019/2020,Brighton,Watford,1,1
10297,Premier League,2019/2020,Sheffield United,Bournemouth,2,1
10298,Premier League,2019/2020,Wolves,Leicester,0,0
10299,Premier League,2019/2020,Southampton,Burnley,1,2
10300,Premier League,2019/2020,Norwich,Liverpool,0,1
10301,Premier League,2019/2020,Aston Villa,Tottenham,2,3
10302,Premier League,2019/2020,Arsenal,Newcastle,4,0
10303,Premier League,2019/2020,Chelsea,Man United,0,2
10304,Premier League,2019/2020,Man City,West Ham,2,0
10305,Premier League,2019/2020,Chelsea,Tottenham,2,1
10306,Premier League,2019/2020,Burnley,Bournemouth,3,0
10307,Premier League,2019/2020,Crystal Palace,Newcastle,1,0
10308,Premier League,2019/2020,Sheffield United,Brighton,1,1
10309,Premier League,2019/2020,Southampton,Aston Villa,2,0
10310,Premier League,2019/2020,Leicester,Man City,0,1
10311,Premier League,2019/2020,Man United,Watford,3,0
10312,Premier League,2019/2020,Wolves,Norwich,3,0
10313,Premier League,2019/2020,Arsenal,Everton,3,2
10314,Premier League,2019/2020,Liverpool,West Ham,3,2
10315,Premier League,2019/2020,Norwich,Leicester,1,0
10316,Premier League,2019/2020,Brighton,Crystal Palace,0,1
10317,Premier League,2019/2020,Bournemouth,Chelsea,2,2
10318,Premier League,2019/2020,Newcastle,Burnley,0,0
10319,Premier League,2019/2020,West Ham,Southampton,3,1
10320,Premier League,2019/2020,Watford,Liverpool,3,0
10321,Premier League,2019/2020,Everton,Man United,1,1
10322,Premier League,2019/2020,Tottenham,Wolves,2,3
10323,Premier League,2019/2020,Liverpool,Bournemouth,2,1
10324,Premier League,2019/2020,Arsenal,West Ham,1,0
10325,Premier League,2019/2020,Crystal Palace,Watford,1,0
10326,Premier League,2019/2020,Sheffield United,Norwich,1,0
10327,Premier League,2019/2020,Southampton,Newcastle,0,1
10328,Premier League,2019/2020,Wolves,Brighton,0,0
10329,Premier League,2019/2020,Burnley,Tottenham,1,1
10330,Premier League,2019/2020,Chelsea,Everton,4,0
10331,Premier League,2019/2020,Man United,Man City,2,0
10332,Premier League,2019/2020,Leicester,Aston Villa,4,0
10333,Premier League,2019/2020,Aston Villa,Sheffield United,0,0
10334,Premier League,2019/2020,Man City,Arsenal,3,0
10335,Premier League,2019/2020,Norwich,Southampton,0,3
10336,Premier League,2019/2020,Tottenham,Man United,1,1
10337,Premier League,2019/2020,Watford,Leicester,1,1
10338,Premier League,2019/2020,Brighton,Arsenal,2,1
10339,Premier League,2019/2020,West Ham,Wolves,0,2
10340,Premier League,2019/2020,Bournemouth,Crystal Palace,0,2
10341,Premier League,2019/2020,Newcastle,Sheffield United,3,0
10342,Premier League,2019/2020,Aston Villa,Chelsea,1,2
10343,Premier League,2019/2020,Everton,Liverpool,0,0
10344,Premier League,2019/2020,Man City,Burnley,5,0
10345,Premier League,2019/2020,Leicester,Brighton,0,0
10346,Premier League,2019/2020,Tottenham,West Ham,2,0
10347,Premier League,2019/2020,Man United,Sheffield United,3,0
10348,Premier League,2019/2020,Newcastle,Aston Villa,1,1
10349,Premier League,2019/2020,Norwich,Everton,0,1
10350,Premier League,2019/2020,Wolves,Bournemouth,1,0
10351,Premier League,2019/2020,Liverpool,Crystal Palace,4,0
10352,Premier League,2019/2020,Burnley,Watford,1,0
10353,Premier League,2019/2020,Southampton,Arsenal,0,2
10354,Premier League,2019/2020,Chelsea,Man City,2,1
10355,Premier League,2019/2020,Aston Villa,Wolves,0,1
10356,Premier League,2019/2020,Watford,Southampton,1,3
10357,Premier League,2019/2020,Crystal Palace,Burnley,0,1
10358,Premier League,2019/2020,Brighton,Man United,0,3
10359,Premier League,2019/2020,Arsenal,Norwich,4,0
10360,Premier League,2019/2020,Bournemouth,Newcastle,1,4
10361,Premier League,2019/2020,Everton,Leicester,2,1
10362,Premier League,2019/2020,West Ham,Chelsea,3,2
10363,Premier League,2019/2020,Sheffield United,Tottenham,3,1
10364,Premier League,2019/2020,Man City,Liverpool,4,0
10365,Premier League,2019/2020,Norwich,Brighton,0,1
10366,Premier League,2019/2020,Leicester,Crystal Palace,3,0
10367,Premier League,2019/2020,Man United,Bournemouth,5,2
10368,Premier League,2019/2020,Wolves,Arsenal,0,2
10369,Premier League,2019/2020,Chelsea,Watford,3,0
10370,Premier League,2019/2020,Burnley,Sheffield United,1,1
10371,Premier League,2019/2020,Newcastle,West Ham,2,2
10372,Premier League,2019/2020,Liverpool,Aston Villa,2,0
10373,Premier League,2019/2020,Southampton,Man City,1,0
10374,Premier League,2019/2020,Tottenham,Everton,1,0
10375,Premier League,2019/2020,Crystal Palace,Chelsea,2,3
10376,Premier League,2019/2020,Watford,Norwich,2,1
10377,Premier League,2019/2020,Arsenal,Leicester,1,1
10378,Premier League,2019/2020,Man City,Newcastle,5,0
10379,Premier League,2019/2020,Sheffield United,Wolves,1,0
10380,Premier League,2019/2020,West Ham,Burnley,0,1
10381,Premier League,2019/2020,Brighton,Liverpool,1,3
10382,Premier League,2019/2020,Bournemouth,Tottenham,0,0
10383,Premier League,2019/2020,Everton,Southampton,1,1
10384,Premier League,2019/2020,Aston Villa,Man United,0,3
10385,Premier League,2019/2020,Norwich,West Ham,0,4
10386,Premier League,2019/2020,Watford,Newcastle,2,1
10387,Premier League,2019/2020,Liverpool,Burnley,1,1
10388,Premier League,2019/2020,Sheffield United,Chelsea,3,0
10389,Premier League,2019/2020,Brighton,Man City,0,5
10390,Premier League,2019/2020,Wolves,Everton,3,0
10391,Premier League,2019/2020,Aston Villa,Crystal Palace,2,0
10392,Premier League,2019/2020,Tottenham,Arsenal,2,1
10393,Premier League,2019/2020,Bournemouth,Leicester,4,1
10394,Premier League,2019/2020,Man United,Southampton,2,2
10395,Premier League,2019/2020,Chelsea,Norwich,1,0
10396,Premier League,2019/2020,Burnley,Wolves,1,1
10397,Premier League,2019/2020,Man City,Bournemouth,2,1
10398,Premier League,2019/2020,Newcastle,Tottenham,1,3
10399,Premier League,2019/2020,Arsenal,Liverpool,2,1
10400,Premier League,2019/2020,Everton,Aston Villa,1,1
10401,Premier League,2019/2020,Leicester,Sheffield United,2,0
10402,Premier League,2019/2020,Crystal Palace,Man United,0,2
10403,Premier League,2019/2020,Southampton,Brighton,1,1
10404,Premier League,2019/2020,West Ham,Watford,3,1
10405,Premier League,2019/2020,Norwich,Burnley,0,2
10406,Premier League,2019/2020,Bournemouth,Southampton,0,2
10407,Premier League,2019/2020,Tottenham,Leicester,3,0
10408,Premier League,2019/2020,Brighton,Newcastle,0,0
10409,Premier League,2019/2020,Sheffield United,Everton,0,1
10410,Premier League,2019/2020,Wolves,Crystal Palace,2,0
10411,Premier League,2019/2020,Watford,Man City,0,4
10412,Premier League,2019/2020,Aston Villa,Arsenal,1,0
10413,Premier League,2019/2020,Man United,West Ham,1,1
10414,Premier League,2019/2020,Liverpool,Chelsea,5,3
10415,Premier League,2019/2020,Arsenal,Watford,3,2
10416,Premier League,2019/2020,Burnley,Brighton,1,2
10417,Premier League,2019/2020,Chelsea,Wolves,2,0
10418,Premier League,2019/2020,Crystal Palace,Tottenham,1,1
10419,Premier League,2019/2020,Everton,Bournemouth,1,3
10420,Premier League,2019/2020,Leicester,Man United,0,2
10421,Premier League,2019/2020,Man City,Norwich,5,0
10422,Premier League,2019/2020,Newcastle,Liverpool,1,3
10423,Premier League,2019/2020,Southampton,Sheffield United,3,1
10424,Premier League,2019/2020,West Ham,Aston Villa,1,1
10425,Premier League,2020/2021,Fulham,Arsenal,0,3
10426,Premier League,2020/2021,Crystal Palace,Southampton,1,0
10427,Premier League,2020/2021,Liverpool,Leeds,4,3
10428,Premier League,2020/2021,West Ham,Newcastle,0,2
10429,Premier League,2020/2021,West Brom,Leicester,0,3
10430,Premier League,2020/2021,Tottenham,Everton,0,1
10431,Premier League,2020/2021,Brighton,Chelsea,1,3
10432,Premier League,2020/2021,Sheffield United,Wolves,0,2
10433,Premier League,2020/2021,Everton,West Brom,5,2
10434,Premier League,2020/2021,Leeds,Fulham,4,3
10435,Premier League,2020/2021,Man United,Crystal Palace,1,3
10436,Premier League,2020/2021,Arsenal,West Ham,2,1
10437,Premier League,2020/2021,Southampton,Tottenham,2,5
10438,Premier League,2020/2021,Newcastle,Brighton,0,3
10439,Premier League,2020/2021,Chelsea,Liverpool,0,2
10440,Premier League,2020/2021,Leicester,Burnley,4,2
10441,Premier League,2020/2021,Aston Villa,Sheffield United,1,0
10442,Premier League,2020/2021,Wolves,Man City,1,3
10443,Premier League,2020/2021,Brighton,Man United,2,3
10444,Premier League,2020/2021,Crystal Palace,Everton,1,2
10445,Premier League,2020/2021,West Brom,Chelsea,3,3
10446,Premier League,2020/2021,Burnley,Southampton,0,1
10447,Premier League,2020/2021,Sheffield United,Leeds,0,1
10448,Premier League,2020/2021,Tottenham,Newcastle,1,1
10449,Premier League,2020/2021,Man City,Leicester,2,5
10450,Premier League,2020/2021,West Ham,Wolves,4,0
10451,Premier League,2020/2021,Fulham,Aston Villa,0,3
10452,Premier League,2020/2021,Liverpool,Arsenal,3,1
10453,Premier League,2020/2021,Chelsea,Crystal Palace,4,0
10454,Premier League,2020/2021,Everton,Brighton,4,2
10455,Premier League,2020/2021,Leeds,Man City,1,1
10456,Premier League,2020/2021,Newcastle,Burnley,3,1
10457,Premier League,2020/2021,Leicester,West Ham,0,3
10458,Premier League,2020/2021,Southampton,West Brom,2,0
10459,Premier League,2020/2021,Arsenal,Sheffield United,2,1
10460,Premier League,2020/2021,Wolves,Fulham,1,0
10461,Premier League,2020/2021,Man United,Tottenham,1,6
10462,Premier League,2020/2021,Aston Villa,Liverpool,7,2
10463,Premier League,2020/2021,Everton,Liverpool,2,2
10464,Premier League,2020/2021,Chelsea,Southampton,3,3
10465,Premier League,2020/2021,Man City,Arsenal,1,0
10466,Premier League,2020/2021,Newcastle,Man United,1,4
10467,Premier League,2020/2021,Sheffield United,Fulham,1,1
10468,Premier League,2020/2021,Crystal Palace,Brighton,1,1
10469,Premier League,2020/2021,Tottenham,West Ham,3,3
10470,Premier League,2020/2021,Leicester,Aston Villa,0,1
10471,Premier League,2020/2021,West Brom,Burnley,0,0
10472,Premier League,2020/2021,Leeds,Wolves,0,1
10473,Premier League,2020/2021,Aston Villa,Leeds,0,3
10474,Premier League,2020/2021,West Ham,Man City,1,1
10475,Premier League,2020/2021,Fulham,Crystal Palace,1,2
10476,Premier League,2020/2021,Man United,Chelsea,0,0
10477,Premier League,2020/2021,Liverpool,Sheffield United,2,1
10478,Premier League,2020/2021,Southampton,Everton,2,0
10479,Premier League,2020/2021,Wolves,Newcastle,1,1
10480,Premier League,2020/2021,Arsenal,Leicester,0,1
10481,Premier League,2020/2021,Brighton,West Brom,1,1
10482,Premier League,2020/2021,Burnley,Tottenham,0,1
10483,Premier League,2020/2021,Wolves,Crystal Palace,2,0
10484,Premier League,2020/2021,Sheffield United,Man City,0,1
10485,Premier League,2020/2021,Burnley,Chelsea,0,3
10486,Premier League,2020/2021,Liverpool,West Ham,2,1
10487,Premier League,2020/2021,Aston Villa,Southampton,3,4
10488,Premier League,2020/2021,Newcastle,Everton,2,1
10489,Premier League,2020/2021,Man United,Arsenal,0,1
10490,Premier League,2020/2021,Tottenham,Brighton,2,1
10491,Premier League,2020/2021,Fulham,West Brom,2,0
10492,Premier League,2020/2021,Leeds,Leicester,1,4
10493,Premier League,2020/2021,Brighton,Burnley,0,0
10494,Premier League,2020/2021,Southampton,Newcastle,2,0
10495,Premier League,2020/2021,Everton,Man United,1,3
10496,Premier League,2020/2021,Crystal Palace,Leeds,4,1
10497,Premier League,2020/2021,Chelsea,Sheffield United,4,1
10498,Premier League,2020/2021,West Ham,Fulham,1,0
10499,Premier League,2020/2021,West Brom,Tottenham,0,1
10500,Premier League,2020/2021,Leicester,Wolves,1,0
10501,Premier League,2020/2021,Man City,Liverpool,1,1
10502,Premier League,2020/2021,Arsenal,Aston Villa,0,3
10503,Premier League,2020/2021,Newcastle,Chelsea,0,2
10504,Premier League,2020/2021,Aston Villa,Brighton,1,2
10505,Premier League,2020/2021,Tottenham,Man City,2,0
10506,Premier League,2020/2021,Man United,West Brom,1,0
10507,Premier League,2020/2021,Fulham,Everton,2,3
10508,Premier League,2020/2021,Sheffield United,West Ham,0,1
10509,Premier League,2020/2021,Leeds,Arsenal,0,0
10510,Premier League,2020/2021,Liverpool,Leicester,3,0
10511,Premier League,2020/2021,Burnley,Crystal Palace,1,0
10512,Premier League,2020/2021,Wolves,Southampton,1,1
10513,Premier League,2020/2021,Crystal Palace,Newcastle,0,2
10514,Premier League,2020/2021,Brighton,Liverpool,1,1
10515,Premier League,2020/2021,Man City,Burnley,5,0
10516,Premier League,2020/2021,Everton,Leeds,0,1
10517,Premier League,2020/2021,West Brom,Sheffield United,1,0
10518,Premier League,2020/2021,Southampton,Man United,2,3
10519,Premier League,2020/2021,Chelsea,Tottenham,0,0
10520,Premier League,2020/2021,Arsenal,Wolves,1,2
10521,Premier League,2020/2021,Leicester,Fulham,1,2
10522,Premier League,2020/2021,West Ham,Aston Villa,2,1
10523,Premier League,2020/2021,Burnley,Everton,1,1
10524,Premier League,2020/2021,Man City,Fulham,2,0
10525,Premier League,2020/2021,West Ham,Man United,1,3
10526,Premier League,2020/2021,Chelsea,Leeds,3,1
10527,Premier League,2020/2021,West Brom,Crystal Palace,1,5
10528,Premier League,2020/2021,Sheffield United,Leicester,1,2
10529,Premier League,2020/2021,Tottenham,Arsenal,2,0
10530,Premier League,2020/2021,Liverpool,Wolves,4,0
10531,Premier League,2020/2021,Brighton,Southampton,1,2
10532,Premier League,2020/2021,Leeds,West Ham,1,2
10533,Premier League,2020/2021,Wolves,Aston Villa,0,1
10534,Premier League,2020/2021,Newcastle,West Brom,2,1
10535,Premier League,2020/2021,Man United,Man City,0,0
10536,Premier League,2020/2021,Everton,Chelsea,1,0
10537,Premier League,2020/2021,Southampton,Sheffield United,3,0
10538,Premier League,2020/2021,Crystal Palace,Tottenham,1,1
10539,Premier League,2020/2021,Fulham,Liverpool,1,1
10540,Premier League,2020/2021,Arsenal,Burnley,0,1
10541,Premier League,2020/2021,Leicester,Brighton,3,0
10542,Premier League,2020/2021,Wolves,Chelsea,2,1
10543,Premier League,2020/2021,Man City,West Brom,1,1
10544,Premier League,2020/2021,Arsenal,Southampton,1,1
10545,Premier League,2020/2021,Leeds,Newcastle,5,2
10546,Premier League,2020/2021,Leicester,Everton,0,2
10547,Premier League,2020/2021,Fulham,Brighton,0,0
10548,Premier League,2020/2021,Liverpool,Tottenham,2,1
10549,Premier League,2020/2021,West Ham,Crystal Palace,1,1
10550,Premier League,2020/2021,Aston Villa,Burnley,0,0
10551,Premier League,2020/2021,Sheffield United,Man United,2,3
10552,Premier League,2020/2021,Crystal Palace,Liverpool,0,7
10553,Premier League,2020/2021,Southampton,Man City,0,1
10554,Premier League,2020/2021,Everton,Arsenal,2,1
10555,Premier League,2020/2021,Newcastle,Fulham,1,1
10556,Premier League,2020/2021,Brighton,Sheffield United,1,1
10557,Premier League,2020/2021,Tottenham,Leicester,0,2
10558,Premier League,2020/2021,Man United,Leeds,6,2
10559,Premier League,2020/2021,West Brom,Aston Villa,0,3
10560,Premier League,2020/2021,Burnley,Wolves,2,1
10561,Premier League,2020/2021,Chelsea,West Ham,3,0
10562,Premier League,2020/2021,Leicester,Man United,2,2
10563,Premier League,2020/2021,Aston Villa,Crystal Palace,3,0
10564,Premier League,2020/2021,Fulham,Southampton,0,0
10565,Premier League,2020/2021,Arsenal,Chelsea,3,1
10566,Premier League,2020/2021,Man City,Newcastle,2,0
10567,Premier League,2020/2021,Sheffield United,Everton,0,1
10568,Premier League,2020/2021,Leeds,Burnley,1,0
10569,Premier League,2020/2021,West Ham,Brighton,2,2
10570,Premier League,2020/2021,Liverpool,West Brom,1,1
10571,Premier League,2020/2021,Wolves,Tottenham,1,1
10572,Premier League,2020/2021,Crystal Palace,Leicester,1,1
10573,Premier League,2020/2021,Chelsea,Aston Villa,1,1
10574,Premier League,2020/2021,Brighton,Arsenal,0,1
10575,Premier League,2020/2021,Burnley,Sheffield United,1,0
10576,Premier League,2020/2021,Southampton,West Ham,0,0
10577,Premier League,2020/2021,West Brom,Leeds,0,5
10578,Premier League,2020/2021,Man United,Wolves,1,0
10579,Premier League,2020/2021,Newcastle,Liverpool,0,0
10580,Premier League,2020/2021,Everton,West Ham,0,1
10581,Premier League,2020/2021,Man United,Aston Villa,2,1
10582,Premier League,2020/2021,Tottenham,Leeds,3,0
10583,Premier League,2020/2021,Crystal Palace,Sheffield United,2,0
10584,Premier League,2020/2021,Brighton,Wolves,3,3
10585,Premier League,2020/2021,West Brom,Arsenal,0,4
10586,Premier League,2020/2021,Newcastle,Leicester,1,2
10587,Premier League,2020/2021,Chelsea,Man City,1,3
10588,Premier League,2020/2021,Southampton,Liverpool,1,0
10589,Premier League,2020/2021,Sheffield United,Newcastle,1,0
10590,Premier League,2020/2021,Burnley,Man United,0,1
10591,Premier League,2020/2021,Wolves,Everton,1,2
10592,Premier League,2020/2021,Man City,Brighton,1,0
10593,Premier League,2020/2021,Tottenham,Fulham,1,1
10594,Premier League,2020/2021,Arsenal,Crystal Palace,0,0
10595,Premier League,2020/2021,Wolves,West Brom,2,3
10596,Premier League,2020/2021,Leeds,Brighton,0,1
10597,Premier League,2020/2021,West Ham,Burnley,1,0
10598,Premier League,2020/2021,Fulham,Chelsea,0,1
10599,Premier League,2020/2021,Leicester,Southampton,2,0
10600,Premier League,2020/2021,Sheffield United,Tottenham,1,3
10601,Premier League,2020/2021,Liverpool,Man United,0,0
10602,Premier League,2020/2021,Man City,Crystal Palace,4,0
10603,Premier League,2020/2021,Arsenal,Newcastle,3,0
10604,Premier League,2020/2021,West Ham,West Brom,2,1
10605,Premier League,2020/2021,Leicester,Chelsea,2,0
10606,Premier League,2020/2021,Man City,Aston Villa,2,0
10607,Premier League,2020/2021,Fulham,Man United,1,2
10608,Premier League,2020/2021,Liverpool,Burnley,0,1
10609,Premier League,2020/2021,Aston Villa,Newcastle,2,0
10610,Premier League,2020/2021,Crystal Palace,West Ham,2,3
10611,Premier League,2020/2021,Newcastle,Leeds,1,2
10612,Premier League,2020/2021,Southampton,Arsenal,1,3
10613,Premier League,2020/2021,West Brom,Man City,0,5
10614,Premier League,2020/2021,Burnley,Aston Villa,3,2
10615,Premier League,2020/2021,Chelsea,Wolves,0,0
10616,Premier League,2020/2021,Brighton,Fulham,0,0
10617,Premier League,2020/2021,Everton,Leicester,1,1
10618,Premier League,2020/2021,Man United,Sheffield United,1,2
10619,Premier League,2020/2021,Tottenham,Liverpool,1,3
10620,Premier League,2020/2021,Everton,Newcastle,0,2
10621,Premier League,2020/2021,Crystal Palace,Wolves,1,0
10622,Premier League,2020/2021,Man City,Sheffield United,1,0
10623,Premier League,2020/2021,West Brom,Fulham,2,2
10624,Premier League,2020/2021,Arsenal,Man United,0,0
10625,Premier League,2020/2021,Southampton,Aston Villa,0,1
10626,Premier League,2020/2021,Chelsea,Burnley,2,0
10627,Premier League,2020/2021,Leicester,Leeds,1,3
10628,Premier League,2020/2021,West Ham,Liverpool,1,3
10629,Premier League,2020/2021,Brighton,Tottenham,1,0
10630,Premier League,2020/2021,Sheffield United,West Brom,2,1
10631,Premier League,2020/2021,Wolves,Arsenal,2,1
10632,Premier League,2020/2021,Man United,Southampton,9,0
10633,Premier League,2020/2021,Newcastle,Crystal Palace,1,2
10634,Premier League,2020/2021,Burnley,Man City,0,2
10635,Premier League,2020/2021,Fulham,Leicester,0,2
10636,Premier League,2020/2021,Leeds,Everton,1,2
10637,Premier League,2020/2021,Aston Villa,West Ham,1,3
10638,Premier League,2020/2021,Liverpool,Brighton,0,1
10639,Premier League,2020/2021,Tottenham,Chelsea,0,1
10640,Premier League,2020/2021,Aston Villa,Arsenal,1,0
10641,Premier League,2020/2021,Burnley,Brighton,1,1
10642,Premier League,2020/2021,Newcastle,Southampton,3,2
10643,Premier League,2020/2021,Fulham,West Ham,0,0
10644,Premier League,2020/2021,Man United,Everton,3,3
10645,Premier League,2020/2021,Tottenham,West Brom,2,0
10646,Premier League,2020/2021,Wolves,Leicester,0,0
10647,Premier League,2020/2021,Liverpool,Man City,1,4
10648,Premier League,2020/2021,Sheffield United,Chelsea,1,2
10649,Premier League,2020/2021,Leeds,Crystal Palace,2,0
10650,Premier League,2020/2021,Leicester,Liverpool,3,1
10651,Premier League,2020/2021,Crystal Palace,Burnley,0,3
10652,Premier League,2020/2021,Man City,Tottenham,3,0
10653,Premier League,2020/2021,Brighton,Aston Villa,0,0
10654,Premier League,2020/2021,Southampton,Wolves,1,2
10655,Premier League,2020/2021,West Brom,Man United,1,1
10656,Premier League,2020/2021,Arsenal,Leeds,4,2
10657,Premier League,2020/2021,Everton,Fulham,0,2
10658,Premier League,2020/2021,West Ham,Sheffield United,3,0
10659,Premier League,2020/2021,Chelsea,Newcastle,2,0
10660,Premier League,2020/2021,Burnley,Fulham,1,1
10661,Premier League,2020/2021,Everton,Man City,1,3
10662,Premier League,2020/2021,Wolves,Leeds,1,0
10663,Premier League,2020/2021,Southampton,Chelsea,1,1
10664,Premier League,2020/2021,Burnley,West Brom,0,0
10665,Premier League,2020/2021,Liverpool,Everton,0,2
10666,Premier League,2020/2021,Fulham,Sheffield United,1,0
10667,Premier League,2020/2021,West Ham,Tottenham,2,1
10668,Premier League,2020/2021,Aston Villa,Leicester,1,2
10669,Premier League,2020/2021,Arsenal,Man City,0,1
10670,Premier League,2020/2021,Man United,Newcastle,3,1
10671,Premier League,2020/2021,Brighton,Crystal Palace,1,2
10672,Premier League,2020/2021,Leeds,Southampton,3,0
10673,Premier League,2020/2021,Man City,West Ham,2,1
10674,Premier League,2020/2021,West Brom,Brighton,1,0
10675,Premier League,2020/2021,Leeds,Aston Villa,0,1
10676,Premier League,2020/2021,Newcastle,Wolves,1,1
10677,Premier League,2020/2021,Crystal Palace,Fulham,0,0
10678,Premier League,2020/2021,Leicester,Arsenal,1,3
10679,Premier League,2020/2021,Tottenham,Burnley,4,0
10680,Premier League,2020/2021,Chelsea,Man United,0,0
10681,Premier League,2020/2021,Sheffield United,Liverpool,0,2
10682,Premier League,2020/2021,Everton,Southampton,1,0
10683,Premier League,2020/2021,Man City,Wolves,4,1
10684,Premier League,2020/2021,Burnley,Leicester,1,1
10685,Premier League,2020/2021,Sheffield United,Aston Villa,1,0
10686,Premier League,2020/2021,Crystal Palace,Man United,0,0
10687,Premier League,2020/2021,Fulham,Tottenham,0,1
10688,Premier League,2020/2021,West Brom,Everton,0,1
10689,Premier League,2020/2021,Liverpool,Chelsea,0,1
10690,Premier League,2020/2021,Burnley,Arsenal,1,1
10691,Premier League,2020/2021,Sheffield United,Southampton,0,2
10692,Premier League,2020/2021,Aston Villa,Wolves,0,0
10693,Premier League,2020/2021,Brighton,Leicester,1,2
10694,Premier League,2020/2021,West Brom,Newcastle,0,0
10695,Premier League,2020/2021,Liverpool,Fulham,0,1
10696,Premier League,2020/2021,Man City,Man United,0,2
10697,Premier League,2020/2021,Tottenham,Crystal Palace,4,1
10698,Premier League,2020/2021,Chelsea,Everton,2,0
10699,Premier League,2020/2021,West Ham,Leeds,2,0
10700,Premier League,2020/2021,Man City,Southampton,5,2
10701,Premier League,2020/2021,Newcastle,Aston Villa,1,1
10702,Premier League,2020/2021,Leeds,Chelsea,0,0
10703,Premier League,2020/2021,Crystal Palace,West Brom,1,0
10704,Premier League,2020/2021,Everton,Burnley,1,2
10705,Premier League,2020/2021,Fulham,Man City,0,3
10706,Premier League,2020/2021,Southampton,Brighton,1,2
10707,Premier League,2020/2021,Leicester,Sheffield United,5,0
10708,Premier League,2020/2021,Arsenal,Tottenham,2,1
10709,Premier League,2020/2021,Man United,West Ham,1,0
10710,Premier League,2020/2021,Wolves,Liverpool,0,1
10711,Premier League,2020/2021,Fulham,Leeds,1,2
10712,Premier League,2020/2021,Brighton,Newcastle,3,0
10713,Premier League,2020/2021,West Ham,Arsenal,3,3
10714,Premier League,2020/2021,Aston Villa,Tottenham,0,2
10715,Premier League,2020/2021,Chelsea,West Brom,2,5
10716,Premier League,2020/2021,Leeds,Sheffield United,2,1
10717,Premier League,2020/2021,Leicester,Man City,0,2
10718,Premier League,2020/2021,Arsenal,Liverpool,0,3
10719,Premier League,2020/2021,Southampton,Burnley,3,2
10720,Premier League,2020/2021,Newcastle,Tottenham,2,2
10721,Premier League,2020/2021,Aston Villa,Fulham,3,1
10722,Premier League,2020/2021,Man United,Brighton,2,1
10723,Premier League,2020/2021,Everton,Crystal Palace,1,1
10724,Premier League,2020/2021,Wolves,West Ham,2,3
10725,Premier League,2020/2021,Fulham,Wolves,0,1
10726,Premier League,2020/2021,Man City,Leeds,1,2
10727,Premier League,2020/2021,Liverpool,Aston Villa,2,1
10728,Premier League,2020/2021,Crystal Palace,Chelsea,1,4
10729,Premier League,2020/2021,Burnley,Newcastle,1,2
10730,Premier League,2020/2021,West Ham,Leicester,3,2
10731,Premier League,2020/2021,Tottenham,Man United,1,3
10732,Premier League,2020/2021,Sheffield United,Arsenal,0,3
10733,Premier League,2020/2021,West Brom,Southampton,3,0
10734,Premier League,2020/2021,Brighton,Everton,0,0
10735,Premier League,2020/2021,Everton,Tottenham,2,2
10736,Premier League,2020/2021,Newcastle,West Ham,3,2
10737,Premier League,2020/2021,Wolves,Sheffield United,1,0
10738,Premier League,2020/2021,Arsenal,Fulham,1,1
10739,Premier League,2020/2021,Man United,Burnley,3,1
10740,Premier League,2020/2021,Leeds,Liverpool,1,1
10741,Premier League,2020/2021,Chelsea,Brighton,0,0
10742,Premier League,2020/2021,Tottenham,Southampton,2,1
10743,Premier League,2020/2021,Aston Villa,Man City,1,2
10744,Premier League,2020/2021,Leicester,West Brom,3,0
10745,Premier League,2020/2021,Arsenal,Everton,0,1
10746,Premier League,2020/2021,Liverpool,Newcastle,1,1
10747,Premier League,2020/2021,West Ham,Chelsea,0,1
10748,Premier League,2020/2021,Sheffield United,Brighton,1,0
10749,Premier League,2020/2021,Wolves,Burnley,0,4
10750,Premier League,2020/2021,Leeds,Man United,0,0
10751,Premier League,2020/2021,Aston Villa,West Brom,2,2
10752,Premier League,2020/2021,Leicester,Crystal Palace,2,1
10753,Premier League,2020/2021,Southampton,Leicester,1,1
10754,Premier League,2020/2021,Crystal Palace,Man City,0,2
10755,Premier League,2020/2021,Brighton,Leeds,2,0
10756,Premier League,2020/2021,Chelsea,Fulham,2,0
10757,Premier League,2020/2021,Everton,Aston Villa,1,2
10758,Premier League,2020/2021,Newcastle,Arsenal,0,2
10759,Premier League,2020/2021,Tottenham,Sheffield United,4,0
10760,Premier League,2020/2021,West Brom,Wolves,1,1
10761,Premier League,2020/2021,Burnley,West Ham,1,2
10762,Premier League,2020/2021,Leicester,Newcastle,2,4
10763,Premier League,2020/2021,Leeds,Tottenham,3,1
10764,Premier League,2020/2021,Sheffield United,Crystal Palace,0,2
10765,Premier League,2020/2021,Man City,Chelsea,1,2
10766,Premier League,2020/2021,Liverpool,Southampton,2,0
10767,Premier League,2020/2021,Wolves,Brighton,2,1
10768,Premier League,2020/2021,Aston Villa,Man United,1,3
10769,Premier League,2020/2021,West Ham,Everton,0,1
10770,Premier League,2020/2021,Arsenal,West Brom,3,1
10771,Premier League,2020/2021,Fulham,Burnley,0,2
10772,Premier League,2020/2021,Man United,Leicester,1,2
10773,Premier League,2020/2021,Southampton,Crystal Palace,3,1
10774,Premier League,2020/2021,Chelsea,Arsenal,0,1
10775,Premier League,2020/2021,Aston Villa,Everton,0,0
10776,Premier League,2020/2021,Man United,Liverpool,2,4
10777,Premier League,2020/2021,Newcastle,Man City,3,4
10778,Premier League,2020/2021,Burnley,Leeds,0,4
10779,Premier League,2020/2021,Southampton,Fulham,3,1
10780,Premier League,2020/2021,Brighton,West Ham,1,1
10781,Premier League,2020/2021,Crystal Palace,Aston Villa,3,2
10782,Premier League,2020/2021,Tottenham,Wolves,2,0
10783,Premier League,2020/2021,West Brom,Liverpool,1,2
10784,Premier League,2020/2021,Everton,Sheffield United,0,1
10785,Premier League,2020/2021,Man United,Fulham,1,1
10786,Premier League,2020/2021,Southampton,Leeds,0,2
10787,Premier League,2020/2021,Brighton,Man City,3,2
10788,Premier League,2020/2021,Chelsea,Leicester,2,1
10789,Premier League,2020/2021,Everton,Wolves,1,0
10790,Premier League,2020/2021,Newcastle,Sheffield United,1,0
10791,Premier League,2020/2021,Tottenham,Aston Villa,1,2
10792,Premier League,2020/2021,Crystal Palace,Arsenal,1,3
10793,Premier League,2020/2021,Burnley,Liverpool,0,3
10794,Premier League,2020/2021,West Brom,West Ham,1,3
10795,Premier League,2020/2021,Arsenal,Brighton,2,0
10796,Premier League,2020/2021,Aston Villa,Chelsea,2,1
10797,Premier League,2020/2021,Fulham,Newcastle,0,2
10798,Premier League,2020/2021,Leeds,West Brom,3,1
10799,Premier League,2020/2021,Leicester,Tottenham,2,4
10800,Premier League,2020/2021,Liverpool,Crystal Palace,2,0
10801,Premier League,2020/2021,Man City,Everton,5,0
10802,Premier League,2020/2021,Sheffield United,Burnley,1,0
10803,Premier League,2020/2021,West Ham,Southampton,3,0
10804,Premier League,2020/2021,Wolves,Man United,1,2
10805,Premier League,2021/2022,Brentford,Arsenal,2,0
10806,Premier League,2021/2022,Man United,Leeds,5,1
10807,Premier League,2021/2022,Burnley,Brighton,1,2
10808,Premier League,2021/2022,Chelsea,Crystal Palace,3,0
10809,Premier League,2021/2022,Everton,Southampton,3,1
10810,Premier League,2021/2022,Leicester,Wolves,1,0
10811,Premier League,2021/2022,Watford,Aston Villa,3,2
10812,Premier League,2021/2022,Norwich,Liverpool,0,3
10813,Premier League,2021/2022,Newcastle,West Ham,2,4
10814,Premier League,2021/2022,Tottenham,Man City,1,0
10815,Premier League,2021/2022,Liverpool,Burnley,2,0
10816,Premier League,2021/2022,Aston Villa,Newcastle,2,0
10817,Premier League,2021/2022,Crystal Palace,Brentford,0,0
10818,Premier League,2021/2022,Leeds,Everton,2,2
10819,Premier League,2021/2022,Man City,Norwich,5,0
10820,Premier League,2021/2022,Brighton,Watford,2,0
10821,Premier League,2021/2022,Southampton,Man United,1,1
10822,Premier League,2021/2022,Wolves,Tottenham,0,1
10823,Premier League,2021/2022,Arsenal,Chelsea,0,2
10824,Premier League,2021/2022,West Ham,Leicester,4,1
10825,Premier League,2021/2022,Man City,Arsenal,5,0
10826,Premier League,2021/2022,Aston Villa,Brentford,1,1
10827,Premier League,2021/2022,Brighton,Everton,0,2
10828,Premier League,2021/2022,Newcastle,Southampton,2,2
10829,Premier League,2021/2022,Norwich,Leicester,1,2
10830,Premier League,2021/2022,West Ham,Crystal Palace,2,2
10831,Premier League,2021/2022,Liverpool,Chelsea,1,1
10832,Premier League,2021/2022,Burnley,Leeds,1,1
10833,Premier League,2021/2022,Tottenham,Watford,1,0
10834,Premier League,2021/2022,Wolves,Man United,0,1
10835,Premier League,2021/2022,Crystal Palace,Tottenham,3,0
10836,Premier League,2021/2022,Arsenal,Norwich,1,0
10837,Premier League,2021/2022,Brentford,Brighton,0,1
10838,Premier League,2021/2022,Leicester,Man City,0,1
10839,Premier League,2021/2022,Man United,Newcastle,4,1
10840,Premier League,2021/2022,Southampton,West Ham,0,0
10841,Premier League,2021/2022,Watford,Wolves,0,2
10842,Premier League,2021/2022,Chelsea,Aston Villa,3,0
10843,Premier League,2021/2022,Leeds,Liverpool,0,3
10844,Premier League,2021/2022,Everton,Burnley,3,1
10845,Premier League,2021/2022,Newcastle,Leeds,1,1
10846,Premier League,2021/2022,Wolves,Brentford,0,2
10847,Premier League,2021/2022,Burnley,Arsenal,0,1
10848,Premier League,2021/2022,Liverpool,Crystal Palace,3,0
10849,Premier League,2021/2022,Man City,Southampton,0,0
10850,Premier League,2021/2022,Norwich,Watford,1,3
10851,Premier League,2021/2022,Aston Villa,Everton,3,0
10852,Premier League,2021/2022,Brighton,Leicester,2,1
10853,Premier League,2021/2022,West Ham,Man United,1,2
10854,Premier League,2021/2022,Tottenham,Chelsea,0,3
10855,Premier League,2021/2022,Chelsea,Man City,0,1
10856,Premier League,2021/2022,Man United,Aston Villa,0,1
10857,Premier League,2021/2022,Everton,Norwich,2,0
10858,Premier League,2021/2022,Leeds,West Ham,1,2
10859,Premier League,2021/2022,Leicester,Burnley,2,2
10860,Premier League,2021/2022,Watford,Newcastle,1,1
10861,Premier League,2021/2022,Brentford,Liverpool,3,3
10862,Premier League,2021/2022,Southampton,Wolves,0,1
10863,Premier League,2021/2022,Arsenal,Tottenham,3,1
10864,Premier League,2021/2022,Crystal Palace,Brighton,1,1
10865,Premier League,2021/2022,Man United,Everton,1,1
10866,Premier League,2021/2022,Burnley,Norwich,0,0
10867,Premier League,2021/2022,Chelsea,Southampton,3,1
10868,Premier League,2021/2022,Leeds,Watford,1,0
10869,Premier League,2021/2022,Wolves,Newcastle,2,1
10870,Premier League,2021/2022,Brighton,Arsenal,0,0
10871,Premier League,2021/2022,Crystal Palace,Leicester,2,2
10872,Premier League,2021/2022,Tottenham,Aston Villa,2,1
10873,Premier League,2021/2022,West Ham,Brentford,1,2
10874,Premier League,2021/2022,Liverpool,Man City,2,2
10875,Premier League,2021/2022,Watford,Liverpool,0,5
10876,Premier League,2021/2022,Aston Villa,Wolves,2,3
10877,Premier League,2021/2022,Leicester,Man United,4,2
10878,Premier League,2021/2022,Man City,Burnley,2,0
10879,Premier League,2021/2022,Norwich,Brighton,0,0
10880,Premier League,2021/2022,Southampton,Leeds,1,0
10881,Premier League,2021/2022,Brentford,Chelsea,0,1
10882,Premier League,2021/2022,Everton,West Ham,0,1
10883,Premier League,2021/2022,Newcastle,Tottenham,2,3
10884,Premier League,2021/2022,Arsenal,Crystal Palace,2,2
10885,Premier League,2021/2022,Arsenal,Aston Villa,3,1
10886,Premier League,2021/2022,Chelsea,Norwich,7,0
10887,Premier League,2021/2022,Crystal Palace,Newcastle,1,1
10888,Premier League,2021/2022,Everton,Watford,2,5
10889,Premier League,2021/2022,Leeds,Wolves,1,1
10890,Premier League,2021/2022,Southampton,Burnley,2,2
10891,Premier League,2021/2022,Brighton,Man City,1,4
10892,Premier League,2021/2022,Brentford,Leicester,1,2
10893,Premier League,2021/2022,West Ham,Tottenham,1,0
10894,Premier League,2021/2022,Man United,Liverpool,0,5
10895,Premier League,2021/2022,Leicester,Arsenal,0,2
10896,Premier League,2021/2022,Burnley,Brentford,3,1
10897,Premier League,2021/2022,Liverpool,Brighton,2,2
10898,Premier League,2021/2022,Man City,Crystal Palace,0,2
10899,Premier League,2021/2022,Newcastle,Chelsea,0,3
10900,Premier League,2021/2022,Watford,Southampton,0,1
10901,Premier League,2021/2022,Tottenham,Man United,0,3
10902,Premier League,2021/2022,Norwich,Leeds,1,2
10903,Premier League,2021/2022,Aston Villa,West Ham,1,4
10904,Premier League,2021/2022,Wolves,Everton,2,1
10905,Premier League,2021/2022,Southampton,Aston Villa,1,0
10906,Premier League,2021/2022,Man United,Man City,0,2
10907,Premier League,2021/2022,Brentford,Norwich,1,2
10908,Premier League,2021/2022,Chelsea,Burnley,1,1
10909,Premier League,2021/2022,Crystal Palace,Wolves,2,0
10910,Premier League,2021/2022,Brighton,Newcastle,1,1
10911,Premier League,2021/2022,Arsenal,Watford,1,0
10912,Premier League,2021/2022,Everton,Tottenham,0,0
10913,Premier League,2021/2022,Leeds,Leicester,1,1
10914,Premier League,2021/2022,West Ham,Liverpool,3,2
10915,Premier League,2021/2022,Leicester,Chelsea,0,3
10916,Premier League,2021/2022,Aston Villa,Brighton,2,0
10917,Premier League,2021/2022,Burnley,Crystal Palace,3,3
10918,Premier League,2021/2022,Newcastle,Brentford,3,3
10919,Premier League,2021/2022,Norwich,Southampton,2,1
10920,Premier League,2021/2022,Watford,Man United,4,1
10921,Premier League,2021/2022,Wolves,West Ham,1,0
10922,Premier League,2021/2022,Liverpool,Arsenal,4,0
10923,Premier League,2021/2022,Man City,Everton,3,0
10924,Premier League,2021/2022,Tottenham,Leeds,2,1
10925,Premier League,2021/2022,Arsenal,Newcastle,2,0
10926,Premier League,2021/2022,Crystal Palace,Aston Villa,1,2
10927,Premier League,2021/2022,Liverpool,Southampton,4,0
10928,Premier League,2021/2022,Norwich,Wolves,0,0
10929,Premier League,2021/2022,Brighton,Leeds,0,0
10930,Premier League,2021/2022,Brentford,Everton,1,0
10931,Premier League,2021/2022,Leicester,Watford,4,2
10932,Premier League,2021/2022,Man City,West Ham,2,1
10933,Premier League,2021/2022,Chelsea,Man United,1,1
10934,Premier League,2021/2022,Newcastle,Norwich,1,1
10935,Premier League,2021/2022,Leeds,Crystal Palace,1,0
10936,Premier League,2021/2022,Southampton,Leicester,2,2
10937,Premier League,2021/2022,Watford,Chelsea,1,2
10938,Premier League,2021/2022,West Ham,Brighton,1,1
10939,Premier League,2021/2022,Wolves,Burnley,0,0
10940,Premier League,2021/2022,Aston Villa,Man City,1,2
10941,Premier League,2021/2022,Everton,Liverpool,1,4
10942,Premier League,2021/2022,Tottenham,Brentford,2,0
10943,Premier League,2021/2022,Man United,Arsenal,3,2
10944,Premier League,2021/2022,West Ham,Chelsea,3,2
10945,Premier League,2021/2022,Newcastle,Burnley,1,0
10946,Premier League,2021/2022,Southampton,Brighton,1,1
10947,Premier League,2021/2022,Wolves,Liverpool,0,1
10948,Premier League,2021/2022,Watford,Man City,1,3
10949,Premier League,2021/2022,Leeds,Brentford,2,2
10950,Premier League,2021/2022,Man United,Crystal Palace,1,0
10951,Premier League,2021/2022,Tottenham,Norwich,3,0
10952,Premier League,2021/2022,Aston Villa,Leicester,2,1
10953,Premier League,2021/2022,Everton,Arsenal,2,1
10954,Premier League,2021/2022,Brentford,Watford,2,1
10955,Premier League,2021/2022,Man City,Wolves,1,0
10956,Premier League,2021/2022,Arsenal,Southampton,3,0
10957,Premier League,2021/2022,Chelsea,Leeds,3,2
10958,Premier League,2021/2022,Liverpool,Aston Villa,1,0
10959,Premier League,2021/2022,Norwich,Man United,0,1
10960,Premier League,2021/2022,Burnley,West Ham,0,0
10961,Premier League,2021/2022,Leicester,Newcastle,4,0
10962,Premier League,2021/2022,Crystal Palace,Everton,3,1
10963,Premier League,2021/2022,Norwich,Aston Villa,0,2
10964,Premier League,2021/2022,Man City,Leeds,7,0
10965,Premier League,2021/2022,Brighton,Wolves,0,1
10966,Premier League,2021/2022,Crystal Palace,Southampton,2,2
10967,Premier League,2021/2022,Arsenal,West Ham,2,0
10968,Premier League,2021/2022,Chelsea,Everton,1,1
10969,Premier League,2021/2022,Liverpool,Newcastle,3,1
10970,Premier League,2021/2022,Leeds,Arsenal,1,4
10971,Premier League,2021/2022,Newcastle,Man City,0,4
10972,Premier League,2021/2022,Wolves,Chelsea,0,0
10973,Premier League,2021/2022,Tottenham,Liverpool,2,2
10974,Premier League,2021/2022,Man City,Leicester,6,3
10975,Premier League,2021/2022,Norwich,Arsenal,0,5
10976,Premier League,2021/2022,Tottenham,Crystal Palace,3,0
10977,Premier League,2021/2022,West Ham,Southampton,2,3
10978,Premier League,2021/2022,Aston Villa,Chelsea,1,3
10979,Premier League,2021/2022,Brighton,Brentford,2,0
10980,Premier League,2021/2022,Newcastle,Man United,1,1
10981,Premier League,2021/2022,Crystal Palace,Norwich,3,0
10982,Premier League,2021/2022,Southampton,Tottenham,1,1
10983,Premier League,2021/2022,Watford,West Ham,1,4
10984,Premier League,2021/2022,Leicester,Liverpool,1,0
10985,Premier League,2021/2022,Chelsea,Brighton,1,1
10986,Premier League,2021/2022,Brentford,Man City,0,1
10987,Premier League,2021/2022,Man United,Burnley,3,1
10988,Premier League,2021/2022,Arsenal,Man City,1,2
10989,Premier League,2021/2022,Watford,Tottenham,0,1
10990,Premier League,2021/2022,Crystal Palace,West Ham,2,3
10991,Premier League,2021/2022,Brentford,Aston Villa,2,1
10992,Premier League,2021/2022,Everton,Brighton,2,3
10993,Premier League,2021/2022,Leeds,Burnley,3,1
10994,Premier League,2021/2022,Chelsea,Liverpool,2,2
10995,Premier League,2021/2022,Man United,Wolves,0,1
10996,Premier League,2021/2022,Southampton,Brentford,4,1
10997,Premier League,2021/2022,West Ham,Norwich,2,0
10998,Premier League,2021/2022,Brighton,Crystal Palace,1,1
10999,Premier League,2021/2022,Man City,Chelsea,1,0
11000,Premier League,2021/2022,Newcastle,Watford,1,1
11001,Premier League,2021/2022,Norwich,Everton,2,1
11002,Premier League,2021/2022,Wolves,Southampton,3,1
11003,Premier League,2021/2022,Aston Villa,Man United,2,2
11004,Premier League,2021/2022,Liverpool,Brentford,3,0
11005,Premier League,2021/2022,West Ham,Leeds,2,3
11006,Premier League,2021/2022,Brighton,Chelsea,1,1
11007,Premier League,2021/2022,Leicester,Tottenham,2,3
11008,Premier League,2021/2022,Brentford,Man United,1,3
11009,Premier League,2021/2022,Watford,Norwich,0,3
11010,Premier League,2021/2022,Everton,Aston Villa,0,1
11011,Premier League,2021/2022,Brentford,Wolves,1,2
11012,Premier League,2021/2022,Leeds,Newcastle,0,1
11013,Premier League,2021/2022,Man United,West Ham,1,0
11014,Premier League,2021/2022,Southampton,Man City,1,1
11015,Premier League,2021/2022,Arsenal,Burnley,0,0
11016,Premier League,2021/2022,Crystal Palace,Liverpool,1,3
11017,Premier League,2021/2022,Leicester,Brighton,1,1
11018,Premier League,2021/2022,Chelsea,Tottenham,2,0
11019,Premier League,2021/2022,Burnley,Watford,0,0
11020,Premier League,2021/2022,Newcastle,Everton,3,1
11021,Premier League,2021/2022,West Ham,Watford,1,0
11022,Premier League,2021/2022,Burnley,Man United,1,1
11023,Premier League,2021/2022,Man City,Brentford,2,0
11024,Premier League,2021/2022,Norwich,Crystal Palace,1,1
11025,Premier League,2021/2022,Tottenham,Southampton,2,3
11026,Premier League,2021/2022,Aston Villa,Leeds,3,3
11027,Premier League,2021/2022,Liverpool,Leicester,2,0
11028,Premier League,2021/2022,Wolves,Arsenal,0,1
11029,Premier League,2021/2022,Man United,Southampton,1,1
11030,Premier League,2021/2022,Brentford,Crystal Palace,0,0
11031,Premier League,2021/2022,Everton,Leeds,3,0
11032,Premier League,2021/2022,Watford,Brighton,0,2
11033,Premier League,2021/2022,Norwich,Man City,0,4
11034,Premier League,2021/2022,Burnley,Liverpool,0,1
11035,Premier League,2021/2022,Newcastle,Aston Villa,1,0
11036,Premier League,2021/2022,Tottenham,Wolves,0,2
11037,Premier League,2021/2022,Leicester,West Ham,2,2
11038,Premier League,2021/2022,Man United,Brighton,2,0
11039,Premier League,2021/2022,West Ham,Newcastle,1,1
11040,Premier League,2021/2022,Arsenal,Brentford,2,1
11041,Premier League,2021/2022,Aston Villa,Watford,0,1
11042,Premier League,2021/2022,Brighton,Burnley,0,3
11043,Premier League,2021/2022,Crystal Palace,Chelsea,0,1
11044,Premier League,2021/2022,Liverpool,Norwich,3,1
11045,Premier League,2021/2022,Southampton,Everton,2,0
11046,Premier League,2021/2022,Man City,Tottenham,2,3
11047,Premier League,2021/2022,Leeds,Man United,2,4
11048,Premier League,2021/2022,Wolves,Leicester,2,1
11049,Premier League,2021/2022,Burnley,Tottenham,1,0
11050,Premier League,2021/2022,Watford,Crystal Palace,1,4
11051,Premier League,2021/2022,Liverpool,Leeds,6,0
11052,Premier League,2021/2022,Arsenal,Wolves,2,1
11053,Premier League,2021/2022,Southampton,Norwich,2,0
11054,Premier League,2021/2022,Leeds,Tottenham,0,4
11055,Premier League,2021/2022,Brentford,Newcastle,0,2
11056,Premier League,2021/2022,Crystal Palace,Burnley,1,1
11057,Premier League,2021/2022,Man United,Watford,0,0
11058,Premier League,2021/2022,Brighton,Aston Villa,0,2
11059,Premier League,2021/2022,Everton,Man City,0,1
11060,Premier League,2021/2022,West Ham,Wolves,1,0
11061,Premier League,2021/2022,Burnley,Leicester,0,2
11062,Premier League,2021/2022,Leicester,Leeds,1,0
11063,Premier League,2021/2022,Aston Villa,Southampton,4,0
11064,Premier League,2021/2022,Burnley,Chelsea,0,4
11065,Premier League,2021/2022,Newcastle,Brighton,2,1
11066,Premier League,2021/2022,Norwich,Brentford,1,3
11067,Premier League,2021/2022,Wolves,Crystal Palace,0,2
11068,Premier League,2021/2022,Liverpool,West Ham,1,0
11069,Premier League,2021/2022,Watford,Arsenal,2,3
11070,Premier League,2021/2022,Man City,Man United,4,1
11071,Premier League,2021/2022,Tottenham,Everton,5,0
11072,Premier League,2021/2022,Norwich,Chelsea,1,3
11073,Premier League,2021/2022,Southampton,Newcastle,1,2
11074,Premier League,2021/2022,Wolves,Watford,4,0
11075,Premier League,2021/2022,Leeds,Aston Villa,0,3
11076,Premier League,2021/2022,Brighton,Liverpool,0,2
11077,Premier League,2021/2022,Brentford,Burnley,2,0
11078,Premier League,2021/2022,Man United,Tottenham,3,2
11079,Premier League,2021/2022,Chelsea,Newcastle,1,0
11080,Premier League,2021/2022,Everton,Wolves,0,1
11081,Premier League,2021/2022,Leeds,Norwich,2,1
11082,Premier League,2021/2022,Southampton,Watford,1,2
11083,Premier League,2021/2022,West Ham,Aston Villa,2,1
11084,Premier League,2021/2022,Arsenal,Leicester,2,0
11085,Premier League,2021/2022,Crystal Palace,Man City,0,0
11086,Premier League,2021/2022,Brighton,Tottenham,0,2
11087,Premier League,2021/2022,Arsenal,Liverpool,0,2
11088,Premier League,2021/2022,Everton,Newcastle,1,0
11089,Premier League,2021/2022,Wolves,Leeds,2,3
11090,Premier League,2021/2022,Aston Villa,Arsenal,0,1
11091,Premier League,2021/2022,Leicester,Brentford,2,1
11092,Premier League,2021/2022,Tottenham,West Ham,3,1
11093,Premier League,2021/2022,Liverpool,Watford,2,0
11094,Premier League,2021/2022,Brighton,Norwich,0,0
11095,Premier League,2021/2022,Burnley,Man City,0,2
11096,Premier League,2021/2022,Chelsea,Brentford,1,4
11097,Premier League,2021/2022,Leeds,Southampton,1,1
11098,Premier League,2021/2022,Wolves,Aston Villa,2,1
11099,Premier League,2021/2022,Man United,Leicester,1,1
11100,Premier League,2021/2022,West Ham,Everton,2,1
11101,Premier League,2021/2022,Tottenham,Newcastle,5,1
11102,Premier League,2021/2022,Crystal Palace,Arsenal,3,0
11103,Premier League,2021/2022,Burnley,Everton,3,2
11104,Premier League,2021/2022,Newcastle,Wolves,1,0
11105,Premier League,2021/2022,Everton,Man United,1,0
11106,Premier League,2021/2022,Arsenal,Brighton,1,2
11107,Premier League,2021/2022,Southampton,Chelsea,0,6
11108,Premier League,2021/2022,Watford,Leeds,0,3
11109,Premier League,2021/2022,Aston Villa,Tottenham,0,4
11110,Premier League,2021/2022,Brentford,West Ham,2,0
11111,Premier League,2021/2022,Leicester,Crystal Palace,2,1
11112,Premier League,2021/2022,Norwich,Burnley,2,0
11113,Premier League,2021/2022,Man City,Liverpool,2,2
11114,Premier League,2021/2022,Tottenham,Brighton,0,1
11115,Premier League,2021/2022,Man United,Norwich,3,2
11116,Premier League,2021/2022,Southampton,Arsenal,1,0
11117,Premier League,2021/2022,Watford,Brentford,1,2
11118,Premier League,2021/2022,Newcastle,Leicester,2,1
11119,Premier League,2021/2022,West Ham,Burnley,1,1
11120,Premier League,2021/2022,Liverpool,Man United,4,0
11121,Premier League,2021/2022,Chelsea,Arsenal,2,4
11122,Premier League,2021/2022,Everton,Leicester,1,1
11123,Premier League,2021/2022,Newcastle,Crystal Palace,1,0
11124,Premier League,2021/2022,Man City,Brighton,3,0
11125,Premier League,2021/2022,Burnley,Southampton,2,0
11126,Premier League,2021/2022,Arsenal,Man United,3,1
11127,Premier League,2021/2022,Leicester,Aston Villa,0,0
11128,Premier League,2021/2022,Man City,Watford,5,1
11129,Premier League,2021/2022,Norwich,Newcastle,0,3
11130,Premier League,2021/2022,Brentford,Tottenham,0,0
11131,Premier League,2021/2022,Brighton,Southampton,2,2
11132,Premier League,2021/2022,Burnley,Wolves,1,0
11133,Premier League,2021/2022,Chelsea,West Ham,1,0
11134,Premier League,2021/2022,Liverpool,Everton,2,0
11135,Premier League,2021/2022,Crystal Palace,Leeds,0,0
11136,Premier League,2021/2022,Man United,Chelsea,1,1
11137,Premier League,2021/2022,Newcastle,Liverpool,0,1
11138,Premier League,2021/2022,Aston Villa,Norwich,2,0
11139,Premier League,2021/2022,Southampton,Crystal Palace,1,2
11140,Premier League,2021/2022,Watford,Burnley,1,2
11141,Premier League,2021/2022,Wolves,Brighton,0,3
11142,Premier League,2021/2022,Leeds,Man City,0,4
11143,Premier League,2021/2022,Everton,Chelsea,1,0
11144,Premier League,2021/2022,Tottenham,Leicester,3,1
11145,Premier League,2021/2022,West Ham,Arsenal,1,2
11146,Premier League,2021/2022,Man United,Brentford,3,0
11147,Premier League,2021/2022,Brentford,Southampton,3,0
11148,Premier League,2021/2022,Burnley,Aston Villa,1,3
11149,Premier League,2021/2022,Chelsea,Wolves,2,2
11150,Premier League,2021/2022,Crystal Palace,Watford,1,0
11151,Premier League,2021/2022,Brighton,Man United,4,0
11152,Premier League,2021/2022,Liverpool,Tottenham,1,1
11153,Premier League,2021/2022,Arsenal,Leeds,2,1
11154,Premier League,2021/2022,Leicester,Everton,1,2
11155,Premier League,2021/2022,Norwich,West Ham,0,4
11156,Premier League,2021/2022,Man City,Newcastle,5,0
11157,Premier League,2021/2022,Aston Villa,Liverpool,1,2
11158,Premier League,2021/2022,Leeds,Chelsea,0,3
11159,Premier League,2021/2022,Leicester,Norwich,3,0
11160,Premier League,2021/2022,Watford,Everton,0,0
11161,Premier League,2021/2022,Wolves,Man City,1,5
11162,Premier League,2021/2022,Tottenham,Arsenal,3,0
11163,Premier League,2021/2022,Tottenham,Burnley,1,0
11164,Premier League,2021/2022,Aston Villa,Crystal Palace,1,1
11165,Premier League,2021/2022,Leeds,Brighton,1,1
11166,Premier League,2021/2022,Watford,Leicester,1,5
11167,Premier League,2021/2022,West Ham,Man City,2,2
11168,Premier League,2021/2022,Wolves,Norwich,1,1
11169,Premier League,2021/2022,Everton,Brentford,2,3
11170,Premier League,2021/2022,Newcastle,Arsenal,2,0
11171,Premier League,2021/2022,Southampton,Liverpool,1,2
11172,Premier League,2021/2022,Everton,Crystal Palace,3,2
11173,Premier League,2021/2022,Aston Villa,Burnley,1,1
11174,Premier League,2021/2022,Chelsea,Leicester,1,1
11175,Premier League,2021/2022,Arsenal,Everton,5,1
11176,Premier League,2021/2022,Brentford,Leeds,1,2
11177,Premier League,2021/2022,Brighton,West Ham,3,1
11178,Premier League,2021/2022,Burnley,Newcastle,1,2
11179,Premier League,2021/2022,Chelsea,Watford,2,1
11180,Premier League,2021/2022,Crystal Palace,Man United,1,0
11181,Premier League,2021/2022,Leicester,Southampton,4,1
11182,Premier League,2021/2022,Liverpool,Wolves,3,1
11183,Premier League,2021/2022,Man City,Aston Villa,3,2
11184,Premier League,2021/2022,Norwich,Tottenham,0,5
11185,Premier League,2022/2023,Crystal Palace,Arsenal,0,2
11186,Premier League,2022/2023,Fulham,Liverpool,2,2
11187,Premier League,2022/2023,Bournemouth,Aston Villa,2,0
11188,Premier League,2022/2023,Leeds,Wolves,2,1
11189,Premier League,2022/2023,Newcastle,Nott'm Forest,2,0
11190,Premier League,2022/2023,Tottenham,Southampton,4,1
11191,Premier League,2022/2023,Everton,Chelsea,0,1
11192,Premier League,2022/2023,Leicester,Brentford,2,2
11193,Premier League,2022/2023,Man United,Brighton,1,2
11194,Premier League,2022/2023,West Ham,Man City,0,2
11195,Premier League,2022/2023,Aston Villa,Everton,2,1
11196,Premier League,2022/2023,Arsenal,Leicester,4,2
11197,Premier League,2022/2023,Brighton,Newcastle,0,0
11198,Premier League,2022/2023,Man City,Bournemouth,4,0
11199,Premier League,2022/2023,Southampton,Leeds,2,2
11200,Premier League,2022/2023,Wolves,Fulham,0,0
11201,Premier League,2022/2023,Brentford,Man United,4,0
11202,Premier League,2022/2023,Nott'm Forest,West Ham,1,0
11203,Premier League,2022/2023,Chelsea,Tottenham,2,2
11204,Premier League,2022/2023,Liverpool,Crystal Palace,1,1
11205,Premier League,2022/2023,Tottenham,Wolves,1,0
11206,Premier League,2022/2023,Crystal Palace,Aston Villa,3,1
11207,Premier League,2022/2023,Everton,Nott'm Forest,1,1
11208,Premier League,2022/2023,Fulham,Brentford,3,2
11209,Premier League,2022/2023,Leicester,Southampton,1,2
11210,Premier League,2022/2023,Bournemouth,Arsenal,0,3
11211,Premier League,2022/2023,Leeds,Chelsea,3,0
11212,Premier League,2022/2023,West Ham,Brighton,0,2
11213,Premier League,2022/2023,Newcastle,Man City,3,3
11214,Premier League,2022/2023,Man United,Liverpool,2,1
11215,Premier League,2022/2023,Southampton,Man United,0,1
11216,Premier League,2022/2023,Brentford,Everton,1,1
11217,Premier League,2022/2023,Brighton,Leeds,1,0
11218,Premier League,2022/2023,Chelsea,Leicester,2,1
11219,Premier League,2022/2023,Liverpool,Bournemouth,9,0
11220,Premier League,2022/2023,Man City,Crystal Palace,4,2
11221,Premier League,2022/2023,Arsenal,Fulham,2,1
11222,Premier League,2022/2023,Aston Villa,West Ham,0,1
11223,Premier League,2022/2023,Wolves,Newcastle,1,1
11224,Premier League,2022/2023,Nott'm Forest,Tottenham,0,2
11225,Premier League,2022/2023,Crystal Palace,Brentford,1,1
11226,Premier League,2022/2023,Fulham,Brighton,2,1
11227,Premier League,2022/2023,Southampton,Chelsea,2,1
11228,Premier League,2022/2023,Leeds,Everton,1,1
11229,Premier League,2022/2023,Arsenal,Aston Villa,2,1
11230,Premier League,2022/2023,Bournemouth,Wolves,0,0
11231,Premier League,2022/2023,Man City,Nott'm Forest,6,0
11232,Premier League,2022/2023,West Ham,Tottenham,1,1
11233,Premier League,2022/2023,Liverpool,Newcastle,2,1
11234,Premier League,2022/2023,Leicester,Man United,0,1
11235,Premier League,2022/2023,Everton,Liverpool,0,0
11236,Premier League,2022/2023,Brentford,Leeds,5,2
11237,Premier League,2022/2023,Chelsea,West Ham,2,1
11238,Premier League,2022/2023,Newcastle,Crystal Palace,0,0
11239,Premier League,2022/2023,Nott'm Forest,Bournemouth,2,3
11240,Premier League,2022/2023,Tottenham,Fulham,2,1
11241,Premier League,2022/2023,Wolves,Southampton,1,0
11242,Premier League,2022/2023,Aston Villa,Man City,1,1
11243,Premier League,2022/2023,Brighton,Leicester,5,2
11244,Premier League,2022/2023,Man United,Arsenal,3,1
11245,Premier League,2022/2023,Aston Villa,Southampton,1,0
11246,Premier League,2022/2023,Nott'm Forest,Fulham,2,3
11247,Premier League,2022/2023,Wolves,Man City,0,3
11248,Premier League,2022/2023,Newcastle,Bournemouth,1,1
11249,Premier League,2022/2023,Tottenham,Leicester,6,2
11250,Premier League,2022/2023,Brentford,Arsenal,0,3
11251,Premier League,2022/2023,Everton,West Ham,1,0
11252,Premier League,2022/2023,Arsenal,Tottenham,3,1
11253,Premier League,2022/2023,Bournemouth,Brentford,0,0
11254,Premier League,2022/2023,Crystal Palace,Chelsea,1,2
11255,Premier League,2022/2023,Fulham,Newcastle,1,4
11256,Premier League,2022/2023,Liverpool,Brighton,3,3
11257,Premier League,2022/2023,Southampton,Everton,1,2
11258,Premier League,2022/2023,West Ham,Wolves,2,0
11259,Premier League,2022/2023,Man City,Man United,6,3
11260,Premier League,2022/2023,Leeds,Aston Villa,0,0
11261,Premier League,2022/2023,Leicester,Nott'm Forest,4,0
11262,Premier League,2022/2023,Bournemouth,Leicester,2,1
11263,Premier League,2022/2023,Chelsea,Wolves,3,0
11264,Premier League,2022/2023,Man City,Southampton,4,0
11265,Premier League,2022/2023,Newcastle,Brentford,5,1
11266,Premier League,2022/2023,Brighton,Tottenham,0,1
11267,Premier League,2022/2023,Crystal Palace,Leeds,2,1
11268,Premier League,2022/2023,West Ham,Fulham,3,1
11269,Premier League,2022/2023,Arsenal,Liverpool,3,2
11270,Premier League,2022/2023,Everton,Man United,1,2
11271,Premier League,2022/2023,Nott'm Forest,Aston Villa,1,1
11272,Premier League,2022/2023,Brentford,Brighton,2,0
11273,Premier League,2022/2023,Leicester,Crystal Palace,0,0
11274,Premier League,2022/2023,Fulham,Bournemouth,2,2
11275,Premier League,2022/2023,Wolves,Nott'm Forest,1,0
11276,Premier League,2022/2023,Tottenham,Everton,2,0
11277,Premier League,2022/2023,Aston Villa,Chelsea,0,2
11278,Premier League,2022/2023,Leeds,Arsenal,0,1
11279,Premier League,2022/2023,Man United,Newcastle,0,0
11280,Premier League,2022/2023,Southampton,West Ham,1,1
11281,Premier League,2022/2023,Liverpool,Man City,1,0
11282,Premier League,2022/2023,Brighton,Nott'm Forest,0,0
11283,Premier League,2022/2023,Crystal Palace,Wolves,2,1
11284,Premier League,2022/2023,Bournemouth,Southampton,0,1
11285,Premier League,2022/2023,Brentford,Chelsea,0,0
11286,Premier League,2022/2023,Liverpool,West Ham,1,0
11287,Premier League,2022/2023,Newcastle,Everton,1,0
11288,Premier League,2022/2023,Man United,Tottenham,2,0
11289,Premier League,2022/2023,Fulham,Aston Villa,3,0
11290,Premier League,2022/2023,Leicester,Leeds,2,0
11291,Premier League,2022/2023,Nott'm Forest,Liverpool,1,0
11292,Premier League,2022/2023,Everton,Crystal Palace,3,0
11293,Premier League,2022/2023,Man City,Brighton,3,1
11294,Premier League,2022/2023,Chelsea,Man United,1,1
11295,Premier League,2022/2023,Aston Villa,Brentford,4,0
11296,Premier League,2022/2023,Leeds,Fulham,2,3
11297,Premier League,2022/2023,Southampton,Arsenal,1,1
11298,Premier League,2022/2023,Wolves,Leicester,0,4
11299,Premier League,2022/2023,Tottenham,Newcastle,1,2
11300,Premier League,2022/2023,West Ham,Bournemouth,2,0
11301,Premier League,2022/2023,Leicester,Man City,0,1
11302,Premier League,2022/2023,Bournemouth,Tottenham,2,3
11303,Premier League,2022/2023,Brentford,Wolves,1,1
11304,Premier League,2022/2023,Brighton,Chelsea,4,1
11305,Premier League,2022/2023,Crystal Palace,Southampton,1,0
11306,Premier League,2022/2023,Newcastle,Aston Villa,4,0
11307,Premier League,2022/2023,Fulham,Everton,0,0
11308,Premier League,2022/2023,Liverpool,Leeds,1,2
11309,Premier League,2022/2023,Arsenal,Nott'm Forest,5,0
11310,Premier League,2022/2023,Man United,West Ham,1,0
11311,Premier League,2022/2023,Leeds,Bournemouth,4,3
11312,Premier League,2022/2023,Man City,Fulham,2,1
11313,Premier League,2022/2023,Nott'm Forest,Brentford,2,2
11314,Premier League,2022/2023,Wolves,Brighton,2,3
11315,Premier League,2022/2023,Everton,Leicester,0,2
11316,Premier League,2022/2023,Chelsea,Arsenal,0,1
11317,Premier League,2022/2023,Aston Villa,Man United,3,1
11318,Premier League,2022/2023,Southampton,Newcastle,1,4
11319,Premier League,2022/2023,West Ham,Crystal Palace,1,2
11320,Premier League,2022/2023,Tottenham,Liverpool,1,2
11321,Premier League,2022/2023,Man City,Brentford,1,2
11322,Premier League,2022/2023,Bournemouth,Everton,3,0
11323,Premier League,2022/2023,Liverpool,Southampton,3,1
11324,Premier League,2022/2023,Nott'm Forest,Crystal Palace,1,0
11325,Premier League,2022/2023,Tottenham,Leeds,4,3
11326,Premier League,2022/2023,West Ham,Leicester,0,2
11327,Premier League,2022/2023,Newcastle,Chelsea,1,0
11328,Premier League,2022/2023,Wolves,Arsenal,0,2
11329,Premier League,2022/2023,Brighton,Aston Villa,1,2
11330,Premier League,2022/2023,Fulham,Man United,1,2
11331,Premier League,2022/2023,Brentford,Tottenham,2,2
11332,Premier League,2022/2023,Crystal Palace,Fulham,0,3
11333,Premier League,2022/2023,Everton,Wolves,1,2
11334,Premier League,2022/2023,Leicester,Newcastle,0,3
11335,Premier League,2022/2023,Southampton,Brighton,1,3
11336,Premier League,2022/2023,Aston Villa,Liverpool,1,3
11337,Premier League,2022/2023,Arsenal,West Ham,3,1
11338,Premier League,2022/2023,Chelsea,Bournemouth,2,0
11339,Premier League,2022/2023,Man United,Nott'm Forest,3,0
11340,Premier League,2022/2023,Leeds,Man City,1,3
11341,Premier League,2022/2023,West Ham,Brentford,0,2
11342,Premier League,2022/2023,Liverpool,Leicester,2,1
11343,Premier League,2022/2023,Wolves,Man United,0,1
11344,Premier League,2022/2023,Bournemouth,Crystal Palace,0,2
11345,Premier League,2022/2023,Fulham,Southampton,2,1
11346,Premier League,2022/2023,Man City,Everton,1,1
11347,Premier League,2022/2023,Newcastle,Leeds,0,0
11348,Premier League,2022/2023,Brighton,Arsenal,2,4
11349,Premier League,2022/2023,Tottenham,Aston Villa,0,2
11350,Premier League,2022/2023,Nott'm Forest,Chelsea,1,1
11351,Premier League,2022/2023,Brentford,Liverpool,3,1
11352,Premier League,2022/2023,Arsenal,Newcastle,0,0
11353,Premier League,2022/2023,Everton,Brighton,1,4
11354,Premier League,2022/2023,Leicester,Fulham,0,1
11355,Premier League,2022/2023,Man United,Bournemouth,3,0
11356,Premier League,2022/2023,Southampton,Nott'm Forest,0,1
11357,Premier League,2022/2023,Leeds,West Ham,2,2
11358,Premier League,2022/2023,Aston Villa,Wolves,1,1
11359,Premier League,2022/2023,Crystal Palace,Tottenham,0,4
11360,Premier League,2022/2023,Chelsea,Man City,0,1
11361,Premier League,2022/2023,Fulham,Chelsea,2,1
11362,Premier League,2022/2023,Aston Villa,Leeds,2,1
11363,Premier League,2022/2023,Man United,Man City,2,1
11364,Premier League,2022/2023,Brighton,Liverpool,3,0
11365,Premier League,2022/2023,Everton,Southampton,1,2
11366,Premier League,2022/2023,Nott'm Forest,Leicester,2,0
11367,Premier League,2022/2023,Wolves,West Ham,1,0
11368,Premier League,2022/2023,Brentford,Bournemouth,2,0
11369,Premier League,2022/2023,Chelsea,Crystal Palace,1,0
11370,Premier League,2022/2023,Newcastle,Fulham,1,0
11371,Premier League,2022/2023,Tottenham,Arsenal,0,2
11372,Premier League,2022/2023,Crystal Palace,Man United,1,1
11373,Premier League,2022/2023,Man City,Tottenham,4,2
11374,Premier League,2022/2023,Liverpool,Chelsea,0,0
11375,Premier League,2022/2023,Bournemouth,Nott'm Forest,1,1
11376,Premier League,2022/2023,Leicester,Brighton,2,2
11377,Premier League,2022/2023,Southampton,Aston Villa,0,1
11378,Premier League,2022/2023,West Ham,Everton,2,0
11379,Premier League,2022/2023,Crystal Palace,Newcastle,0,0
11380,Premier League,2022/2023,Leeds,Brentford,0,0
11381,Premier League,2022/2023,Man City,Wolves,3,0
11382,Premier League,2022/2023,Arsenal,Man United,3,2
11383,Premier League,2022/2023,Fulham,Tottenham,0,1
11384,Premier League,2022/2023,Chelsea,Fulham,0,0
11385,Premier League,2022/2023,Everton,Arsenal,1,0
11386,Premier League,2022/2023,Aston Villa,Leicester,2,4
11387,Premier League,2022/2023,Brentford,Southampton,3,0
11388,Premier League,2022/2023,Brighton,Bournemouth,1,0
11389,Premier League,2022/2023,Man United,Crystal Palace,2,1
11390,Premier League,2022/2023,Wolves,Liverpool,3,0
11391,Premier League,2022/2023,Newcastle,West Ham,1,1
11392,Premier League,2022/2023,Nott'm Forest,Leeds,1,0
11393,Premier League,2022/2023,Tottenham,Man City,1,0
11394,Premier League,2022/2023,Man United,Leeds,2,2
11395,Premier League,2022/2023,West Ham,Chelsea,1,1
11396,Premier League,2022/2023,Arsenal,Brentford,1,1
11397,Premier League,2022/2023,Crystal Palace,Brighton,1,1
11398,Premier League,2022/2023,Fulham,Nott'm Forest,2,0
11399,Premier League,2022/2023,Leicester,Tottenham,4,1
11400,Premier League,2022/2023,Southampton,Wolves,1,2
11401,Premier League,2022/2023,Bournemouth,Newcastle,1,1
11402,Premier League,2022/2023,Leeds,Man United,0,2
11403,Premier League,2022/2023,Man City,Aston Villa,3,1
11404,Premier League,2022/2023,Liverpool,Everton,2,0
11405,Premier League,2022/2023,Arsenal,Man City,1,3
11406,Premier League,2022/2023,Aston Villa,Arsenal,2,4
11407,Premier League,2022/2023,Brentford,Crystal Palace,1,1
11408,Premier League,2022/2023,Brighton,Fulham,0,1
11409,Premier League,2022/2023,Chelsea,Southampton,0,1
11410,Premier League,2022/2023,Everton,Leeds,1,0
11411,Premier League,2022/2023,Nott'm Forest,Man City,1,1
11412,Premier League,2022/2023,Wolves,Bournemouth,0,1
11413,Premier League,2022/2023,Newcastle,Liverpool,0,2
11414,Premier League,2022/2023,Man United,Leicester,3,0
11415,Premier League,2022/2023,Tottenham,West Ham,2,0
11416,Premier League,2022/2023,Fulham,Wolves,1,1
11417,Premier League,2022/2023,Everton,Aston Villa,0,2
11418,Premier League,2022/2023,Leeds,Southampton,1,0
11419,Premier League,2022/2023,Leicester,Arsenal,0,1
11420,Premier League,2022/2023,West Ham,Nott'm Forest,4,0
11421,Premier League,2022/2023,Bournemouth,Man City,1,4
11422,Premier League,2022/2023,Crystal Palace,Liverpool,0,0
11423,Premier League,2022/2023,Tottenham,Chelsea,2,0
11424,Premier League,2022/2023,Arsenal,Everton,4,0
11425,Premier League,2022/2023,Liverpool,Wolves,2,0
11426,Premier League,2022/2023,Man City,Newcastle,2,0
11427,Premier League,2022/2023,Arsenal,Bournemouth,3,2
11428,Premier League,2022/2023,Aston Villa,Crystal Palace,1,0
11429,Premier League,2022/2023,Brighton,West Ham,4,0
11430,Premier League,2022/2023,Chelsea,Leeds,1,0
11431,Premier League,2022/2023,Wolves,Tottenham,1,0
11432,Premier League,2022/2023,Southampton,Leicester,1,0
11433,Premier League,2022/2023,Nott'm Forest,Everton,2,2
11434,Premier League,2022/2023,Liverpool,Man United,7,0
11435,Premier League,2022/2023,Brentford,Fulham,3,2
11436,Premier League,2022/2023,Bournemouth,Liverpool,1,0
11437,Premier League,2022/2023,Everton,Brentford,1,0
11438,Premier League,2022/2023,Leeds,Brighton,2,2
11439,Premier League,2022/2023,Leicester,Chelsea,1,3
11440,Premier League,2022/2023,Tottenham,Nott'm Forest,3,1
11441,Premier League,2022/2023,Crystal Palace,Man City,0,1
11442,Premier League,2022/2023,Fulham,Arsenal,0,3
11443,Premier League,2022/2023,Man United,Southampton,0,0
11444,Premier League,2022/2023,West Ham,Aston Villa,1,1
11445,Premier League,2022/2023,Newcastle,Wolves,2,1
11446,Premier League,2022/2023,Brighton,Crystal Palace,1,0
11447,Premier League,2022/2023,Southampton,Brentford,0,2
11448,Premier League,2022/2023,Nott'm Forest,Newcastle,1,2
11449,Premier League,2022/2023,Aston Villa,Bournemouth,3,0
11450,Premier League,2022/2023,Brentford,Leicester,1,1
11451,Premier League,2022/2023,Southampton,Tottenham,3,3
11452,Premier League,2022/2023,Wolves,Leeds,2,4
11453,Premier League,2022/2023,Chelsea,Everton,2,2
11454,Premier League,2022/2023,Arsenal,Crystal Palace,4,1
11455,Premier League,2022/2023,Man City,Liverpool,4,1
11456,Premier League,2022/2023,Arsenal,Leeds,4,1
11457,Premier League,2022/2023,Bournemouth,Fulham,2,1
11458,Premier League,2022/2023,Brighton,Brentford,3,3
11459,Premier League,2022/2023,Crystal Palace,Leicester,2,1
11460,Premier League,2022/2023,Nott'm Forest,Wolves,1,1
11461,Premier League,2022/2023,Chelsea,Aston Villa,0,2
11462,Premier League,2022/2023,West Ham,Southampton,1,0
11463,Premier League,2022/2023,Newcastle,Man United,2,0
11464,Premier League,2022/2023,Everton,Tottenham,1,1
11465,Premier League,2022/2023,Bournemouth,Brighton,0,2
11466,Premier League,2022/2023,Leeds,Nott'm Forest,2,1
11467,Premier League,2022/2023,Leicester,Aston Villa,1,2
11468,Premier League,2022/2023,Chelsea,Liverpool,0,0
11469,Premier League,2022/2023,Man United,Brentford,1,0
11470,Premier League,2022/2023,West Ham,Newcastle,1,5
11471,Premier League,2022/2023,Man United,Everton,2,0
11472,Premier League,2022/2023,Aston Villa,Nott'm Forest,2,0
11473,Premier League,2022/2023,Brentford,Newcastle,1,2
11474,Premier League,2022/2023,Fulham,West Ham,0,1
11475,Premier League,2022/2023,Leicester,Bournemouth,0,1
11476,Premier League,2022/2023,Tottenham,Brighton,2,1
11477,Premier League,2022/2023,Wolves,Chelsea,1,0
11478,Premier League,2022/2023,Southampton,Man City,1,4
11479,Premier League,2022/2023,Leeds,Crystal Palace,1,5
11480,Premier League,2022/2023,Liverpool,Arsenal,2,2
11481,Premier League,2022/2023,Aston Villa,Newcastle,3,0
11482,Premier League,2022/2023,Chelsea,Brighton,1,2
11483,Premier League,2022/2023,Everton,Fulham,1,3
11484,Premier League,2022/2023,Southampton,Crystal Palace,0,2
11485,Premier League,2022/2023,Tottenham,Bournemouth,2,3
11486,Premier League,2022/2023,Wolves,Brentford,2,0
11487,Premier League,2022/2023,Man City,Leicester,3,1
11488,Premier League,2022/2023,West Ham,Arsenal,2,2
11489,Premier League,2022/2023,Nott'm Forest,Man United,0,2
11490,Premier League,2022/2023,Leeds,Liverpool,1,6
11491,Premier League,2022/2023,Arsenal,Southampton,3,3
11492,Premier League,2022/2023,Fulham,Leeds,2,1
11493,Premier League,2022/2023,Brentford,Aston Villa,1,1
11494,Premier League,2022/2023,Crystal Palace,Everton,0,0
11495,Premier League,2022/2023,Leicester,Wolves,2,1
11496,Premier League,2022/2023,Liverpool,Nott'm Forest,3,2
11497,Premier League,2022/2023,Bournemouth,West Ham,0,4
11498,Premier League,2022/2023,Newcastle,Tottenham,6,1
11499,Premier League,2022/2023,Wolves,Crystal Palace,2,0
11500,Premier League,2022/2023,Aston Villa,Fulham,1,0
11501,Premier League,2022/2023,Leeds,Leicester,1,1
11502,Premier League,2022/2023,Nott'm Forest,Brighton,3,1
11503,Premier League,2022/2023,Chelsea,Brentford,0,2
11504,Premier League,2022/2023,West Ham,Liverpool,1,2
11505,Premier League,2022/2023,Man City,Arsenal,4,1
11506,Premier League,2022/2023,Everton,Newcastle,1,4
11507,Premier League,2022/2023,Southampton,Bournemouth,0,1
11508,Premier League,2022/2023,Tottenham,Man United,2,2
11509,Premier League,2022/2023,Crystal Palace,West Ham,4,3
11510,Premier League,2022/2023,Brentford,Nott'm Forest,2,1
11511,Premier League,2022/2023,Brighton,Wolves,6,0
11512,Premier League,2022/2023,Bournemouth,Leeds,4,1
11513,Premier League,2022/2023,Fulham,Man City,1,2
11514,Premier League,2022/2023,Man United,Aston Villa,1,0
11515,Premier League,2022/2023,Newcastle,Southampton,3,1
11516,Premier League,2022/2023,Liverpool,Tottenham,4,3
11517,Premier League,2022/2023,Leicester,Everton,2,2
11518,Premier League,2022/2023,Arsenal,Chelsea,3,1
11519,Premier League,2022/2023,Liverpool,Fulham,1,0
11520,Premier League,2022/2023,Man City,West Ham,3,0
11521,Premier League,2022/2023,Brighton,Man United,1,0
11522,Premier League,2022/2023,Bournemouth,Chelsea,1,3
11523,Premier League,2022/2023,Man City,Leeds,2,1
11524,Premier League,2022/2023,Tottenham,Crystal Palace,1,0
11525,Premier League,2022/2023,Wolves,Aston Villa,1,0
11526,Premier League,2022/2023,Liverpool,Brentford,1,0
11527,Premier League,2022/2023,Newcastle,Arsenal,0,2
11528,Premier League,2022/2023,West Ham,Man United,1,0
11529,Premier League,2022/2023,Fulham,Leicester,5,3
11530,Premier League,2022/2023,Brighton,Everton,1,5
11531,Premier League,2022/2023,Nott'm Forest,Southampton,4,3
11532,Premier League,2022/2023,Leeds,Newcastle,2,2
11533,Premier League,2022/2023,Aston Villa,Tottenham,2,1
11534,Premier League,2022/2023,Chelsea,Nott'm Forest,2,2
11535,Premier League,2022/2023,Crystal Palace,Bournemouth,2,0
11536,Premier League,2022/2023,Man United,Wolves,2,0
11537,Premier League,2022/2023,Southampton,Fulham,0,2
11538,Premier League,2022/2023,Brentford,West Ham,2,0
11539,Premier League,2022/2023,Everton,Man City,0,3
11540,Premier League,2022/2023,Arsenal,Brighton,0,3
11541,Premier League,2022/2023,Leicester,Liverpool,0,3
11542,Premier League,2022/2023,Newcastle,Brighton,4,1
11543,Premier League,2022/2023,Tottenham,Brentford,1,3
11544,Premier League,2022/2023,Bournemouth,Man United,0,1
11545,Premier League,2022/2023,Fulham,Crystal Palace,2,2
11546,Premier League,2022/2023,Liverpool,Aston Villa,1,1
11547,Premier League,2022/2023,Wolves,Everton,1,1
11548,Premier League,2022/2023,Nott'm Forest,Arsenal,1,0
11549,Premier League,2022/2023,West Ham,Leeds,3,1
11550,Premier League,2022/2023,Brighton,Southampton,3,1
11551,Premier League,2022/2023,Man City,Chelsea,1,0
11552,Premier League,2022/2023,Newcastle,Leicester,0,0
11553,Premier League,2022/2023,Brighton,Man City,1,1
11554,Premier League,2022/2023,Man United,Chelsea,4,1
11555,Premier League,2022/2023,Arsenal,Wolves,5,0
11556,Premier League,2022/2023,Aston Villa,Brighton,2,1
11557,Premier League,2022/2023,Brentford,Man City,1,0
11558,Premier League,2022/2023,Chelsea,Newcastle,1,1
11559,Premier League,2022/2023,Crystal Palace,Nott'm Forest,1,1
11560,Premier League,2022/2023,Everton,Bournemouth,1,0
11561,Premier League,2022/2023,Leeds,Tottenham,1,4
11562,Premier League,2022/2023,Leicester,West Ham,2,1
11563,Premier League,2022/2023,Man United,Fulham,2,1
11564,Premier League,2022/2023,Southampton,Liverpool,4,4
11565,Premier League,2023/2024,Burnley,Man City,0,3
11566,Premier League,2023/2024,Arsenal,Nott'm Forest,2,1
11567,Premier League,2023/2024,Bournemouth,West Ham,1,1
11568,Premier League,2023/2024,Brighton,Luton,4,1
11569,Premier League,2023/2024,Everton,Fulham,0,1
11570,Premier League,2023/2024,Sheffield United,Crystal Palace,0,1
11571,Premier League,2023/2024,Newcastle,Aston Villa,5,1
11572,Premier League,2023/2024,Brentford,Tottenham,2,2
11573,Premier League,2023/2024,Chelsea,Liverpool,1,1
11574,Premier League,2023/2024,Man United,Wolves,1,0
11575,Premier League,2023/2024,Nott'm Forest,Sheffield United,2,1
11576,Premier League,2023/2024,Fulham,Brentford,0,3
11577,Premier League,2023/2024,Liverpool,Bournemouth,3,1
11578,Premier League,2023/2024,Wolves,Brighton,1,4
11579,Premier League,2023/2024,Tottenham,Man United,2,0
11580,Premier League,2023/2024,Man City,Newcastle,1,0
11581,Premier League,2023/2024,Aston Villa,Everton,4,0
11582,Premier League,2023/2024,West Ham,Chelsea,3,1
11583,Premier League,2023/2024,Crystal Palace,Arsenal,0,1
11584,Premier League,2023/2024,Chelsea,Luton,3,0
11585,Premier League,2023/2024,Bournemouth,Tottenham,0,2
11586,Premier League,2023/2024,Arsenal,Fulham,2,2
11587,Premier League,2023/2024,Brentford,Crystal Palace,1,1
11588,Premier League,2023/2024,Everton,Wolves,0,1
11589,Premier League,2023/2024,Man United,Nott'm Forest,3,2
11590,Premier League,2023/2024,Brighton,West Ham,1,3
11591,Premier League,2023/2024,Burnley,Aston Villa,1,3
11592,Premier League,2023/2024,Sheffield United,Man City,1,2
11593,Premier League,2023/2024,Newcastle,Liverpool,1,2
11594,Premier League,2023/2024,Luton,West Ham,1,2
11595,Premier League,2023/2024,Sheffield United,Everton,2,2
11596,Premier League,2023/2024,Brentford,Bournemouth,2,2
11597,Premier League,2023/2024,Burnley,Tottenham,2,5
11598,Premier League,2023/2024,Chelsea,Nott'm Forest,0,1
11599,Premier League,2023/2024,Man City,Fulham,5,1
11600,Premier League,2023/2024,Brighton,Newcastle,3,1
11601,Premier League,2023/2024,Crystal Palace,Wolves,3,2
11602,Premier League,2023/2024,Liverpool,Aston Villa,3,0
11603,Premier League,2023/2024,Arsenal,Man United,3,1
11604,Premier League,2023/2024,Wolves,Liverpool,1,3
11605,Premier League,2023/2024,Aston Villa,Crystal Palace,3,1
11606,Premier League,2023/2024,Fulham,Luton,1,0
11607,Premier League,2023/2024,Man United,Brighton,1,3
11608,Premier League,2023/2024,Tottenham,Sheffield United,2,1
11609,Premier League,2023/2024,West Ham,Man City,1,3
11610,Premier League,2023/2024,Newcastle,Brentford,1,0
11611,Premier League,2023/2024,Bournemouth,Chelsea,0,0
11612,Premier League,2023/2024,Everton,Arsenal,0,1
11613,Premier League,2023/2024,Nott'm Forest,Burnley,1,1
11614,Premier League,2023/2024,Crystal Palace,Fulham,0,0
11615,Premier League,2023/2024,Luton,Wolves,1,1
11616,Premier League,2023/2024,Man City,Nott'm Forest,2,0
11617,Premier League,2023/2024,Brentford,Everton,1,3
11618,Premier League,2023/2024,Burnley,Man United,0,1
11619,Premier League,2023/2024,Arsenal,Tottenham,2,2
11620,Premier League,2023/2024,Brighton,Bournemouth,3,1
11621,Premier League,2023/2024,Chelsea,Aston Villa,0,1
11622,Premier League,2023/2024,Liverpool,West Ham,3,1
11623,Premier League,2023/2024,Sheffield United,Newcastle,0,8
11624,Premier League,2023/2024,Aston Villa,Brighton,6,1
11625,Premier League,2023/2024,Bournemouth,Arsenal,0,4
11626,Premier League,2023/2024,Everton,Luton,1,2
11627,Premier League,2023/2024,Man United,Crystal Palace,0,1
11628,Premier League,2023/2024,Newcastle,Burnley,2,0
11629,Premier League,2023/2024,West Ham,Sheffield United,2,0
11630,Premier League,2023/2024,Wolves,Man City,2,1
11631,Premier League,2023/2024,Tottenham,Liverpool,2,1
11632,Premier League,2023/2024,Nott'm Forest,Brentford,1,1
11633,Premier League,2023/2024,Fulham,Chelsea,0,2
11634,Premier League,2023/2024,Luton,Burnley,1,2
11635,Premier League,2023/2024,Luton,Tottenham,0,1
11636,Premier League,2023/2024,Burnley,Chelsea,1,4
11637,Premier League,2023/2024,Everton,Bournemouth,3,0
11638,Premier League,2023/2024,Fulham,Sheffield United,3,1
11639,Premier League,2023/2024,Man United,Brentford,2,1
11640,Premier League,2023/2024,Crystal Palace,Nott'm Forest,0,0
11641,Premier League,2023/2024,Brighton,Liverpool,2,2
11642,Premier League,2023/2024,West Ham,Newcastle,2,2
11643,Premier League,2023/2024,Wolves,Aston Villa,1,1
11644,Premier League,2023/2024,Arsenal,Man City,1,0
11645,Premier League,2023/2024,Liverpool,Everton,2,0
11646,Premier League,2023/2024,Bournemouth,Wolves,1,2
11647,Premier League,2023/2024,Brentford,Burnley,3,0
11648,Premier League,2023/2024,Man City,Brighton,2,1
11649,Premier League,2023/2024,Newcastle,Crystal Palace,4,0
11650,Premier League,2023/2024,Nott'm Forest,Luton,2,2
11651,Premier League,2023/2024,Chelsea,Arsenal,2,2
11652,Premier League,2023/2024,Sheffield United,Man United,1,2
11653,Premier League,2023/2024,Aston Villa,West Ham,4,1
11654,Premier League,2023/2024,Tottenham,Fulham,2,0
11655,Premier League,2023/2024,Crystal Palace,Tottenham,1,2
11656,Premier League,2023/2024,Chelsea,Brentford,0,2
11657,Premier League,2023/2024,Arsenal,Sheffield United,5,0
11658,Premier League,2023/2024,Bournemouth,Burnley,2,1
11659,Premier League,2023/2024,Wolves,Newcastle,2,2
11660,Premier League,2023/2024,West Ham,Everton,0,1
11661,Premier League,2023/2024,Aston Villa,Luton,3,1
11662,Premier League,2023/2024,Brighton,Fulham,1,1
11663,Premier League,2023/2024,Liverpool,Nott'm Forest,3,0
11664,Premier League,2023/2024,Man United,Man City,0,3
11665,Premier League,2023/2024,Fulham,Man United,0,1
11666,Premier League,2023/2024,Brentford,West Ham,3,2
11667,Premier League,2023/2024,Burnley,Crystal Palace,0,2
11668,Premier League,2023/2024,Everton,Brighton,1,1
11669,Premier League,2023/2024,Man City,Bournemouth,6,1
11670,Premier League,2023/2024,Sheffield United,Wolves,2,1
11671,Premier League,2023/2024,Newcastle,Arsenal,1,0
11672,Premier League,2023/2024,Nott'm Forest,Aston Villa,2,0
11673,Premier League,2023/2024,Luton,Liverpool,1,1
11674,Premier League,2023/2024,Tottenham,Chelsea,1,4
11675,Premier League,2023/2024,Wolves,Tottenham,2,1
11676,Premier League,2023/2024,Arsenal,Burnley,3,1
11677,Premier League,2023/2024,Crystal Palace,Everton,2,3
11678,Premier League,2023/2024,Man United,Luton,1,0
11679,Premier League,2023/2024,Bournemouth,Newcastle,2,0
11680,Premier League,2023/2024,Aston Villa,Fulham,3,1
11681,Premier League,2023/2024,Brighton,Sheffield United,1,1
11682,Premier League,2023/2024,Liverpool,Brentford,3,0
11683,Premier League,2023/2024,West Ham,Nott'm Forest,3,2
11684,Premier League,2023/2024,Chelsea,Man City,4,4
11685,Premier League,2023/2024,Man City,Liverpool,1,1
11686,Premier League,2023/2024,Burnley,West Ham,1,2
11687,Premier League,2023/2024,Luton,Crystal Palace,2,1
11688,Premier League,2023/2024,Newcastle,Chelsea,4,1
11689,Premier League,2023/2024,Nott'm Forest,Brighton,2,3
11690,Premier League,2023/2024,Sheffield United,Bournemouth,1,3
11691,Premier League,2023/2024,Brentford,Arsenal,0,1
11692,Premier League,2023/2024,Tottenham,Aston Villa,1,2
11693,Premier League,2023/2024,Everton,Man United,0,3
11694,Premier League,2023/2024,Fulham,Wolves,3,2
11695,Premier League,2023/2024,Arsenal,Wolves,2,1
11696,Premier League,2023/2024,Brentford,Luton,3,1
11697,Premier League,2023/2024,Burnley,Sheffield United,5,0
11698,Premier League,2023/2024,Nott'm Forest,Everton,0,1
11699,Premier League,2023/2024,Newcastle,Man United,1,0
11700,Premier League,2023/2024,Bournemouth,Aston Villa,2,2
11701,Premier League,2023/2024,Chelsea,Brighton,3,2
11702,Premier League,2023/2024,Liverpool,Fulham,4,3
11703,Premier League,2023/2024,West Ham,Crystal Palace,1,1
11704,Premier League,2023/2024,Man City,Tottenham,3,3
11705,Premier League,2023/2024,Wolves,Burnley,1,0
11706,Premier League,2023/2024,Luton,Arsenal,3,4
11707,Premier League,2023/2024,Brighton,Brentford,2,1
11708,Premier League,2023/2024,Crystal Palace,Bournemouth,0,2
11709,Premier League,2023/2024,Fulham,Nott'm Forest,5,0
11710,Premier League,2023/2024,Sheffield United,Liverpool,0,2
11711,Premier League,2023/2024,Aston Villa,Man City,1,0
11712,Premier League,2023/2024,Man United,Chelsea,2,1
11713,Premier League,2023/2024,Everton,Newcastle,3,0
11714,Premier League,2023/2024,Tottenham,West Ham,1,2
11715,Premier League,2023/2024,Crystal Palace,Liverpool,1,2
11716,Premier League,2023/2024,Brighton,Burnley,1,1
11717,Premier League,2023/2024,Man United,Bournemouth,0,3
11718,Premier League,2023/2024,Sheffield United,Brentford,1,0
11719,Premier League,2023/2024,Wolves,Nott'm Forest,1,1
11720,Premier League,2023/2024,Aston Villa,Arsenal,1,0
11721,Premier League,2023/2024,Everton,Chelsea,2,0
11722,Premier League,2023/2024,Fulham,West Ham,5,0
11723,Premier League,2023/2024,Luton,Man City,1,2
11724,Premier League,2023/2024,Tottenham,Newcastle,4,1
11725,Premier League,2023/2024,Nott'm Forest,Tottenham,0,2
11726,Premier League,2023/2024,Chelsea,Sheffield United,2,0
11727,Premier League,2023/2024,Man City,Crystal Palace,2,2
11728,Premier League,2023/2024,Newcastle,Fulham,3,0
11729,Premier League,2023/2024,Burnley,Everton,0,2
11730,Premier League,2023/2024,Arsenal,Brighton,2,0
11731,Premier League,2023/2024,Brentford,Aston Villa,1,2
11732,Premier League,2023/2024,West Ham,Wolves,3,0
11733,Premier League,2023/2024,Liverpool,Man United,0,0
11734,Premier League,2023/2024,Crystal Palace,Brighton,1,1
11735,Premier League,2023/2024,Aston Villa,Sheffield United,1,1
11736,Premier League,2023/2024,West Ham,Man United,2,0
11737,Premier League,2023/2024,Fulham,Burnley,0,2
11738,Premier League,2023/2024,Luton,Newcastle,1,0
11739,Premier League,2023/2024,Nott'm Forest,Bournemouth,2,3
11740,Premier League,2023/2024,Tottenham,Everton,2,1
11741,Premier League,2023/2024,Liverpool,Arsenal,1,1
11742,Premier League,2023/2024,Wolves,Chelsea,2,1
11743,Premier League,2023/2024,Newcastle,Nott'm Forest,1,3
11744,Premier League,2023/2024,Bournemouth,Fulham,3,0
11745,Premier League,2023/2024,Sheffield United,Luton,2,3
11746,Premier League,2023/2024,Burnley,Liverpool,0,2
11747,Premier League,2023/2024,Man United,Aston Villa,3,2
11748,Premier League,2023/2024,Brentford,Wolves,1,4
11749,Premier League,2023/2024,Chelsea,Crystal Palace,2,1
11750,Premier League,2023/2024,Everton,Man City,1,3
11751,Premier League,2023/2024,Brighton,Tottenham,4,2
11752,Premier League,2023/2024,Arsenal,West Ham,0,2
11753,Premier League,2023/2024,Luton,Chelsea,2,3
11754,Premier League,2023/2024,Aston Villa,Burnley,3,2
11755,Premier League,2023/2024,Crystal Palace,Brentford,3,1
11756,Premier League,2023/2024,Man City,Sheffield United,2,0
11757,Premier League,2023/2024,Wolves,Everton,3,0
11758,Premier League,2023/2024,Nott'm Forest,Man United,2,1
11759,Premier League,2023/2024,Fulham,Arsenal,2,1
11760,Premier League,2023/2024,Tottenham,Bournemouth,3,1
11761,Premier League,2023/2024,Liverpool,Newcastle,4,2
11762,Premier League,2023/2024,West Ham,Brighton,0,0
11763,Premier League,2023/2024,Burnley,Luton,1,1
11764,Premier League,2023/2024,Chelsea,Fulham,1,0
11765,Premier League,2023/2024,Newcastle,Man City,2,3
11766,Premier League,2023/2024,Everton,Aston Villa,0,0
11767,Premier League,2023/2024,Man United,Tottenham,2,2
11768,Premier League,2023/2024,Arsenal,Crystal Palace,5,0
11769,Premier League,2023/2024,Brentford,Nott'm Forest,3,2
11770,Premier League,2023/2024,Sheffield United,West Ham,2,2
11771,Premier League,2023/2024,Bournemouth,Liverpool,0,4
11772,Premier League,2023/2024,Brighton,Wolves,0,0
11773,Premier League,2023/2024,Nott'm Forest,Arsenal,1,2
11774,Premier League,2023/2024,Fulham,Everton,0,0
11775,Premier League,2023/2024,Luton,Brighton,4,0
11776,Premier League,2023/2024,Crystal Palace,Sheffield United,3,2
11777,Premier League,2023/2024,Aston Villa,Newcastle,1,3
11778,Premier League,2023/2024,Man City,Burnley,3,1
11779,Premier League,2023/2024,Tottenham,Brentford,3,2
11780,Premier League,2023/2024,Liverpool,Chelsea,4,1
11781,Premier League,2023/2024,West Ham,Bournemouth,1,1
11782,Premier League,2023/2024,Wolves,Man United,3,4
11783,Premier League,2023/2024,Everton,Tottenham,2,2
11784,Premier League,2023/2024,Brighton,Crystal Palace,4,1
11785,Premier League,2023/2024,Burnley,Fulham,2,2
11786,Premier League,2023/2024,Newcastle,Luton,4,4
11787,Premier League,2023/2024,Sheffield United,Aston Villa,0,5
11788,Premier League,2023/2024,Bournemouth,Nott'm Forest,1,1
11789,Premier League,2023/2024,Chelsea,Wolves,2,4
11790,Premier League,2023/2024,Man United,West Ham,3,0
11791,Premier League,2023/2024,Arsenal,Liverpool,3,1
11792,Premier League,2023/2024,Brentford,Man City,1,3
11793,Premier League,2023/2024,Man City,Everton,2,0
11794,Premier League,2023/2024,Fulham,Bournemouth,3,1
11795,Premier League,2023/2024,Liverpool,Burnley,3,1
11796,Premier League,2023/2024,Luton,Sheffield United,1,3
11797,Premier League,2023/2024,Tottenham,Brighton,2,1
11798,Premier League,2023/2024,Wolves,Brentford,0,2
11799,Premier League,2023/2024,Nott'm Forest,Newcastle,2,3
11800,Premier League,2023/2024,West Ham,Arsenal,0,6
11801,Premier League,2023/2024,Aston Villa,Man United,1,2
11802,Premier League,2023/2024,Crystal Palace,Chelsea,1,3
11803,Premier League,2023/2024,Brentford,Liverpool,1,4
11804,Premier League,2023/2024,Burnley,Arsenal,0,5
11805,Premier League,2023/2024,Fulham,Aston Villa,1,2
11806,Premier League,2023/2024,Newcastle,Bournemouth,2,2
11807,Premier League,2023/2024,Nott'm Forest,West Ham,2,0
11808,Premier League,2023/2024,Tottenham,Wolves,1,2
11809,Premier League,2023/2024,Man City,Chelsea,1,1
11810,Premier League,2023/2024,Sheffield United,Brighton,0,5
11811,Premier League,2023/2024,Luton,Man United,1,2
11812,Premier League,2023/2024,Everton,Crystal Palace,1,1
11813,Premier League,2023/2024,Man City,Brentford,1,0
11814,Premier League,2023/2024,Liverpool,Luton,4,1
11815,Premier League,2023/2024,Aston Villa,Nott'm Forest,4,2
11816,Premier League,2023/2024,Brighton,Everton,1,1
11817,Premier League,2023/2024,Crystal Palace,Burnley,3,0
11818,Premier League,2023/2024,Man United,Fulham,1,2
11819,Premier League,2023/2024,Bournemouth,Man City,0,1
11820,Premier League,2023/2024,Arsenal,Newcastle,4,1
11821,Premier League,2023/2024,Wolves,Sheffield United,1,0
11822,Premier League,2023/2024,West Ham,Brentford,4,2
11823,Premier League,2023/2024,Brentford,Chelsea,2,2
11824,Premier League,2023/2024,Everton,West Ham,1,3
11825,Premier League,2023/2024,Fulham,Brighton,3,0
11826,Premier League,2023/2024,Newcastle,Wolves,3,0
11827,Premier League,2023/2024,Nott'm Forest,Liverpool,0,1
11828,Premier League,2023/2024,Tottenham,Crystal Palace,3,1
11829,Premier League,2023/2024,Luton,Aston Villa,2,3
11830,Premier League,2023/2024,Burnley,Bournemouth,0,2
11831,Premier League,2023/2024,Man City,Man United,3,1
11832,Premier League,2023/2024,Sheffield United,Arsenal,0,6
11833,Premier League,2023/2024,Man United,Everton,2,0
11834,Premier League,2023/2024,Bournemouth,Sheffield United,2,2
11835,Premier League,2023/2024,Crystal Palace,Luton,1,1
11836,Premier League,2023/2024,Wolves,Fulham,2,1
11837,Premier League,2023/2024,Arsenal,Brentford,2,1
11838,Premier League,2023/2024,Aston Villa,Tottenham,0,4
11839,Premier League,2023/2024,Brighton,Nott'm Forest,1,0
11840,Premier League,2023/2024,West Ham,Burnley,2,2
11841,Premier League,2023/2024,Liverpool,Man City,1,1
11842,Premier League,2023/2024,Chelsea,Newcastle,3,2
11843,Premier League,2023/2024,Bournemouth,Luton,4,3
11844,Premier League,2023/2024,Burnley,Brentford,2,1
11845,Premier League,2023/2024,Luton,Nott'm Forest,1,1
11846,Premier League,2023/2024,Fulham,Tottenham,3,0
11847,Premier League,2023/2024,West Ham,Aston Villa,1,1
11848,Premier League,2023/2024,Newcastle,West Ham,4,3
11849,Premier League,2023/2024,Bournemouth,Everton,2,1
11850,Premier League,2023/2024,Chelsea,Burnley,2,2
11851,Premier League,2023/2024,Nott'm Forest,Crystal Palace,1,1
11852,Premier League,2023/2024,Sheffield United,Fulham,3,3
11853,Premier League,2023/2024,Tottenham,Luton,2,1
11854,Premier League,2023/2024,Aston Villa,Wolves,2,0
11855,Premier League,2023/2024,Brentford,Man United,1,1
11856,Premier League,2023/2024,Liverpool,Brighton,2,1
11857,Premier League,2023/2024,Man City,Arsenal,0,0
11858,Premier League,2023/2024,Newcastle,Everton,1,1
11859,Premier League,2023/2024,Nott'm Forest,Fulham,3,1
11860,Premier League,2023/2024,Bournemouth,Crystal Palace,1,0
11861,Premier League,2023/2024,Burnley,Wolves,1,1
11862,Premier League,2023/2024,West Ham,Tottenham,1,1
11863,Premier League,2023/2024,Arsenal,Luton,2,0
11864,Premier League,2023/2024,Brentford,Brighton,0,0
11865,Premier League,2023/2024,Man City,Aston Villa,4,1
11866,Premier League,2023/2024,Liverpool,Sheffield United,3,1
11867,Premier League,2023/2024,Chelsea,Man United,4,3
11868,Premier League,2023/2024,Crystal Palace,Man City,2,4
11869,Premier League,2023/2024,Aston Villa,Brentford,3,3
11870,Premier League,2023/2024,Everton,Burnley,1,0
11871,Premier League,2023/2024,Fulham,Newcastle,0,1
11872,Premier League,2023/2024,Luton,Bournemouth,2,1
11873,Premier League,2023/2024,Wolves,West Ham,1,2
11874,Premier League,2023/2024,Brighton,Arsenal,0,3
11875,Premier League,2023/2024,Man United,Liverpool,2,2
11876,Premier League,2023/2024,Sheffield United,Chelsea,2,2
11877,Premier League,2023/2024,Tottenham,Nott'm Forest,3,1
11878,Premier League,2023/2024,Newcastle,Tottenham,4,0
11879,Premier League,2023/2024,Brentford,Sheffield United,2,0
11880,Premier League,2023/2024,Burnley,Brighton,1,1
11881,Premier League,2023/2024,Man City,Luton,5,1
11882,Premier League,2023/2024,Nott'm Forest,Wolves,2,2
11883,Premier League,2023/2024,Bournemouth,Man United,2,2
11884,Premier League,2023/2024,Liverpool,Crystal Palace,0,1
11885,Premier League,2023/2024,West Ham,Fulham,0,2
11886,Premier League,2023/2024,Arsenal,Aston Villa,0,2
11887,Premier League,2023/2024,Chelsea,Everton,6,0
11888,Premier League,2023/2024,Luton,Brentford,1,5
11889,Premier League,2023/2024,Sheffield United,Burnley,1,4
11890,Premier League,2023/2024,Wolves,Arsenal,0,2
11891,Premier League,2023/2024,Everton,Nott'm Forest,2,0
11892,Premier League,2023/2024,Aston Villa,Bournemouth,3,1
11893,Premier League,2023/2024,Crystal Palace,West Ham,5,2
11894,Premier League,2023/2024,Fulham,Liverpool,1,3
11895,Premier League,2023/2024,Arsenal,Chelsea,5,0
11896,Premier League,2023/2024,Wolves,Bournemouth,0,1
11897,Premier League,2023/2024,Crystal Palace,Newcastle,2,0
11898,Premier League,2023/2024,Everton,Liverpool,2,0
11899,Premier League,2023/2024,Man United,Sheffield United,4,2
11900,Premier League,2023/2024,Brighton,Man City,0,4
11901,Premier League,2023/2024,West Ham,Liverpool,2,2
11902,Premier League,2023/2024,Fulham,Crystal Palace,1,1
11903,Premier League,2023/2024,Man United,Burnley,1,1
11904,Premier League,2023/2024,Newcastle,Sheffield United,5,1
11905,Premier League,2023/2024,Wolves,Luton,2,1
11906,Premier League,2023/2024,Everton,Brentford,1,0
11907,Premier League,2023/2024,Aston Villa,Chelsea,2,2
11908,Premier League,2023/2024,Bournemouth,Brighton,3,0
11909,Premier League,2023/2024,Tottenham,Arsenal,2,3
11910,Premier League,2023/2024,Nott'm Forest,Man City,0,2
11911,Premier League,2023/2024,Chelsea,Tottenham,2,0
11912,Premier League,2023/2024,Luton,Everton,1,1
11913,Premier League,2023/2024,Arsenal,Bournemouth,3,0
11914,Premier League,2023/2024,Brentford,Fulham,0,0
11915,Premier League,2023/2024,Burnley,Newcastle,1,4
11916,Premier League,2023/2024,Sheffield United,Nott'm Forest,1,3
11917,Premier League,2023/2024,Man City,Wolves,5,1
11918,Premier League,2023/2024,Brighton,Aston Villa,1,0
11919,Premier League,2023/2024,Chelsea,West Ham,5,0
11920,Premier League,2023/2024,Liverpool,Tottenham,4,2
11921,Premier League,2023/2024,Crystal Palace,Man United,4,0
11922,Premier League,2023/2024,Fulham,Man City,0,4
11923,Premier League,2023/2024,Bournemouth,Brentford,1,2
11924,Premier League,2023/2024,Everton,Sheffield United,1,0
11925,Premier League,2023/2024,Newcastle,Brighton,1,1
11926,Premier League,2023/2024,Tottenham,Burnley,2,1
11927,Premier League,2023/2024,West Ham,Luton,3,1
11928,Premier League,2023/2024,Wolves,Crystal Palace,1,3
11929,Premier League,2023/2024,Nott'm Forest,Chelsea,2,3
11930,Premier League,2023/2024,Man United,Arsenal,0,1
11931,Premier League,2023/2024,Aston Villa,Liverpool,3,3
11932,Premier League,2023/2024,Tottenham,Man City,0,2
11933,Premier League,2023/2024,Brighton,Chelsea,1,2
11934,Premier League,2023/2024,Man United,Newcastle,3,2
11935,Premier League,2023/2024,Arsenal,Everton,2,1
11936,Premier League,2023/2024,Brentford,Newcastle,2,4
11937,Premier League,2023/2024,Brighton,Man United,0,2
11938,Premier League,2023/2024,Burnley,Nott'm Forest,1,2
11939,Premier League,2023/2024,Chelsea,Bournemouth,2,1
11940,Premier League,2023/2024,Crystal Palace,Aston Villa,5,0
11941,Premier League,2023/2024,Liverpool,Wolves,2,0
11942,Premier League,2023/2024,Luton,Fulham,2,4
11943,Premier League,2023/2024,Man City,West Ham,3,1
11944,Premier League,2023/2024,Sheffield United,Tottenham,0,3
11945,Premier League,2024/2025,Man United,Fulham,1,0
11946,Premier League,2024/2025,Ipswich,Liverpool,0,2
11947,Premier League,2024/2025,Arsenal,Wolves,2,0
11948,Premier League,2024/2025,Everton,Brighton,0,3
11949,Premier League,2024/2025,Newcastle,Southampton,1,0
11950,Premier League,2024/2025,Nott'm Forest,Bournemouth,1,1
11951,Premier League,2024/2025,West Ham,Aston Villa,1,2
11952,Premier League,2024/2025,Brentford,Crystal Palace,2,1
11953,Premier League,2024/2025,Chelsea,Man City,0,2
11954,Premier League,2024/2025,Leicester,Tottenham,1,1
11955,Premier League,2024/2025,Brighton,Man United,2,1
11956,Premier League,2024/2025,Crystal Palace,West Ham,0,2
11957,Premier League,2024/2025,Fulham,Leicester,2,1
11958,Premier League,2024/2025,Man City,Ipswich,4,1
11959,Premier League,2024/2025,Southampton,Nott'm Forest,0,1
11960,Premier League,2024/2025,Tottenham,Everton,4,0
11961,Premier League,2024/2025,Aston Villa,Arsenal,0,2
11962,Premier League,2024/2025,Bournemouth,Newcastle,1,1
11963,Premier League,2024/2025,Wolves,Chelsea,2,6
11964,Premier League,2024/2025,Liverpool,Brentford,2,0
11965,Premier League,2024/2025,Arsenal,Brighton,1,1
11966,Premier League,2024/2025,Brentford,Southampton,3,1
11967,Premier League,2024/2025,Everton,Bournemouth,2,3
11968,Premier League,2024/2025,Ipswich,Fulham,1,1
11969,Premier League,2024/2025,Leicester,Aston Villa,1,2
11970,Premier League,2024/2025,Nott'm Forest,Wolves,1,1
11971,Premier League,2024/2025,West Ham,Man City,1,3
11972,Premier League,2024/2025,Chelsea,Crystal Palace,1,1
11973,Premier League,2024/2025,Newcastle,Tottenham,2,1
11974,Premier League,2024/2025,Man United,Liverpool,0,3
11975,Premier League,2024/2025,Southampton,Man United,0,3
11976,Premier League,2024/2025,Brighton,Ipswich,0,0
11977,Premier League,2024/2025,Crystal Palace,Leicester,2,2
11978,Premier League,2024/2025,Fulham,West Ham,1,1
11979,Premier League,2024/2025,Liverpool,Nott'm Forest,0,1
11980,Premier League,2024/2025,Man City,Brentford,2,1
11981,Premier League,2024/2025,Aston Villa,Everton,3,2
11982,Premier League,2024/2025,Bournemouth,Chelsea,0,1
11983,Premier League,2024/2025,Tottenham,Arsenal,0,1
11984,Premier League,2024/2025,Wolves,Newcastle,1,2
11985,Premier League,2024/2025,West Ham,Chelsea,0,3
11986,Premier League,2024/2025,Aston Villa,Wolves,3,1
11987,Premier League,2024/2025,Fulham,Newcastle,3,1
11988,Premier League,2024/2025,Leicester,Everton,1,1
11989,Premier League,2024/2025,Liverpool,Bournemouth,3,0
11990,Premier League,2024/2025,Southampton,Ipswich,1,1
11991,Premier League,2024/2025,Tottenham,Brentford,3,1
11992,Premier League,2024/2025,Crystal Palace,Man United,0,0
11993,Premier League,2024/2025,Brighton,Nott'm Forest,2,2
11994,Premier League,2024/2025,Man City,Arsenal,2,2
11995,Premier League,2024/2025,Newcastle,Man City,1,1
11996,Premier League,2024/2025,Arsenal,Leicester,4,2
11997,Premier League,2024/2025,Brentford,West Ham,1,1
11998,Premier League,2024/2025,Chelsea,Brighton,4,2
11999,Premier League,2024/2025,Everton,Crystal Palace,2,1
12000,Premier League,2024/2025,Nott'm Forest,Fulham,0,1
12001,Premier League,2024/2025,Wolves,Liverpool,1,2
12002,Premier League,2024/2025,Ipswich,Aston Villa,2,2
12003,Premier League,2024/2025,Man United,Tottenham,0,3
12004,Premier League,2024/2025,Bournemouth,Southampton,3,1
12005,Premier League,2024/2025,Crystal Palace,Liverpool,0,1
12006,Premier League,2024/2025,Arsenal,Southampton,3,1
12007,Premier League,2024/2025,Brentford,Wolves,5,3
12008,Premier League,2024/2025,Leicester,Bournemouth,1,0
12009,Premier League,2024/2025,Man City,Fulham,3,2
12010,Premier League,2024/2025,West Ham,Ipswich,4,1
12011,Premier League,2024/2025,Everton,Newcastle,0,0
12012,Premier League,2024/2025,Aston Villa,Man United,0,0
12013,Premier League,2024/2025,Chelsea,Nott'm Forest,1,1
12014,Premier League,2024/2025,Brighton,Tottenham,3,2
12015,Premier League,2024/2025,Tottenham,West Ham,4,1
12016,Premier League,2024/2025,Fulham,Aston Villa,1,3
12017,Premier League,2024/2025,Ipswich,Everton,0,2
12018,Premier League,2024/2025,Man United,Brentford,2,1
12019,Premier League,2024/2025,Newcastle,Brighton,0,1
12020,Premier League,2024/2025,Southampton,Leicester,2,3
12021,Premier League,2024/2025,Bournemouth,Arsenal,2,0
12022,Premier League,2024/2025,Wolves,Man City,1,2
12023,Premier League,2024/2025,Liverpool,Chelsea,2,1
12024,Premier League,2024/2025,Nott'm Forest,Crystal Palace,1,0
12025,Premier League,2024/2025,Leicester,Nott'm Forest,1,3
12026,Premier League,2024/2025,Aston Villa,Bournemouth,1,1
12027,Premier League,2024/2025,Brentford,Ipswich,4,3
12028,Premier League,2024/2025,Brighton,Wolves,2,2
12029,Premier League,2024/2025,Man City,Southampton,1,0
12030,Premier League,2024/2025,Everton,Fulham,1,1
12031,Premier League,2024/2025,Chelsea,Newcastle,2,1
12032,Premier League,2024/2025,Crystal Palace,Tottenham,1,0
12033,Premier League,2024/2025,West Ham,Man United,2,1
12034,Premier League,2024/2025,Arsenal,Liverpool,2,2
12035,Premier League,2024/2025,Newcastle,Arsenal,1,0
12036,Premier League,2024/2025,Bournemouth,Man City,2,1
12037,Premier League,2024/2025,Ipswich,Leicester,1,1
12038,Premier League,2024/2025,Liverpool,Brighton,2,1
12039,Premier League,2024/2025,Nott'm Forest,West Ham,3,0
12040,Premier League,2024/2025,Southampton,Everton,1,0
12041,Premier League,2024/2025,Wolves,Crystal Palace,2,2
12042,Premier League,2024/2025,Tottenham,Aston Villa,4,1
12043,Premier League,2024/2025,Man United,Chelsea,1,1
12044,Premier League,2024/2025,Fulham,Brentford,2,1
12045,Premier League,2024/2025,Brentford,Bournemouth,3,2
12046,Premier League,2024/2025,Crystal Palace,Fulham,0,2
12047,Premier League,2024/2025,West Ham,Everton,0,0
12048,Premier League,2024/2025,Wolves,Southampton,2,0
12049,Premier League,2024/2025,Brighton,Man City,2,1
12050,Premier League,2024/2025,Liverpool,Aston Villa,2,0
12051,Premier League,2024/2025,Man United,Leicester,3,0
12052,Premier League,2024/2025,Nott'm Forest,Newcastle,1,3
12053,Premier League,2024/2025,Tottenham,Ipswich,1,2
12054,Premier League,2024/2025,Chelsea,Arsenal,1,1
12055,Premier League,2024/2025,Leicester,Chelsea,1,2
12056,Premier League,2024/2025,Arsenal,Nott'm Forest,3,0
12057,Premier League,2024/2025,Aston Villa,Crystal Palace,2,2
12058,Premier League,2024/2025,Bournemouth,Brighton,1,2
12059,Premier League,2024/2025,Everton,Brentford,0,0
12060,Premier League,2024/2025,Fulham,Wolves,1,4
12061,Premier League,2024/2025,Man City,Tottenham,0,4
12062,Premier League,2024/2025,Southampton,Liverpool,2,3
12063,Premier League,2024/2025,Ipswich,Man United,1,1
12064,Premier League,2024/2025,Newcastle,West Ham,0,2
12065,Premier League,2024/2025,Brighton,Southampton,1,1
12066,Premier League,2024/2025,Brentford,Leicester,4,1
12067,Premier League,2024/2025,Crystal Palace,Newcastle,1,1
12068,Premier League,2024/2025,Nott'm Forest,Ipswich,1,0
12069,Premier League,2024/2025,Wolves,Bournemouth,2,4
12070,Premier League,2024/2025,West Ham,Arsenal,2,5
12071,Premier League,2024/2025,Chelsea,Aston Villa,3,0
12072,Premier League,2024/2025,Man United,Everton,4,0
12073,Premier League,2024/2025,Tottenham,Fulham,1,1
12074,Premier League,2024/2025,Liverpool,Man City,2,0
12075,Premier League,2024/2025,Ipswich,Crystal Palace,0,1
12076,Premier League,2024/2025,Leicester,West Ham,3,1
12077,Premier League,2024/2025,Everton,Wolves,4,0
12078,Premier League,2024/2025,Man City,Nott'm Forest,3,0
12079,Premier League,2024/2025,Newcastle,Liverpool,3,3
12080,Premier League,2024/2025,Southampton,Chelsea,1,5
12081,Premier League,2024/2025,Arsenal,Man United,2,0
12082,Premier League,2024/2025,Aston Villa,Brentford,3,1
12083,Premier League,2024/2025,Fulham,Brighton,3,1
12084,Premier League,2024/2025,Bournemouth,Tottenham,1,0
12085,Premier League,2024/2025,Aston Villa,Southampton,1,0
12086,Premier League,2024/2025,Brentford,Newcastle,4,2
12087,Premier League,2024/2025,Crystal Palace,Man City,2,2
12088,Premier League,2024/2025,Man United,Nott'm Forest,2,3
12089,Premier League,2024/2025,Fulham,Arsenal,1,1
12090,Premier League,2024/2025,Ipswich,Bournemouth,1,2
12091,Premier League,2024/2025,Leicester,Brighton,2,2
12092,Premier League,2024/2025,Tottenham,Chelsea,3,4
12093,Premier League,2024/2025,West Ham,Wolves,2,1
12094,Premier League,2024/2025,Arsenal,Everton,0,0
12095,Premier League,2024/2025,Liverpool,Fulham,2,2
12096,Premier League,2024/2025,Newcastle,Leicester,4,0
12097,Premier League,2024/2025,Wolves,Ipswich,1,2
12098,Premier League,2024/2025,Nott'm Forest,Aston Villa,2,1
12099,Premier League,2024/2025,Brighton,Crystal Palace,1,3
12100,Premier League,2024/2025,Man City,Man United,1,2
12101,Premier League,2024/2025,Chelsea,Brentford,2,1
12102,Premier League,2024/2025,Southampton,Tottenham,0,5
12103,Premier League,2024/2025,Bournemouth,West Ham,1,1
12104,Premier League,2024/2025,Aston Villa,Man City,2,1
12105,Premier League,2024/2025,Brentford,Nott'm Forest,0,2
12106,Premier League,2024/2025,Ipswich,Newcastle,0,4
12107,Premier League,2024/2025,West Ham,Brighton,1,1
12108,Premier League,2024/2025,Crystal Palace,Arsenal,1,5
12109,Premier League,2024/2025,Everton,Chelsea,0,0
12110,Premier League,2024/2025,Fulham,Southampton,0,0
12111,Premier League,2024/2025,Leicester,Wolves,0,3
12112,Premier League,2024/2025,Man United,Bournemouth,0,3
12113,Premier League,2024/2025,Tottenham,Liverpool,3,6
12114,Premier League,2024/2025,Man City,Everton,1,1
12115,Premier League,2024/2025,Bournemouth,Crystal Palace,0,0
12116,Premier League,2024/2025,Chelsea,Fulham,1,2
12117,Premier League,2024/2025,Newcastle,Aston Villa,3,0
12118,Premier League,2024/2025,Nott'm Forest,Tottenham,1,0
12119,Premier League,2024/2025,Southampton,West Ham,0,1
12120,Premier League,2024/2025,Wolves,Man United,2,0
12121,Premier League,2024/2025,Liverpool,Leicester,3,1
12122,Premier League,2024/2025,Brighton,Brentford,0,0
12123,Premier League,2024/2025,Arsenal,Ipswich,1,0
12124,Premier League,2024/2025,Leicester,Man City,0,2
12125,Premier League,2024/2025,Crystal Palace,Southampton,2,1
12126,Premier League,2024/2025,Everton,Nott'm Forest,0,2
12127,Premier League,2024/2025,Fulham,Bournemouth,2,2
12128,Premier League,2024/2025,Tottenham,Wolves,2,2
12129,Premier League,2024/2025,West Ham,Liverpool,0,5
12130,Premier League,2024/2025,Aston Villa,Brighton,2,2
12131,Premier League,2024/2025,Ipswich,Chelsea,2,0
12132,Premier League,2024/2025,Man United,Newcastle,0,2
12133,Premier League,2024/2025,Brentford,Arsenal,1,3
12134,Premier League,2024/2025,Tottenham,Newcastle,1,2
12135,Premier League,2024/2025,Aston Villa,Leicester,2,1
12136,Premier League,2024/2025,Bournemouth,Everton,1,0
12137,Premier League,2024/2025,Crystal Palace,Chelsea,1,1
12138,Premier League,2024/2025,Man City,West Ham,4,1
12139,Premier League,2024/2025,Southampton,Brentford,0,5
12140,Premier League,2024/2025,Brighton,Arsenal,1,1
12141,Premier League,2024/2025,Fulham,Ipswich,2,2
12142,Premier League,2024/2025,Liverpool,Man United,2,2
12143,Premier League,2024/2025,Wolves,Nott'm Forest,0,3
12144,Premier League,2024/2025,Brentford,Man City,2,2
12145,Premier League,2024/2025,Chelsea,Bournemouth,2,2
12146,Premier League,2024/2025,West Ham,Fulham,3,2
12147,Premier League,2024/2025,Nott'm Forest,Liverpool,1,1
12148,Premier League,2024/2025,Everton,Aston Villa,0,1
12149,Premier League,2024/2025,Leicester,Crystal Palace,0,2
12150,Premier League,2024/2025,Newcastle,Wolves,3,0
12151,Premier League,2024/2025,Arsenal,Tottenham,2,1
12152,Premier League,2024/2025,Ipswich,Brighton,0,2
12153,Premier League,2024/2025,Man United,Southampton,3,1
12154,Premier League,2024/2025,Newcastle,Bournemouth,1,4
12155,Premier League,2024/2025,Brentford,Liverpool,0,2
12156,Premier League,2024/2025,Leicester,Fulham,0,2
12157,Premier League,2024/2025,West Ham,Crystal Palace,0,2
12158,Premier League,2024/2025,Arsenal,Aston Villa,2,2
12159,Premier League,2024/2025,Everton,Tottenham,3,2
12160,Premier League,2024/2025,Man United,Brighton,1,3
12161,Premier League,2024/2025,Nott'm Forest,Southampton,3,2
12162,Premier League,2024/2025,Ipswich,Man City,0,6
12163,Premier League,2024/2025,Chelsea,Wolves,3,1
12164,Premier League,2024/2025,Bournemouth,Nott'm Forest,5,0
12165,Premier League,2024/2025,Brighton,Everton,0,1
12166,Premier League,2024/2025,Liverpool,Ipswich,4,1
12167,Premier League,2024/2025,Southampton,Newcastle,1,3
12168,Premier League,2024/2025,Wolves,Arsenal,0,1
12169,Premier League,2024/2025,Man City,Chelsea,3,1
12170,Premier League,2024/2025,Crystal Palace,Brentford,1,2
12171,Premier League,2024/2025,Tottenham,Leicester,1,2
12172,Premier League,2024/2025,Aston Villa,West Ham,1,1
12173,Premier League,2024/2025,Fulham,Man United,0,1
12174,Premier League,2024/2025,Nott'm Forest,Brighton,7,0
12175,Premier League,2024/2025,Bournemouth,Liverpool,0,2
12176,Premier League,2024/2025,Everton,Leicester,4,0
12177,Premier League,2024/2025,Ipswich,Southampton,1,2
12178,Premier League,2024/2025,Newcastle,Fulham,1,2
12179,Premier League,2024/2025,Wolves,Aston Villa,2,0
12180,Premier League,2024/2025,Brentford,Tottenham,0,2
12181,Premier League,2024/2025,Man United,Crystal Palace,0,2
12182,Premier League,2024/2025,Arsenal,Man City,5,1
12183,Premier League,2024/2025,Chelsea,West Ham,2,1
12184,Premier League,2024/2025,Everton,Liverpool,2,2
12185,Premier League,2024/2025,Brighton,Chelsea,3,0
12186,Premier League,2024/2025,Leicester,Arsenal,0,2
12187,Premier League,2024/2025,Aston Villa,Ipswich,1,1
12188,Premier League,2024/2025,Fulham,Nott'm Forest,2,1
12189,Premier League,2024/2025,Man City,Newcastle,4,0
12190,Premier League,2024/2025,Southampton,Bournemouth,1,3
12191,Premier League,2024/2025,West Ham,Brentford,0,1
12192,Premier League,2024/2025,Crystal Palace,Everton,1,2
12193,Premier League,2024/2025,Liverpool,Wolves,2,1
12194,Premier League,2024/2025,Tottenham,Man United,1,0
12195,Premier League,2024/2025,Aston Villa,Liverpool,2,2
12196,Premier League,2024/2025,Leicester,Brentford,0,4
12197,Premier League,2024/2025,Everton,Man United,2,2
12198,Premier League,2024/2025,Arsenal,West Ham,0,1
12199,Premier League,2024/2025,Bournemouth,Wolves,0,1
12200,Premier League,2024/2025,Fulham,Crystal Palace,0,2
12201,Premier League,2024/2025,Ipswich,Tottenham,1,4
12202,Premier League,2024/2025,Southampton,Brighton,0,4
12203,Premier League,2024/2025,Aston Villa,Chelsea,2,1
12204,Premier League,2024/2025,Newcastle,Nott'm Forest,4,3
12205,Premier League,2024/2025,Man City,Liverpool,0,2
12206,Premier League,2024/2025,Brighton,Bournemouth,2,1
12207,Premier League,2024/2025,Crystal Palace,Aston Villa,4,1
12208,Premier League,2024/2025,Wolves,Fulham,1,2
12209,Premier League,2024/2025,Chelsea,Southampton,4,0
12210,Premier League,2024/2025,Brentford,Everton,1,1
12211,Premier League,2024/2025,Man United,Ipswich,3,2
12212,Premier League,2024/2025,Nott'm Forest,Arsenal,0,0
12213,Premier League,2024/2025,Tottenham,Man City,0,1
12214,Premier League,2024/2025,Liverpool,Newcastle,2,0
12215,Premier League,2024/2025,West Ham,Leicester,2,0
12216,Premier League,2024/2025,Nott'm Forest,Man City,1,0
12217,Premier League,2024/2025,Brighton,Fulham,2,1
12218,Premier League,2024/2025,Crystal Palace,Ipswich,1,0
12219,Premier League,2024/2025,Liverpool,Southampton,3,1
12220,Premier League,2024/2025,Brentford,Aston Villa,0,1
12221,Premier League,2024/2025,Wolves,Everton,1,1
12222,Premier League,2024/2025,Chelsea,Leicester,1,0
12223,Premier League,2024/2025,Tottenham,Bournemouth,2,2
12224,Premier League,2024/2025,Man United,Arsenal,1,1
12225,Premier League,2024/2025,West Ham,Newcastle,0,1
12226,Premier League,2024/2025,Everton,West Ham,1,1
12227,Premier League,2024/2025,Ipswich,Nott'm Forest,2,4
12228,Premier League,2024/2025,Man City,Brighton,2,2
12229,Premier League,2024/2025,Southampton,Wolves,1,2
12230,Premier League,2024/2025,Bournemouth,Brentford,1,2
12231,Premier League,2024/2025,Arsenal,Chelsea,1,0
12232,Premier League,2024/2025,Fulham,Tottenham,2,0
12233,Premier League,2024/2025,Leicester,Man United,0,3
12234,Premier League,2024/2025,Arsenal,Fulham,2,1
12235,Premier League,2024/2025,Wolves,West Ham,1,0
12236,Premier League,2024/2025,Nott'm Forest,Man United,1,0
12237,Premier League,2024/2025,Bournemouth,Ipswich,1,2
12238,Premier League,2024/2025,Brighton,Aston Villa,0,3
12239,Premier League,2024/2025,Man City,Leicester,2,0
12240,Premier League,2024/2025,Newcastle,Brentford,2,1
12241,Premier League,2024/2025,Southampton,Crystal Palace,1,1
12242,Premier League,2024/2025,Liverpool,Everton,1,0
12243,Premier League,2024/2025,Chelsea,Tottenham,1,0
12244,Premier League,2024/2025,Everton,Arsenal,1,1
12245,Premier League,2024/2025,Crystal Palace,Brighton,2,1
12246,Premier League,2024/2025,Ipswich,Wolves,1,2
12247,Premier League,2024/2025,West Ham,Bournemouth,2,2
12248,Premier League,2024/2025,Aston Villa,Nott'm Forest,2,1
12249,Premier League,2024/2025,Brentford,Chelsea,0,0
12250,Premier League,2024/2025,Fulham,Liverpool,3,2
12251,Premier League,2024/2025,Tottenham,Southampton,3,1
12252,Premier League,2024/2025,Man United,Man City,0,0
12253,Premier League,2024/2025,Leicester,Newcastle,0,3
12254,Premier League,2024/2025,Man City,Crystal Palace,5,2
12255,Premier League,2024/2025,Brighton,Leicester,2,2
12256,Premier League,2024/2025,Nott'm Forest,Everton,0,1
12257,Premier League,2024/2025,Southampton,Aston Villa,0,3
12258,Premier League,2024/2025,Arsenal,Brentford,1,1
12259,Premier League,2024/2025,Chelsea,Ipswich,2,2
12260,Premier League,2024/2025,Liverpool,West Ham,2,1
12261,Premier League,2024/2025,Wolves,Tottenham,4,2
12262,Premier League,2024/2025,Newcastle,Man United,4,1
12263,Premier League,2024/2025,Bournemouth,Fulham,1,0
12264,Premier League,2024/2025,Newcastle,Crystal Palace,5,0
12265,Premier League,2024/2025,Brentford,Brighton,4,2
12266,Premier League,2024/2025,Crystal Palace,Bournemouth,0,0
12267,Premier League,2024/2025,Everton,Man City,0,2
12268,Premier League,2024/2025,West Ham,Southampton,1,1
12269,Premier League,2024/2025,Aston Villa,Newcastle,4,1
12270,Premier League,2024/2025,Fulham,Chelsea,1,2
12271,Premier League,2024/2025,Ipswich,Arsenal,0,4
12272,Premier League,2024/2025,Man United,Wolves,0,1
12273,Premier League,2024/2025,Leicester,Liverpool,0,1
12274,Premier League,2024/2025,Tottenham,Nott'm Forest,1,2
12275,Premier League,2024/2025,Man City,Aston Villa,2,1
12276,Premier League,2024/2025,Arsenal,Crystal Palace,2,2
12277,Premier League,2024/2025,Chelsea,Everton,1,0
12278,Premier League,2024/2025,Brighton,West Ham,3,2
12279,Premier League,2024/2025,Newcastle,Ipswich,3,0
12280,Premier League,2024/2025,Southampton,Fulham,1,2
12281,Premier League,2024/2025,Wolves,Leicester,3,0
12282,Premier League,2024/2025,Bournemouth,Man United,1,1
12283,Premier League,2024/2025,Liverpool,Tottenham,5,1
12284,Premier League,2024/2025,Nott'm Forest,Brentford,0,2
12285,Premier League,2024/2025,Man City,Wolves,1,0
12286,Premier League,2024/2025,Aston Villa,Fulham,1,0
12287,Premier League,2024/2025,Everton,Ipswich,2,2
12288,Premier League,2024/2025,Leicester,Southampton,2,0
12289,Premier League,2024/2025,Arsenal,Bournemouth,1,2
12290,Premier League,2024/2025,Brentford,Man United,4,3
12291,Premier League,2024/2025,Brighton,Newcastle,1,1
12292,Premier League,2024/2025,West Ham,Tottenham,1,1
12293,Premier League,2024/2025,Chelsea,Liverpool,3,1
12294,Premier League,2024/2025,Crystal Palace,Nott'm Forest,1,1
12295,Premier League,2024/2025,Fulham,Everton,1,3
12296,Premier League,2024/2025,Ipswich,Brentford,0,1
12297,Premier League,2024/2025,Southampton,Man City,0,0
12298,Premier League,2024/2025,Wolves,Brighton,0,2
12299,Premier League,2024/2025,Bournemouth,Aston Villa,0,1
12300,Premier League,2024/2025,Newcastle,Chelsea,2,0
12301,Premier League,2024/2025,Man United,West Ham,0,2
12302,Premier League,2024/2025,Nott'm Forest,Leicester,2,2
12303,Premier League,2024/2025,Tottenham,Crystal Palace,0,2
12304,Premier League,2024/2025,Liverpool,Arsenal,2,2
12305,Premier League,2024/2025,Aston Villa,Tottenham,2,0
12306,Premier League,2024/2025,Chelsea,Man United,1,0
12307,Premier League,2024/2025,Everton,Southampton,2,0
12308,Premier League,2024/2025,West Ham,Nott'm Forest,1,2
12309,Premier League,2024/2025,Brentford,Fulham,2,3
12310,Premier League,2024/2025,Leicester,Ipswich,2,0
12311,Premier League,2024/2025,Arsenal,Newcastle,1,0
12312,Premier League,2024/2025,Brighton,Liverpool,3,2
12313,Premier League,2024/2025,Crystal Palace,Wolves,4,2
12314,Premier League,2024/2025,Man City,Bournemouth,3,1
12315,Premier League,2024/2025,Bournemouth,Leicester,2,0
12316,Premier League,2024/2025,Fulham,Man City,0,2
12317,Premier League,2024/2025,Ipswich,West Ham,1,3
12318,Premier League,2024/2025,Liverpool,Crystal Palace,1,1
12319,Premier League,2024/2025,Man United,Aston Villa,2,0
12320,Premier League,2024/2025,Newcastle,Everton,0,1
12321,Premier League,2024/2025,Nott'm Forest,Chelsea,0,1
12322,Premier League,2024/2025,Southampton,Arsenal,1,2
12323,Premier League,2024/2025,Tottenham,Brighton,1,4
12324,Premier League,2024/2025,Wolves,Brentford,1,1
12325,Premier League,2025/2026,Liverpool,Bournemouth,4,2
12326,Premier League,2025/2026,Aston Villa,Newcastle,0,0
12327,Premier League,2025/2026,Brighton,Fulham,1,1
12328,Premier League,2025/2026,Sunderland,West Ham,3,0
12329,Premier League,2025/2026,Tottenham,Burnley,3,0
12330,Premier League,2025/2026,Wolves,Man City,0,4
12331,Premier League,2025/2026,Chelsea,Crystal Palace,0,0
12332,Premier League,2025/2026,Nott'm Forest,Brentford,3,1
12333,Premier League,2025/2026,Man United,Arsenal,0,1
12334,Premier League,2025/2026,Leeds,Everton,1,0
12335,Premier League,2025/2026,West Ham,Chelsea,1,5
12336,Premier League,2025/2026,Man City,Tottenham,0,2
12337,Premier League,2025/2026,Bournemouth,Wolves,1,0
12338,Premier League,2025/2026,Brentford,Aston Villa,1,0
12339,Premier League,2025/2026,Burnley,Sunderland,2,0
12340,Premier League,2025/2026,Arsenal,Leeds,5,0
12341,Premier League,2025/2026,Crystal Palace,Nott'm Forest,1,1
12342,Premier League,2025/2026,Everton,Brighton,2,0
12343,Premier League,2025/2026,Fulham,Man United,1,1
12344,Premier League,2025/2026,Newcastle,Liverpool,2,3
12345,Premier League,2025/2026,Chelsea,Fulham,2,0
12346,Premier League,2025/2026,Man United,Burnley,3,2
12347,Premier League,2025/2026,Sunderland,Brentford,2,1
12348,Premier League,2025/2026,Tottenham,Bournemouth,0,1
12349,Premier League,2025/2026,Wolves,Everton,2,3
12350,Premier League,2025/2026,Leeds,Newcastle,0,0
12351,Premier League,2025/2026,Brighton,Man City,2,1
12352,Premier League,2025/2026,Nott'm Forest,West Ham,0,3
12353,Premier League,2025/2026,Liverpool,Arsenal,1,0
12354,Premier League,2025/2026,Aston Villa,Crystal Palace,0,3
12355,Premier League,2025/2026,Arsenal,Nott'm Forest,3,0
12356,Premier League,2025/2026,Bournemouth,Brighton,2,1
12357,Premier League,2025/2026,Crystal Palace,Sunderland,0,0
12358,Premier League,2025/2026,Everton,Aston Villa,0,0
12359,Premier League,2025/2026,Fulham,Leeds,1,0
12360,Premier League,2025/2026,Newcastle,Wolves,1,0
12361,Premier League,2025/2026,West Ham,Tottenham,0,3
12362,Premier League,2025/2026,Brentford,Chelsea,2,2
12363,Premier League,2025/2026,Burnley,Liverpool,0,1
12364,Premier League,2025/2026,Man City,Man United,3,0
12365,Premier League,2025/2026,Liverpool,Everton,2,1
12366,Premier League,2025/2026,Brighton,Tottenham,2,2
12367,Premier League,2025/2026,Burnley,Nott'm Forest,1,1
12368,Premier League,2025/2026,West Ham,Crystal Palace,1,2
12369,Premier League,2025/2026,Wolves,Leeds,1,3
12370,Premier League,2025/2026,Man United,Chelsea,2,1
12371,Premier League,2025/2026,Fulham,Brentford,3,1
12372,Premier League,2025/2026,Bournemouth,Newcastle,0,0
12373,Premier League,2025/2026,Sunderland,Aston Villa,1,1
12374,Premier League,2025/2026,Arsenal,Man City,1,1
12375,Premier League,2025/2026,Brentford,Man United,3,1
12376,Premier League,2025/2026,Chelsea,Brighton,1,3
12377,Premier League,2025/2026,Crystal Palace,Liverpool,2,1
12378,Premier League,2025/2026,Leeds,Bournemouth,2,2
12379,Premier League,2025/2026,Man City,Burnley,5,1
12380,Premier League,2025/2026,Nott'm Forest,Sunderland,0,1
12381,Premier League,2025/2026,Tottenham,Wolves,1,1
12382,Premier League,2025/2026,Aston Villa,Fulham,3,1
12383,Premier League,2025/2026,Newcastle,Arsenal,1,2
12384,Premier League,2025/2026,Everton,West Ham,1,1
12385,Premier League,2025/2026,Bournemouth,Fulham,3,1
12386,Premier League,2025/2026,Leeds,Tottenham,1,2
12387,Premier League,2025/2026,Arsenal,West Ham,2,0
12388,Premier League,2025/2026,Man United,Sunderland,2,0
12389,Premier League,2025/2026,Chelsea,Liverpool,2,1
12390,Premier League,2025/2026,Aston Villa,Burnley,2,1
12391,Premier League,2025/2026,Everton,Crystal Palace,2,1
12392,Premier League,2025/2026,Newcastle,Nott'm Forest,2,0
12393,Premier League,2025/2026,Wolves,Brighton,1,1
12394,Premier League,2025/2026,Brentford,Man City,0,1
12395,Premier League,2025/2026,Nott'm Forest,Chelsea,0,3
12396,Premier League,2025/2026,Brighton,Newcastle,2,1
12397,Premier League,2025/2026,Burnley,Leeds,2,0
12398,Premier League,2025/2026,Crystal Palace,Bournemouth,3,3
12399,Premier League,2025/2026,Man City,Everton,2,0
12400,Premier League,2025/2026,Sunderland,Wolves,2,0
12401,Premier League,2025/2026,Fulham,Arsenal,0,1
12402,Premier League,2025/2026,Tottenham,Aston Villa,1,2
12403,Premier League,2025/2026,Liverpool,Man United,1,2
12404,Premier League,2025/2026,West Ham,Brentford,0,2
12405,Premier League,2025/2026,Leeds,West Ham,2,1
12406,Premier League,2025/2026,Chelsea,Sunderland,1,2
12407,Premier League,2025/2026,Newcastle,Fulham,2,1
12408,Premier League,2025/2026,Man United,Brighton,4,2
12409,Premier League,2025/2026,Brentford,Liverpool,3,2
12410,Premier League,2025/2026,Arsenal,Crystal Palace,1,0
12411,Premier League,2025/2026,Aston Villa,Man City,1,0
12412,Premier League,2025/2026,Bournemouth,Nott'm Forest,2,0
12413,Premier League,2025/2026,Wolves,Burnley,2,3
12414,Premier League,2025/2026,Everton,Tottenham,0,3
12415,Premier League,2025/2026,Brighton,Leeds,3,0
12416,Premier League,2025/2026,Burnley,Arsenal,0,2
12417,Premier League,2025/2026,Crystal Palace,Brentford,2,0
12418,Premier League,2025/2026,Fulham,Wolves,3,0
12419,Premier League,2025/2026,Nott'm Forest,Man United,2,2
12420,Premier League,2025/2026,Tottenham,Chelsea,0,1
12421,Premier League,2025/2026,Liverpool,Aston Villa,2,0
12422,Premier League,2025/2026,West Ham,Newcastle,3,1
12423,Premier League,2025/2026,Man City,Bournemouth,3,1
12424,Premier League,2025/2026,Sunderland,Everton,1,1
12425,Premier League,2025/2026,Tottenham,Man United,2,2
12426,Premier League,2025/2026,Everton,Fulham,2,0
12427,Premier League,2025/2026,West Ham,Burnley,3,2
12428,Premier League,2025/2026,Sunderland,Arsenal,2,2
12429,Premier League,2025/2026,Chelsea,Wolves,3,0
12430,Premier League,2025/2026,Aston Villa,Bournemouth,4,0
12431,Premier League,2025/2026,Brentford,Newcastle,3,1
12432,Premier League,2025/2026,Crystal Palace,Brighton,0,0
12433,Premier League,2025/2026,Nott'm Forest,Leeds,3,1
12434,Premier League,2025/2026,Man City,Liverpool,3,0
12435,Premier League,2025/2026,Burnley,Chelsea,0,2
12436,Premier League,2025/2026,Bournemouth,West Ham,2,2
12437,Premier League,2025/2026,Brighton,Brentford,2,1
12438,Premier League,2025/2026,Fulham,Sunderland,1,0
12439,Premier League,2025/2026,Liverpool,Nott'm Forest,0,3
12440,Premier League,2025/2026,Wolves,Crystal Palace,0,2
12441,Premier League,2025/2026,Newcastle,Man City,2,1
12442,Premier League,2025/2026,Leeds,Aston Villa,1,2
12443,Premier League,2025/2026,Arsenal,Tottenham,4,1
12444,Premier League,2025/2026,Man United,Everton,0,1
12445,Premier League,2025/2026,Brentford,Burnley,3,1
12446,Premier League,2025/2026,Man City,Leeds,3,2
12447,Premier League,2025/2026,Sunderland,Bournemouth,3,2
12448,Premier League,2025/2026,Everton,Newcastle,1,4
12449,Premier League,2025/2026,Tottenham,Fulham,1,2
12450,Premier League,2025/2026,Crystal Palace,Man United,1,2
12451,Premier League,2025/2026,Aston Villa,Wolves,1,0
12452,Premier League,2025/2026,Nott'm Forest,Brighton,0,2
12453,Premier League,2025/2026,West Ham,Liverpool,0,2
12454,Premier League,2025/2026,Chelsea,Arsenal,1,1
12455,Premier League,2025/2026,Bournemouth,Everton,0,1
12456,Premier League,2025/2026,Fulham,Man City,4,5
12457,Premier League,2025/2026,Newcastle,Tottenham,2,2
12458,Premier League,2025/2026,Arsenal,Brentford,2,0
12459,Premier League,2025/2026,Brighton,Aston Villa,3,4
12460,Premier League,2025/2026,Burnley,Crystal Palace,0,1
12461,Premier League,2025/2026,Wolves,Nott'm Forest,0,1
12462,Premier League,2025/2026,Leeds,Chelsea,3,1
12463,Premier League,2025/2026,Liverpool,Sunderland,1,1
12464,Premier League,2025/2026,Man United,West Ham,1,1
12465,Premier League,2025/2026,Aston Villa,Arsenal,2,1
12466,Premier League,2025/2026,Bournemouth,Chelsea,0,0
12467,Premier League,2025/2026,Everton,Nott'm Forest,3,0
12468,Premier League,2025/2026,Man City,Sunderland,3,0
12469,Premier League,2025/2026,Newcastle,Burnley,2,1
12470,Premier League,2025/2026,Tottenham,Brentford,2,0
12471,Premier League,2025/2026,Leeds,Liverpool,3,3
12472,Premier League,2025/2026,Brighton,West Ham,1,1
12473,Premier League,2025/2026,Fulham,Crystal Palace,1,2
12474,Premier League,2025/2026,Wolves,Man United,1,4
12475,Premier League,2025/2026,Chelsea,Everton,2,0
12476,Premier League,2025/2026,Liverpool,Brighton,2,0
12477,Premier League,2025/2026,Burnley,Fulham,2,3
12478,Premier League,2025/2026,Arsenal,Wolves,2,1
12479,Premier League,2025/2026,Crystal Palace,Man City,0,3
12480,Premier League,2025/2026,Nott'm Forest,Tottenham,3,0
12481,Premier League,2025/2026,Sunderland,Newcastle,1,0
12482,Premier League,2025/2026,West Ham,Aston Villa,2,3
12483,Premier League,2025/2026,Brentford,Leeds,1,1
12484,Premier League,2025/2026,Man United,Bournemouth,4,4
12485,Premier League,2025/2026,Newcastle,Chelsea,2,2
12486,Premier League,2025/2026,Bournemouth,Burnley,1,1
12487,Premier League,2025/2026,Brighton,Sunderland,0,0
12488,Premier League,2025/2026,Man City,West Ham,3,0
12489,Premier League,2025/2026,Wolves,Brentford,0,2
12490,Premier League,2025/2026,Tottenham,Liverpool,1,2
12491,Premier League,2025/2026,Everton,Arsenal,0,1
12492,Premier League,2025/2026,Leeds,Crystal Palace,4,1
12493,Premier League,2025/2026,Aston Villa,Man United,2,1
12494,Premier League,2025/2026,Fulham,Nott'm Forest,1,0
12495,Premier League,2025/2026,Man United,Newcastle,1,0
12496,Premier League,2025/2026,Nott'm Forest,Man City,1,2
12497,Premier League,2025/2026,Arsenal,Brighton,2,1
12498,Premier League,2025/2026,Brentford,Bournemouth,4,1
12499,Premier League,2025/2026,Burnley,Everton,0,0
12500,Premier League,2025/2026,Liverpool,Wolves,2,1
12501,Premier League,2025/2026,West Ham,Fulham,0,1
12502,Premier League,2025/2026,Chelsea,Aston Villa,1,2
12503,Premier League,2025/2026,Sunderland,Leeds,1,1
12504,Premier League,2025/2026,Crystal Palace,Tottenham,0,1
12505,Premier League,2025/2026,Burnley,Newcastle,1,3
12506,Premier League,2025/2026,Chelsea,Bournemouth,2,2
12507,Premier League,2025/2026,Nott'm Forest,Everton,0,2
12508,Premier League,2025/2026,West Ham,Brighton,2,2
12509,Premier League,2025/2026,Arsenal,Aston Villa,4,1
12510,Premier League,2025/2026,Man United,Wolves,1,1
12511,Premier League,2025/2026,Crystal Palace,Fulham,1,1
12512,Premier League,2025/2026,Liverpool,Leeds,0,0
12513,Premier League,2025/2026,Brentford,Tottenham,0,0
12514,Premier League,2025/2026,Sunderland,Man City,0,0
12515,Premier League,2025/2026,Aston Villa,Nott'm Forest,3,1
12516,Premier League,2025/2026,Brighton,Burnley,2,0
12517,Premier League,2025/2026,Wolves,West Ham,3,0
12518,Premier League,2025/2026,Bournemouth,Arsenal,2,3
12519,Premier League,2025/2026,Leeds,Man United,1,1
12520,Premier League,2025/2026,Everton,Brentford,2,4
12521,Premier League,2025/2026,Newcastle,Crystal Palace,2,0
12522,Premier League,2025/2026,Tottenham,Sunderland,1,1
12523,Premier League,2025/2026,Fulham,Liverpool,2,2
12524,Premier League,2025/2026,Man City,Chelsea,1,1
12525,Premier League,2025/2026,West Ham,Nott'm Forest,1,2
12526,Premier League,2025/2026,Bournemouth,Tottenham,3,2
12527,Premier League,2025/2026,Brentford,Sunderland,3,0
12528,Premier League,2025/2026,Crystal Palace,Aston Villa,0,0
12529,Premier League,2025/2026,Everton,Wolves,1,1
12530,Premier League,2025/2026,Fulham,Chelsea,2,1
12531,Premier League,2025/2026,Man City,Brighton,1,1
12532,Premier League,2025/2026,Burnley,Man United,2,2
12533,Premier League,2025/2026,Newcastle,Leeds,4,3
12534,Premier League,2025/2026,Arsenal,Liverpool,0,0
12535,Premier League,2025/2026,Man United,Man City,2,0
12536,Premier League,2025/2026,Chelsea,Brentford,2,0
12537,Premier League,2025/2026,Leeds,Fulham,1,0
12538,Premier League,2025/2026,Liverpool,Burnley,1,1
12539,Premier League,2025/2026,Sunderland,Crystal Palace,2,1
12540,Premier League,2025/2026,Tottenham,West Ham,1,2
12541,Premier League,2025/2026,Nott'm Forest,Arsenal,0,0
12542,Premier League,2025/2026,Wolves,Newcastle,0,0
12543,Premier League,2025/2026,Aston Villa,Everton,0,1
12544,Premier League,2025/2026,Brighton,Bournemouth,1,1
12545,Premier League,2025/2026,West Ham,Sunderland,3,1
12546,Premier League,2025/2026,Burnley,Tottenham,2,2
12547,Premier League,2025/2026,Fulham,Brighton,2,1
12548,Premier League,2025/2026,Man City,Wolves,2,0
12549,Premier League,2025/2026,Bournemouth,Liverpool,3,2
12550,Premier League,2025/2026,Brentford,Nott'm Forest,0,2
12551,Premier League,2025/2026,Crystal Palace,Chelsea,1,3
12552,Premier League,2025/2026,Newcastle,Aston Villa,0,2
12553,Premier League,2025/2026,Arsenal,Man United,2,3
12554,Premier League,2025/2026,Everton,Leeds,1,1
12555,Premier League,2025/2026,Brighton,Everton,1,1
12556,Premier League,2025/2026,Leeds,Arsenal,0,4
12557,Premier League,2025/2026,Wolves,Bournemouth,0,2
12558,Premier League,2025/2026,Chelsea,West Ham,3,2
12559,Premier League,2025/2026,Liverpool,Newcastle,4,1
12560,Premier League,2025/2026,Aston Villa,Brentford,0,1
12561,Premier League,2025/2026,Man United,Fulham,3,2
12562,Premier League,2025/2026,Nott'm Forest,Crystal Palace,1,1
12563,Premier League,2025/2026,Tottenham,Man City,2,2
12564,Premier League,2025/2026,Sunderland,Burnley,3,0
12565,Premier League,2025/2026,Leeds,Nott'm Forest,3,1
12566,Premier League,2025/2026,Man United,Tottenham,2,0
12567,Premier League,2025/2026,Arsenal,Sunderland,3,0
12568,Premier League,2025/2026,Bournemouth,Aston Villa,1,1
12569,Premier League,2025/2026,Burnley,West Ham,0,2
12570,Premier League,2025/2026,Fulham,Everton,1,2
12571,Premier League,2025/2026,Wolves,Chelsea,1,3
12572,Premier League,2025/2026,Newcastle,Brentford,2,3
12573,Premier League,2025/2026,Brighton,Crystal Palace,0,1
12574,Premier League,2025/2026,Liverpool,Man City,1,2
12575,Premier League,2025/2026,Chelsea,Leeds,2,2
12576,Premier League,2025/2026,Everton,Bournemouth,1,2
12577,Premier League,2025/2026,Tottenham,Newcastle,1,2
12578,Premier League,2025/2026,West Ham,Man United,1,1
12579,Premier League,2025/2026,Aston Villa,Brighton,1,0
12580,Premier League,2025/2026,Crystal Palace,Burnley,2,3
12581,Premier League,2025/2026,Man City,Fulham,3,0
12582,Premier League,2025/2026,Nott'm Forest,Wolves,0,0
12583,Premier League,2025/2026,Sunderland,Liverpool,0,1
12584,Premier League,2025/2026,Brentford,Arsenal,1,1
12585,Premier League,2025/2026,Wolves,Arsenal,2,2
12586,Premier League,2025/2026,Aston Villa,Leeds,1,1
12587,Premier League,2025/2026,Brentford,Brighton,0,2
12588,Premier League,2025/2026,Chelsea,Burnley,1,1
12589,Premier League,2025/2026,West Ham,Bournemouth,0,0
12590,Premier League,2025/2026,Man City,Newcastle,2,1
12591,Premier League,2025/2026,Crystal Palace,Wolves,1,0
12592,Premier League,2025/2026,Nott'm Forest,Liverpool,0,1
12593,Premier League,2025/2026,Sunderland,Fulham,1,3
12594,Premier League,2025/2026,Tottenham,Arsenal,1,4
12595,Premier League,2025/2026,Everton,Man United,0,1
12596,Premier League,2025/2026,Wolves,Aston Villa,2,0
12597,Premier League,2025/2026,Bournemouth,Sunderland,1,1
12598,Premier League,2025/2026,Burnley,Brentford,3,4
12599,Premier League,2025/2026,Liverpool,West Ham,5,2
12600,Premier League,2025/2026,Newcastle,Everton,2,3
12601,Premier League,2025/2026,Leeds,Man City,0,1
12602,Premier League,2025/2026,Brighton,Nott'm Forest,2,1
12603,Premier League,2025/2026,Fulham,Tottenham,2,1
12604,Premier League,2025/2026,Man United,Crystal Palace,2,1
12605,Premier League,2025/2026,Arsenal,Chelsea,2,1
12606,Premier League,2025/2026,Bournemouth,Brentford,0,0
12607,Premier League,2025/2026,Everton,Burnley,2,0
12608,Premier League,2025/2026,Leeds,Sunderland,0,1
12609,Premier League,2025/2026,Wolves,Liverpool,2,1
12610,Premier League,2025/2026,Aston Villa,Chelsea,1,4
12611,Premier League,2025/2026,Brighton,Arsenal,0,1
12612,Premier League,2025/2026,Fulham,West Ham,0,1
12613,Premier League,2025/2026,Man City,Nott'm Forest,2,2
12614,Premier League,2025/2026,Newcastle,Man United,2,1
12615,Premier League,2025/2026,Tottenham,Crystal Palace,1,3
12616,Premier League,2025/2026,Burnley,Bournemouth,0,0
12617,Premier League,2025/2026,Sunderland,Brighton,0,1
12618,Premier League,2025/2026,Arsenal,Everton,2,0
12619,Premier League,2025/2026,Chelsea,Newcastle,0,1
12620,Premier League,2025/2026,West Ham,Man City,1,1
12621,Premier League,2025/2026,Crystal Palace,Leeds,0,0
12622,Premier League,2025/2026,Man United,Aston Villa,3,1
12623,Premier League,2025/2026,Nott'm Forest,Fulham,0,0
12624,Premier League,2025/2026,Liverpool,Tottenham,1,1
12625,Premier League,2025/2026,Brentford,Wolves,2,2
12626,Premier League,2025/2026,Bournemouth,Man United,2,2
12627,Premier League,2025/2026,Brighton,Liverpool,2,1
12628,Premier League,2025/2026,Fulham,Burnley,3,1
12629,Premier League,2025/2026,Everton,Chelsea,3,0
12630,Premier League,2025/2026,Leeds,Brentford,0,0
12631,Premier League,2025/2026,Newcastle,Sunderland,1,2
12632,Premier League,2025/2026,Aston Villa,West Ham,2,0
12633,Premier League,2025/2026,Tottenham,Nott'm Forest,0,3
12634,Premier League,2025/2026,West Ham,Wolves,4,0
12635,Premier League,2025/2026,Arsenal,Bournemouth,1,2
12636,Premier League,2025/2026,Brentford,Everton,2,2
12637,Premier League,2025/2026,Burnley,Brighton,0,2
12638,Premier League,2025/2026,Liverpool,Fulham,2,0
12639,Premier League,2025/2026,Crystal Palace,Newcastle,2,1
12640,Premier League,2025/2026,Nott'm Forest,Aston Villa,1,1
12641,Premier League,2025/2026,Sunderland,Tottenham,1,0
12642,Premier League,2025/2026,Chelsea,Man City,0,3
12643,Premier League,2025/2026,Man United,Leeds,1,2
12644,Premier League,2025/2026,Brentford,Fulham,0,0
12645,Premier League,2025/2026,Leeds,Wolves,3,0
12646,Premier League,2025/2026,Newcastle,Bournemouth,1,2
12647,Premier League,2025/2026,Tottenham,Brighton,2,2
12648,Premier League,2025/2026,Chelsea,Man United,0,1
12649,Premier League,2025/2026,Aston Villa,Sunderland,4,3
12650,Premier League,2025/2026,Everton,Liverpool,1,2
12651,Premier League,2025/2026,Nott'm Forest,Burnley,4,1
12652,Premier League,2025/2026,Man City,Arsenal,2,1
12653,Premier League,2025/2026,Crystal Palace,West Ham,0,0
12654,Premier League,2025/2026,Brighton,Chelsea,3,0
12655,Premier League,2025/2026,Bournemouth,Leeds,2,2
12656,Premier League,2025/2026,Burnley,Man City,0,1
12657,Premier League,2025/2026,Sunderland,Nott'm Forest,0,5
12658,Premier League,2025/2026,Fulham,Aston Villa,1,0
12659,Premier League,2025/2026,Liverpool,Crystal Palace,3,1
12660,Premier League,2025/2026,West Ham,Everton,2,1
12661,Premier League,2025/2026,Wolves,Tottenham,0,1
12662,Premier League,2025/2026,Arsenal,Newcastle,1,0
12663,Premier League,2025/2026,Man United,Brentford,2,1
12664,Premier League,2025/2026,Leeds,Burnley,3,1
12665,Premier League,2025/2026,Brentford,West Ham,3,0
12666,Premier League,2025/2026,Newcastle,Brighton,3,1
12667,Premier League,2025/2026,Wolves,Sunderland,1,1
12668,Premier League,2025/2026,Arsenal,Fulham,3,0
12669,Premier League,2025/2026,Bournemouth,Crystal Palace,3,0
12670,Premier League,2025/2026,Man United,Liverpool,3,2
12671,Premier League,2025/2026,Aston Villa,Tottenham,1,2
12672,Premier League,2025/2026,Chelsea,Nott'm Forest,1,3
12673,Premier League,2025/2026,Everton,Man City,3,3
12674,Premier League,2025/2026,Liverpool,Chelsea,1,1
12675,Premier League,2025/2026,Brighton,Wolves,3,0
12676,Premier League,2025/2026,Fulham,Bournemouth,0,1
12677,Premier League,2025/2026,Sunderland,Man United,0,0
12678,Premier League,2025/2026,Man City,Brentford,3,0
12679,Premier League,2025/2026,Burnley,Aston Villa,2,2
12680,Premier League,2025/2026,Crystal Palace,Everton,2,2
12681,Premier League,2025/2026,Nott'm Forest,Newcastle,1,1
12682,Premier League,2025/2026,West Ham,Arsenal,0,1
12683,Premier League,2025/2026,Tottenham,Leeds,1,1
12684,Premier League,2025/2026,Man City,Crystal Palace,3,0
12685,Premier League,2025/2026,Aston Villa,Liverpool,4,2
12686,Premier League,2025/2026,Man United,Nott'm Forest,3,2
12687,Premier League,2025/2026,Brentford,Crystal Palace,2,2
12688,Premier League,2025/2026,Everton,Sunderland,1,3
12689,Premier League,2025/2026,Leeds,Brighton,1,0
12690,Premier League,2025/2026,Wolves,Fulham,1,1
12691,Premier League,2025/2026,Newcastle,West Ham,3,1
12692,Premier League,2025/2026,Arsenal,Burnley,1,0
12693,Premier League,2025/2026,Bournemouth,Man City,1,1
12694,Premier League,2025/2026,Chelsea,Tottenham,2,1
12695,Premier League,2025/2026,Brighton,Man United,0,3
12696,Premier League,2025/2026,Burnley,Wolves,1,1
12697,Premier League,2025/2026,Crystal Palace,Arsenal,1,2
12698,Premier League,2025/2026,Fulham,Newcastle,2,0
12699,Premier League,2025/2026,Liverpool,Brentford,1,1
12700,Premier League,2025/2026,Man City,Aston Villa,1,2
12701,Premier League,2025/2026,Nott'm Forest,Bournemouth,1,1
12702,Premier League,2025/2026,Sunderland,Chelsea,2,1
12703,Premier League,2025/2026,Tottenham,Everton,1,0
12704,Premier League,2025/2026,West Ham,Leeds,3,0
